mtllib GlasHemisphere 17 inches_Standard.mtl
o empty_2
usemtl material330
v 0 0 0.20190000534057617
v 0 0.01667276956140995 0.2012104094028473
v 0 0.03323164954781532 0.1991463452577591
v 0 0.04956351965665817 0.19572190940380096
v 0 0.06555682420730591 0.19096049666404724
v 0 0.08110230416059494 0.1848946362733841
v 0 0.09609378129243851 0.17756575345993042
v 0 0.1104288324713707 0.16902391612529755
v 0 0.12400954961776733 0.1593274623155594
v 0 0.13674314320087433 0.14854265749454498
v 0 0.14854265749454498 0.13674314320087433
v 0 0.1593274623155594 0.12400954961776733
v 0 0.16902391612529755 0.1104288324713707
v 0 0.17756575345993042 0.09609378129243851
v 0 0.1848946362733841 0.08110230416059494
v 0 0.19096049666404724 0.06555682420730591
v 0 0.19572190940380096 0.04956351965665817
v 0 0.1991463452577591 0.03323164954781532
v 0 0.2012104094028473 0.01667276956140995
v 0 0.20190000534057617 1.2362809824646037e-17
v 2.4725619649292074e-17 0 -0.20190000534057617
v 2.464116781747286e-17 0.01667276956140995 -0.2012104094028473
v 2.438839300280523e-17 0.03323164954781532 -0.1991463452577591
v 2.396902070404697e-17 0.04956351965665817 -0.19572190940380096
v 2.3385916274839965e-17 0.06555682420730591 -0.19096049666404724
v 2.2643061762653043e-17 0.08110230416059494 -0.1848946362733841
v 2.174553274772483e-17 0.09609378129243851 -0.17756575345993042
v 2.0699458638394345e-17 0.1104288324713707 -0.16902391612529755
v 1.951198792951527e-17 0.12400954961776733 -0.1593274623155594
v 1.819122864545185e-17 0.13674314320087433 -0.14854265749454498
v 1.674620532668704e-17 0.14854265749454498 -0.13674314320087433
v 1.5186789546651047e-17 0.1593274623155594 -0.12400954961776733
v 1.3523632082911103e-17 0.16902391612529755 -0.1104288324713707
v 1.1768093434000012e-17 0.17756575345993042 -0.09609378129243851
v 9.932167718799792e-18 0.1848946362733841 -0.08110230416059494
v 8.028394995396748e-18 0.19096049666404724 -0.06555682420730591
v 6.069780610971744e-18 0.19572190940380096 -0.04956351965665817
v 4.069702971161907e-18 0.1991463452577591 -0.03323164954781532
v 2.041825445325388e-18 0.2012104094028473 -0.01667276956140995
v -0.01667276956140995 0 -0.2012104094028473
v -0.03323164954781532 0 -0.1991463452577591
v -0.04956351965665817 0 -0.19572190940380096
v -0.06555682420730591 0 -0.19096049666404724
v -0.08110230416059494 0 -0.1848946362733841
v -0.09609378129243851 0 -0.17756575345993042
v -0.1104288324713707 0 -0.16902391612529755
v -0.12400954961776733 0 -0.1593274623155594
v -0.13674314320087433 0 -0.14854265749454498
v -0.14854265749454498 0 -0.13674314320087433
v -0.1593274623155594 0 -0.12400954961776733
v -0.16902391612529755 0 -0.1104288324713707
v -0.17756575345993042 0 -0.09609378129243851
v -0.1848946362733841 0 -0.08110230416059494
v -0.19096049666404724 0 -0.06555682420730591
v -0.19572190940380096 0 -0.04956351965665817
v -0.1991463452577591 0 -0.03323164954781532
v -0.2012104094028473 0 -0.01667276956140995
v -0.20190000534057617 0 -3.708842947393811e-17
v -0.20190000534057617 0 -3.708842947393811e-17
v -0.2012104094028473 0 0.01667276956140995
v -0.1991463452577591 0 0.03323164954781532
v -0.19572190940380096 0 0.04956351965665817
v -0.19096049666404724 0 0.06555682420730591
v -0.1848946362733841 0 0.08110230416059494
v -0.17756575345993042 0 0.09609378129243851
v -0.16902391612529755 0 0.1104288324713707
v -0.1593274623155594 0 0.12400954961776733
v -0.14854265749454498 0 0.13674314320087433
v -0.13674314320087433 0 0.14854265749454498
v -0.12400954961776733 0 0.1593274623155594
v -0.1104288324713707 0 0.16902391612529755
v -0.09609378129243851 0 0.17756575345993042
v -0.08110230416059494 0 0.1848946362733841
v -0.06555682420730591 0 0.19096049666404724
v -0.04956351965665817 0 0.19572190940380096
v -0.03323164954781532 0 0.1991463452577591
v -0.01667276956140995 0 0.2012104094028473
v -0.2012104094028473 0.0006890018121339381 -0.01665852777659893
v -0.2012104094028473 0.002062298823148012 -0.016544733196496964
v -0.2012104094028473 0.003421508241444826 -0.01631792075932026
v -0.1991463452577591 0.0027442476712167263 -0.03311814367771149
v -0.2012104094028473 0.00475734518840909 -0.015979640185832977
v -0.1991463452577591 0.005469749681651592 -0.032778412103652954
v -0.19572190940380096 0.002048211172223091 -0.04952118173241615
v -0.2012104094028473 0.0060606845654547215 -0.015532203949987888
v -0.1991463452577591 0.008157887496054173 -0.03221476823091507
v -0.19572190940380096 0.006130642257630825 -0.04918289929628372
v -0.2012104094028473 0.007322623860090971 -0.014978665858507156
v -0.1991463452577591 0.010790298692882061 -0.03143106400966644
v -0.19572190940380096 0.010171194560825825 -0.0485086515545845
v -0.19096049666404724 0.005413639359176159 -0.06533291190862656
v -0.2012104094028473 0.008534541353583336 -0.01432280894368887
v -0.1991463452577591 0.013349001295864582 -0.030432656407356262
v -0.19572190940380096 0.014142267405986786 -0.0475030392408371
v -0.19096049666404724 0.010790298692882061 -0.06466270983219147
v -0.2012104094028473 0.009688160382211208 -0.013569111935794353
v -0.1848946362733841 0.003351550782099366 -0.08103302866220474
v -0.1991463452577591 0.015816515311598778 -0.029226362705230713
v -0.19572190940380096 0.018016735091805458 -0.04617293179035187
v -0.19096049666404724 0.01609324850142002 -0.06355080008506775
v -0.2012104094028473 0.01077559869736433 -0.012722725048661232
v -0.1848946362733841 0.01003175787627697 -0.08047948777675629
v -0.1991463452577591 0.018175989389419556 -0.027820421382784843
v -0.19572190940380096 0.021768128499388695 -0.04452741891145706
v -0.19096049666404724 0.021286265924572945 -0.06200477480888367
v -0.2012104094028473 0.011789429001510143 -0.011789429001510143
v -0.1848946362733841 0.01664343662559986 -0.07937619090080261
v -0.1991463452577591 0.020411301404237747 -0.026224439963698387
v -0.17756575345993042 0.007935361005365849 -0.09576556831598282
v -0.19572190940380096 0.025370825082063675 -0.04257773607969284
v -0.19096049666404724 0.026333875954151154 -0.06003519147634506
v -0.2012104094028473 0.012722725048661232 -0.01077559869736433
v -0.1848946362733841 0.023141425102949142 -0.0777306780219078
v -0.1991463452577591 0.022507183253765106 -0.024449318647384644
v -0.17756575345993042 0.015816515311598778 -0.09478318691253662
v -0.19572190940380096 0.02880021184682846 -0.0403372086584568
v -0.16902391612529755 0.004563468508422375 -0.11033450067043304
v -0.19096049666404724 0.031201599165797234 -0.05765550583600998
v -0.2012104094028473 0.013569111935794353 -0.009688160382211208
v -0.1848946362733841 0.02948133461177349 -0.07555418461561203
v -0.1991463452577591 0.024449318647384644 -0.022507183253765106
v -0.17756575345993042 0.02358962781727314 -0.09315333515405655
v -0.19572190940380096 0.03203286603093147 -0.03782113268971443
v -0.16902391612529755 0.01365923322737217 -0.10958080738782883
v -0.19096049666404724 0.035856183618307114 -0.054881975054740906
v -0.2012104094028473 0.01432280894368887 -0.008534541353583336
v -0.1848946362733841 0.03561985492706299 -0.07286158204078674
v -0.1991463452577591 0.026224439963698387 -0.020411301404237747
v -0.17756575345993042 0.031201599165797234 -0.090887151658535
v -0.19572190940380096 0.03504670038819313 -0.03504670038819313
v -0.16902391612529755 0.022661691531538963 -0.10807856172323227
v -0.19096049666404724 0.04026583582162857 -0.05173354595899582
v -0.1593274623155594 0.010240627452731133 -0.12358599156141281
v -0.2012104094028473 0.014978665858507156 -0.007322623860090971
v -0.1848946362733841 0.041515059769153595 -0.06967125833034515
v -0.1991463452577591 0.027820421382784843 -0.018175989389419556
v -0.17756575345993042 0.03860042989253998 -0.08800011873245239
v -0.19572190940380096 0.03782113268971443 -0.03203286603093147
v -0.16902391612529755 0.03150934725999832 -0.10583803057670593
v -0.19096049666404724 0.044400427490472794 -0.04823172092437744
v -0.1593274623155594 0.020411301404237747 -0.12231821566820145
v -0.2012104094028473 0.015532203949987888 -0.0060606845654547215
v -0.1848946362733841 0.04712666943669319 -0.06600500643253326
v -0.14854265749454498 0.005650907289236784 -0.13662633299827576
v -0.1991463452577591 0.029226362705230713 -0.015816515311598778
v -0.17756575345993042 0.04573558270931244 -0.08451195806264877
v -0.19572190940380096 0.0403372086584568 -0.02880021184682846
v -0.16902391612529755 0.040141761302948 -0.1028745174407959
v -0.19096049666404724 0.04823172092437744 -0.044400427490472794
v -0.1593274623155594 0.03044254332780838 -0.12021488696336746
v -0.2012104094028473 0.015979640185832977 -0.00475734518840909
v -0.1848946362733841 0.0524163581430912 -0.06188787892460823
v -0.14854265749454498 0.016914119943976402 -0.1356930434703827
v -0.1991463452577591 0.030432656407356262 -0.013349001295864582
v -0.17756575345993042 0.05255831405520439 -0.08044648915529251
v -0.19572190940380096 0.04257773607969284 -0.025370825082063675
v -0.16902391612529755 0.04849996790289879 -0.09920826554298401
v -0.19096049666404724 0.05173354595899582 -0.04026583582162857
v -0.1593274623155594 0.04026583582162857 -0.11729037016630173
v -0.2012104094028473 0.01631792075932026 -0.003421508241444826
v -0.1848946362733841 0.057347990572452545 -0.057347990572452545
v -0.14854265749454498 0.028061792254447937 -0.13383282721042633
v -0.1991463452577591 0.03143106400966644 -0.010790298692882061
v -0.17756575345993042 0.05902202054858208 -0.07583149522542953
v -0.13674314320087433 0.012266555801033974 -0.14803530275821686
v -0.19572190940380096 0.04452741891145706 -0.021768128499388695
v -0.16902391612529755 0.05652686953544617 -0.09486432373523712
v -0.19096049666404724 0.054881975054740906 -0.035856183618307114
v -0.1593274623155594 0.04981406778097153 -0.113564632833004
v -0.2012104094028473 0.016544733196496964 -0.002062298823148012
v -0.1848946362733841 0.06188787892460823 -0.0524163581430912
v -0.14854265749454498 0.039017774164676666 -0.13105839490890503
v -0.1991463452577591 0.03221476823091507 -0.008157887496054173
v -0.17756575345993042 0.06508254259824753 -0.07069849222898483
v -0.13674314320087433 0.024449318647384644 -0.14651672542095184
v -0.19572190940380096 0.04617293179035187 -0.018016735091805458
v -0.16902391612529755 0.06416763365268707 -0.08987236768007278
v -0.12400954961776733 0.006584203336387873 -0.15919137001037598
v -0.19096049666404724 0.05765550583600998 -0.031201599165797234
v -0.1593274623155594 0.05902202054858208 -0.10906314104795456
v -0.2012104094028473 0.01665852777659893 -0.0006890018121339381
v -0.1848946362733841 0.06600500643253326 -0.04712666943669319
v -0.14854265749454498 0.04970722645521164 -0.12738870084285736
v -0.1991463452577591 0.032778412103652954 -0.005469749681651592
v -0.17756575345993042 0.07069849222898483 -0.06508254259824753
v -0.13674314320087433 0.03646506741642952 -0.14399729669094086
v -0.19572190940380096 0.0475030392408371 -0.014142267405986786
v -0.16902391612529755 0.07137007266283035 -0.08426648378372192
v -0.12400954961776733 0.019707633182406425 -0.15810392796993256
v -0.19096049666404724 0.06003519147634506 -0.026333875954151154
v -0.1593274623155594 0.06782679259777069 -0.10381663590669632
v -0.2012104094028473 0.01665852777659893 0.0006890018121339381
v -0.1848946362733841 0.06967125833034515 -0.041515059769153595
v -0.14854265749454498 0.060057125985622406 -0.12284880876541138
v -0.1991463452577591 0.03311814367771149 -0.0027442476712167263
v -0.17756575345993042 0.07583149522542953 -0.05902202054858208
v -0.13674314320087433 0.04823172092437744 -0.1404942125082016
v -0.19572190940380096 0.0485086515545845 -0.010171194560825825
v -0.16902391612529755 0.07808497548103333 -0.07808497548103333
v -0.12400954961776733 0.0326964408159256 -0.15593647956848145
v -0.19096049666404724 0.06200477480888367 -0.021286265924572945
v -0.1593274623155594 0.0761682391166687 -0.09786095470190048
v -0.1104288324713707 0.013957884162664413 -0.1684466153383255
v -0.2012104094028473 0.016544733196496964 0.002062298823148012
v -0.1848946362733841 0.07286158204078674 -0.03561985492706299
v -0.14854265749454498 0.06999677419662476 -0.11746974289417267
v -0.1991463452577591 0.03323164954781532 -6.1045544567428605e-18
v -0.17756575345993042 0.08044648915529251 -0.05255831405520439
v -0.13674314320087433 0.05966890603303909 -0.1360314041376114
v -0.19572190940380096 0.04918289929628372 -0.006130642257630825
v -0.16902391612529755 0.08426648378372192 -0.07137007266283035
v -0.12400954961776733 0.04546189680695534 -0.15270382165908813
v -0.19096049666404724 0.06355080008506775 -0.01609324850142002
v -0.1593274623155594 0.08398938179016113 -0.09123678505420685
v -0.1104288324713707 0.027820421382784843 -0.16671864688396454
v -0.2012104094028473 0.01631792075932026 0.003421508241444826
v -0.1848946362733841 0.07555418461561203 -0.02948133461177349
v -0.14854265749454498 0.07945827394723892 -0.11128823459148407
v -0.09609378129243851 0.007337899878621101 -0.17741405963897705
v -0.1991463452577591 0.03311814367771149 0.0027442476712167263
v -0.17756575345993042 0.08451195806264877 -0.04573558270931244
v -0.13674314320087433 0.07069849222898483 -0.13063937425613403
v -0.19572190940380096 0.04952118173241615 -0.002048211172223091
v -0.16902391612529755 0.08987236768007278 -0.06416763365268707
v -0.12400954961776733 0.057916805148124695 -0.1484280526638031
v -0.19096049666404724 0.06466270983219147 -0.010790298692882061
v -0.1593274623155594 0.09123678505420685 -0.08398938179016113
v -0.1104288324713707 0.04149291664361954 -0.16385182738304138
v -0.2012104094028473 0.015979640185832977 0.00475734518840909
v -0.1848946362733841 0.0777306780219078 -0.023141425102949142
v -0.14854265749454498 0.08837699145078659 -0.10434652119874954
v -0.09609378129243851 0.02196357399225235 -0.17620214819908142
v -0.1991463452577591 0.032778412103652954 0.005469749681651592
v -0.17756575345993042 0.08800011873245239 -0.03860042989253998
v -0.13674314320087433 0.08124513179063797 -0.12435493618249893
v -0.19572190940380096 0.04952118173241615 0.002048211172223091
v -0.16902391612529755 0.09486432373523712 -0.05652686953544617
v -0.12400954961776733 0.0699760839343071 -0.1431383639574051
v -0.19096049666404724 0.06533291190862656 -0.005413639359176159
v -0.1593274623155594 0.09786095470190048 -0.0761682391166687
v -0.1104288324713707 0.054881975054740906 -0.15986573696136475
v -0.2012104094028473 0.015532203949987888 0.0060606845654547215
v -0.1848946362733841 0.07937619090080261 -0.01664343662559986
v -0.14854265749454498 0.09669201076030731 -0.09669201076030731
v -0.09609378129243851 0.03643921762704849 -0.17378659546375275
v -0.1991463452577591 0.03221476823091507 0.008157887496054173
v -0.17756575345993042 0.090887151658535 -0.031201599165797234
v -0.13674314320087433 0.09123678505420685 -0.11722102761268616
v -0.08110230416059494 0.015268477611243725 -0.18426312506198883
v -0.19572190940380096 0.04918289929628372 0.006130642257630825
v -0.16902391612529755 0.09920826554298401 -0.04849996790289879
v -0.12400954961776733 0.08155734837055206 -0.13687089085578918
v -0.19096049666404724 0.06555682420730591 -1.2042593320275734e-17
v -0.1593274623155594 0.10381663590669632 -0.06782679259777069
v -0.1104288324713707 0.06789613515138626 -0.1547875851392746
v -0.2012104094028473 0.014978665858507156 0.007322623860090971
v -0.1848946362733841 0.08047948777675629 -0.01003175787627697
v -0.14854265749454498 0.10434652119874954 -0.08837699145078659
v -0.09609378129243851 0.05066594108939171 -0.17018389701843262
v -0.1991463452577591 0.03143106400966644 0.010790298692882061
v -0.17756575345993042 0.09315333515405655 -0.02358962781727314
v -0.13674314320087433 0.10060520470142365 -0.10928638279438019
v -0.08110230416059494 0.030432656407356262 -0.18237291276454926
v -0.19572190940380096 0.0485086515545845 0.010171194560825825
v -0.16902391612529755 0.1028745174407959 -0.040141761302948
v -0.12400954961776733 0.09258149564266205 -0.1296684592962265
v -0.06555682420730591 0.007891437970101833 -0.1907973736524582
v -0.19096049666404724 0.06533291190862656 0.005413639359176159
v -0.1593274623155594 0.10906314104795456 -0.05902202054858208
v -0.1104288324713707 0.08044648915529251 -0.1486520916223526
v -0.2012104094028473 0.01432280894368887 0.008534541353583336
v -0.1848946362733841 0.08103302866220474 -0.003351550782099366
v -0.14854265749454498 0.11128823459148407 -0.07945827394723892
v -0.09609378129243851 0.06454656273126602 -0.16541866958141327
v -0.1991463452577591 0.030432656407356262 0.013349001295864582
v -0.17756575345993042 0.09478318691253662 -0.015816515311598778
v -0.13674314320087433 0.10928638279438019 -0.10060520470142365
v -0.08110230416059494 0.045388948172330856 -0.17923690378665924
v -0.19572190940380096 0.0475030392408371 0.014142267405986786
v -0.16902391612529755 0.10583803057670593 -0.03150934725999832
v -0.12400954961776733 0.10297322273254395 -0.12158025056123734
v -0.06555682420730591 0.023620406165719032 -0.1894940286874771
v -0.19096049666404724 0.06466270983219147 0.010790298692882061
v -0.1593274623155594 0.113564632833004 -0.04981406778097153
v -0.1104288324713707 0.09244731813669205 -0.14150115847587585
v -0.2012104094028473 0.013569111935794353 0.009688160382211208
v -0.1848946362733841 0.08103302866220474 0.003351550782099366
v -0.14854265749454498 0.11746974289417267 -0.06999677419662476
v -0.09609378129243851 0.07798627018928528 -0.15952347218990326
v -0.1991463452577591 0.029226362705230713 0.015816515311598778
v -0.17756575345993042 0.09576556831598282 -0.007935361005365849
v -0.13674314320087433 0.11722102761268616 -0.09123678505420685
v -0.08110230416059494 0.06003519147634506 -0.17487652599811554
v -0.19572190940380096 0.04617293179035187 0.018016735091805458
v -0.16902391612529755 0.10807856172323227 -0.022661691531538963
v -0.12400954961776733 0.11266153305768967 -0.11266153305768967
v -0.06555682420730591 0.039188023656606674 -0.18689626455307007
v -0.19096049666404724 0.06355080008506775 0.01609324850142002
v -0.1593274623155594 0.11729037016630173 -0.04026583582162857
v -0.1104288324713707 0.10381663590669632 -0.1333836168050766
v -0.04956351965665817 0.016162587329745293 -0.19505342841148376
v -0.2012104094028473 0.012722725048661232 0.01077559869736433
v -0.1848946362733841 0.08047948777675629 0.01003175787627697
v -0.14854265749454498 0.12284880876541138 -0.060057125985622406
v -0.09609378129243851 0.09089325368404388 -0.15253855288028717
v -0.1991463452577591 0.027820421382784843 0.018175989389419556
v -0.17756575345993042 0.09609378129243851 -1.7652140151000017e-17
v -0.13674314320087433 0.12435493618249893 -0.08124513179063797
v -0.08110230416059494 0.07427132874727249 -0.16932158172130585
v -0.19572190940380096 0.04452741891145706 0.021768128499388695
v -0.16902391612529755 0.10958080738782883 -0.01365923322737217
v -0.12400954961776733 0.12158025056123734 -0.10297322273254395
v -0.06555682420730591 0.05448794737458229 -0.18302179872989655
v -0.19096049666404724 0.06200477480888367 0.021286265924572945
v -0.1593274623155594 0.12021488696336746 -0.03044254332780838
v -0.1104288324713707 0.114476777613163 -0.12435493618249893
v -0.04956351965665817 0.03221476823091507 -0.1930525153875351
v -0.2012104094028473 0.011789429001510143 0.011789429001510143
v -0.1848946362733841 0.07937619090080261 0.01664343662559986
v -0.14854265749454498 0.12738870084285736 -0.04970722645521164
v -0.09609378129243851 0.10317934304475784 -0.1445116549730301
v -0.03323164954781532 0.00822971761226654 -0.19897623360157013
v -0.1991463452577591 0.026224439963698387 0.020411301404237747
v -0.17756575345993042 0.09576556831598282 0.007935361005365849
v -0.13674314320087433 0.13063937425613403 -0.07069849222898483
v -0.08110230416059494 0.08800011873245239 -0.1626099795103073
v -0.19572190940380096 0.04257773607969284 0.025370825082063675
v -0.16902391612529755 0.11033450067043304 -0.004563468508422375
v -0.12400954961776733 0.1296684592962265 -0.09258149564266205
v -0.06555682420730591 0.06941566616296768 -0.17789709568023682
v -0.19096049666404724 0.06003519147634506 0.026333875954151154
v -0.1593274623155594 0.12231821566820145 -0.020411301404237747
v -0.1104288324713707 0.12435493618249893 -0.114476777613163
v -0.04956351965665817 0.048046890646219254 -0.1897328794002533
v -0.2012104094028473 0.01077559869736433 0.012722725048661232
v -0.1848946362733841 0.0777306780219078 0.023141425102949142
v -0.14854265749454498 0.13105839490890503 -0.039017774164676666
v -0.09609378129243851 0.11476060748100281 -0.13549759984016418
v -0.03323164954781532 0.024632936343550682 -0.19761702418327332
v -0.1991463452577591 0.024449318647384644 0.022507183253765106
v -0.17756575345993042 0.09478318691253662 0.015816515311598778
v -0.13674314320087433 0.1360314041376114 -0.05966890603303909
v -0.08110230416059494 0.10112778097391129 -0.1547875851392746
v -0.19572190940380096 0.0403372086584568 0.02880021184682846
v -0.16902391612529755 0.11033450067043304 0.004563468508422375
v -0.12400954961776733 0.13687089085578918 -0.08155734837055206
v -0.06555682420730591 0.08386920392513275 -0.17155718803405762
v -0.19096049666404724 0.05765550583600998 0.031201599165797234
v -0.1593274623155594 0.12358599156141281 -0.010240627452731133
v -0.1104288324713707 0.1333836168050766 -0.10381663590669632
v -0.04956351965665817 0.06355080008506775 -0.18511715531349182
v -0.2012104094028473 0.009688160382211208 0.013569111935794353
v -0.1848946362733841 0.07555418461561203 0.02948133461177349
v -0.14854265749454498 0.13383282721042633 -0.028061792254447937
v -0.09609378129243851 0.12555794417858124 -0.12555794417858124
v -0.03323164954781532 0.0408678874373436 -0.19490788877010345
v -0.1991463452577591 0.022507183253765106 0.024449318647384644
v -0.17756575345993042 0.09315333515405655 0.02358962781727314
v -0.13674314320087433 0.1404942125082016 -0.04823172092437744
v -0.08110230416059494 0.113564632833004 -0.14590784907341003
v -0.01667276956140995 0.01661582477390766 -0.20052316784858704
v -0.19572190940380096 0.03782113268971443 0.03203286603093147
v -0.16902391612529755 0.10958080738782883 0.01365923322737217
v -0.12400954961776733 0.1431383639574051 -0.0699760839343071
v -0.06555682420730591 0.09774982184171677 -0.16404537856578827
v -0.19096049666404724 0.054881975054740906 0.035856183618307114
v -0.1593274623155594 0.12400954961776733 -2.2780183492795958e-17
v -0.1104288324713707 0.14150115847587585 -0.09244731813669205
v -0.04956351965665817 0.07862059772014618 -0.17923690378665924
v -0.2012104094028473 0.008534541353583336 0.01432280894368887
v -0.1848946362733841 0.07286158204078674 0.03561985492706299
v -0.14854265749454498 0.1356930434703827 -0.016914119943976402
v -0.09609378129243851 0.13549759984016418 -0.11476060748100281
v -0.03323164954781532 0.056823667138814926 -0.1908673346042633
v -0.1991463452577591 0.020411301404237747 0.026224439963698387
v -0.17756575345993042 0.090887151658535 0.031201599165797234
v -0.13674314320087433 0.14399729669094086 -0.03646506741642952
v -0.08110230416059494 0.1252257227897644 -0.1360314041376114
v -0.01667276956140995 0.03311814367771149 -0.19846616685390472
v -0.19572190940380096 0.03504670038819313 0.03504670038819313
v -0.16902391612529755 0.10807856172323227 0.022661691531538963
v -0.12400954961776733 0.1484280526638031 -0.057916805148124695
v -0.06555682420730591 0.11096271872520447 -0.155412957072258
v -0.19096049666404724 0.05173354595899582 0.04026583582162857
v -0.1593274623155594 0.12358599156141281 0.010240627452731133
v -0.1104288324713707 0.1486520916223526 -0.08044648915529251
v -0.04956351965665817 0.09315333515405655 -0.17213228344917297
v -0.2012104094028473 0.007322623860090971 0.014978665858507156
v -0.1848946362733841 0.06967125833034515 0.041515059769153595
v -0.14854265749454498 0.13662633299827576 -0.005650907289236784
v -0.09609378129243851 0.1445116549730301 -0.10317934304475784
v -0.03323164954781532 0.07239128649234772 -0.18552295863628387
v -0.1991463452577591 0.018175989389419556 0.027820421382784843
v -0.17756575345993042 0.08800011873245239 0.03860042989253998
v -0.13674314320087433 0.14651672542095184 -0.024449318647384644
v -0.08110230416059494 0.1360314041376114 -0.1252257227897644
v -0.01667276956140995 0.049394235014915466 -0.19505342841148376
v -0.19572190940380096 0.03203286603093147 0.03782113268971443
v -0.16902391612529755 0.10583803057670593 0.03150934725999832
v -0.12400954961776733 0.15270382165908813 -0.04546189680695534
v -0.06555682420730591 0.12341762334108353 -0.14571891725063324
v -0.19096049666404724 0.04823172092437744 0.044400427490472794
v -0.1593274623155594 0.12231821566820145 0.020411301404237747
v -0.1104288324713707 0.1547875851392746 -0.06789613515138626
v -0.04956351965665817 0.10704974085092545 -0.16385182738304138
v -0.2012104094028473 0.0060606845654547215 0.015532203949987888
v -0.1848946362733841 0.06600500643253326 0.04712666943669319
v -0.14854265749454498 0.13662633299827576 0.005650907289236784
v -0.09609378129243851 0.15253855288028717 -0.09089325368404388
v -0.03323164954781532 0.08746439963579178 -0.17891128361225128
v -0.1991463452577591 0.015816515311598778 0.029226362705230713
v -0.17756575345993042 0.08451195806264877 0.04573558270931244
v -0.13674314320087433 0.14803530275821686 -0.012266555801033974
v -0.08110230416059494 0.14590784907341003 -0.113564632833004
v -0.01667276956140995 0.06533291190862656 -0.19030827283859253
v -0.19572190940380096 0.02880021184682846 0.0403372086584568
v -0.16902391612529755 0.1028745174407959 0.040141761302948
v -0.12400954961776733 0.15593647956848145 -0.0326964408159256
v -0.06555682420730591 0.13502946496009827 -0.13502946496009827
v -0.19096049666404724 0.044400427490472794 0.04823172092437744
v -0.1593274623155594 0.12021488696336746 0.03044254332780838
v -0.1104288324713707 0.15986573696136475 -0.054881975054740906
v -0.04956351965665817 0.12021488696336746 -0.15445208549499512
v -0.2012104094028473 0.00475734518840909 0.015979640185832977
v -0.1848946362733841 0.06188787892460823 0.0524163581430912
v -0.14854265749454498 0.1356930434703827 0.016914119943976402
v -0.09609378129243851 0.15952347218990326 -0.07798627018928528
v -0.03323164954781532 0.10194003582000732 -0.17107746005058289
v -0.1991463452577591 0.013349001295864582 0.030432656407356262
v -0.17756575345993042 0.08044648915529251 0.05255831405520439
v -0.13674314320087433 0.14854265749454498 -2.728684379535839e-17
v -0.08110230416059494 0.1547875851392746 -0.10112778097391129
v -0.01667276956140995 0.08082529902458191 -0.18426312506198883
v -0.19572190940380096 0.025370825082063675 0.04257773607969284
v -0.16902391612529755 0.09920826554298401 0.04849996790289879
v -0.12400954961776733 0.15810392796993256 -0.019707633182406425
v -0.06555682420730591 0.14571891725063324 -0.12341762334108353
v -0.19096049666404724 0.04026583582162857 0.05173354595899582
v -0.1593274623155594 0.11729037016630173 0.04026583582162857
v -0.1104288324713707 0.16385182738304138 -0.04149291664361954
v -0.04956351965665817 0.13255885243415833 -0.14399729669094086
v -0.2012104094028473 0.003421508241444826 0.01631792075932026
v -0.1848946362733841 0.057347990572452545 0.057347990572452545
v -0.14854265749454498 0.13383282721042633 0.028061792254447937
v -0.09609378129243851 0.16541866958141327 -0.06454656273126602
v -0.03323164954781532 0.11571932584047318 -0.1620749980211258
v -0.1991463452577591 0.010790298692882061 0.03143106400966644
v -0.17756575345993042 0.07583149522542953 0.05902202054858208
v -0.13674314320087433 0.14803530275821686 0.012266555801033974
v -0.08110230416059494 0.1626099795103073 -0.08800011873245239
v -0.01667276956140995 0.09576556831598282 -0.17695927619934082
v -0.19572190940380096 0.021768128499388695 0.04452741891145706
v -0.16902391612529755 0.09486432373523712 0.05652686953544617
v -0.12400954961776733 0.15919137001037598 -0.006584203336387873
v -0.06555682420730591 0.155412957072258 -0.11096271872520447
v -0.19096049666404724 0.035856183618307114 0.054881975054740906
v -0.1593274623155594 0.113564632833004 0.04981406778097153
v -0.1104288324713707 0.16671864688396454 -0.027820421382784843
v -0.04956351965665817 0.14399729669094086 -0.13255885243415833
v -0.2012104094028473 0.002062298823148012 0.016544733196496964
v -0.1848946362733841 0.0524163581430912 0.06188787892460823
v -0.14854265749454498 0.13105839490890503 0.039017774164676666
v -0.09609378129243851 0.17018389701843262 -0.05066594108939171
v -0.03323164954781532 0.1287081390619278 -0.1519654095172882
v -0.1991463452577591 0.008157887496054173 0.03221476823091507
v -0.17756575345993042 0.07069849222898483 0.06508254259824753
v -0.13674314320087433 0.14651672542095184 0.024449318647384644
v -0.08110230416059494 0.16932158172130585 -0.07427132874727249
v -0.01667276956140995 0.11005166172981262 -0.1684466153383255
v -0.19572190940380096 0.018016735091805458 0.04617293179035187
v -0.16902391612529755 0.08987236768007278 0.06416763365268707
v -0.12400954961776733 0.15919137001037598 0.006584203336387873
v -0.06555682420730591 0.16404537856578827 -0.09774982184171677
v -0.19096049666404724 0.031201599165797234 0.05765550583600998
v -0.1593274623155594 0.10906314104795456 0.05902202054858208
v -0.1104288324713707 0.1684466153383255 -0.013957884162664413
v -0.04956351965665817 0.15445208549499512 -0.12021488696336746
v -0.2012104094028473 0.0006890018121339381 0.01665852777659893
v -0.1848946362733841 0.04712666943669319 0.06600500643253326
v -0.14854265749454498 0.12738870084285736 0.04970722645521164
v -0.09609378129243851 0.17378659546375275 -0.03643921762704849
v -0.03323164954781532 0.14081773161888123 -0.14081773161888123
v -0.1991463452577591 0.005469749681651592 0.032778412103652954
v -0.17756575345993042 0.06508254259824753 0.07069849222898483
v -0.13674314320087433 0.14399729669094086 0.03646506741642952
v -0.08110230416059494 0.17487652599811554 -0.06003519147634506
v -0.01667276956140995 0.12358599156141281 -0.15878328680992126
v -0.19572190940380096 0.014142267405986786 0.0475030392408371
v -0.16902391612529755 0.08426648378372192 0.07137007266283035
v -0.12400954961776733 0.15810392796993256 0.019707633182406425
v -0.06555682420730591 0.17155718803405762 -0.08386920392513275
v -0.19096049666404724 0.026333875954151154 0.06003519147634506
v -0.1593274623155594 0.10381663590669632 0.06782679259777069
v -0.1104288324713707 0.16902391612529755 -3.1049190439133356e-17
v -0.04956351965665817 0.16385182738304138 -0.10704974085092545
v -0.1848946362733841 0.041515059769153595 0.06967125833034515
v -0.14854265749454498 0.12284880876541138 0.060057125985622406
v -0.09609378129243851 0.17620214819908142 -0.02196357399225235
v -0.03323164954781532 0.1519654095172882 -0.1287081390619278
v -0.1991463452577591 0.0027442476712167263 0.03311814367771149
v -0.17756575345993042 0.05902202054858208 0.07583149522542953
v -0.13674314320087433 0.1404942125082016 0.04823172092437744
v -0.08110230416059494 0.17923690378665924 -0.045388948172330856
v -0.01667276956140995 0.13627609610557556 -0.14803530275821686
v -0.19572190940380096 0.010171194560825825 0.0485086515545845
v -0.16902391612529755 0.07808497548103333 0.07808497548103333
v -0.12400954961776733 0.15593647956848145 0.0326964408159256
v -0.06555682420730591 0.17789709568023682 -0.06941566616296768
v -0.19096049666404724 0.021286265924572945 0.06200477480888367
v -0.1593274623155594 0.09786095470190048 0.0761682391166687
v -0.1104288324713707 0.1684466153383255 0.013957884162664413
v -0.04956351965665817 0.17213228344917297 -0.09315333515405655
v -0.1848946362733841 0.03561985492706299 0.07286158204078674
v -0.14854265749454498 0.11746974289417267 0.06999677419662476
v -0.09609378129243851 0.17741405963897705 -0.007337899878621101
v -0.03323164954781532 0.1620749980211258 -0.11571932584047318
v -0.17756575345993042 0.05255831405520439 0.08044648915529251
v -0.13674314320087433 0.1360314041376114 0.05966890603303909
v -0.08110230416059494 0.18237291276454926 -0.030432656407356262
v -0.01667276956140995 0.14803530275821686 -0.13627609610557556
v -0.19572190940380096 0.006130642257630825 0.04918289929628372
v -0.16902391612529755 0.07137007266283035 0.08426648378372192
v -0.12400954961776733 0.15270382165908813 0.04546189680695534
v -0.06555682420730591 0.18302179872989655 -0.05448794737458229
v -0.19096049666404724 0.01609324850142002 0.06355080008506775
v -0.1593274623155594 0.09123678505420685 0.08398938179016113
v -0.1104288324713707 0.16671864688396454 0.027820421382784843
v -0.04956351965665817 0.17923690378665924 -0.07862059772014618
v -0.1848946362733841 0.02948133461177349 0.07555418461561203
v -0.14854265749454498 0.11128823459148407 0.07945827394723892
v -0.09609378129243851 0.17741405963897705 0.007337899878621101
v -0.03323164954781532 0.17107746005058289 -0.10194003582000732
v -0.17756575345993042 0.04573558270931244 0.08451195806264877
v -0.13674314320087433 0.13063937425613403 0.07069849222898483
v -0.08110230416059494 0.18426312506198883 -0.015268477611243725
v -0.01667276956140995 0.15878328680992126 -0.12358599156141281
v -0.19572190940380096 0.002048211172223091 0.04952118173241615
v -0.16902391612529755 0.06416763365268707 0.08987236768007278
v -0.12400954961776733 0.1484280526638031 0.057916805148124695
v -0.06555682420730591 0.18689626455307007 -0.039188023656606674
v -0.19096049666404724 0.010790298692882061 0.06466270983219147
v -0.1593274623155594 0.08398938179016113 0.09123678505420685
v -0.1104288324713707 0.16385182738304138 0.04149291664361954
v -0.04956351965665817 0.18511715531349182 -0.06355080008506775
v -0.1848946362733841 0.023141425102949142 0.0777306780219078
v -0.14854265749454498 0.10434652119874954 0.08837699145078659
v -0.09609378129243851 0.17620214819908142 0.02196357399225235
v -0.03323164954781532 0.17891128361225128 -0.08746439963579178
v -0.17756575345993042 0.03860042989253998 0.08800011873245239
v -0.13674314320087433 0.12435493618249893 0.08124513179063797
v -0.08110230416059494 0.1848946362733841 -3.396459181679895e-17
v -0.01667276956140995 0.1684466153383255 -0.11005166172981262
v -0.16902391612529755 0.05652686953544617 0.09486432373523712
v -0.12400954961776733 0.1431383639574051 0.0699760839343071
v -0.06555682420730591 0.1894940286874771 -0.023620406165719032
v -0.19096049666404724 0.005413639359176159 0.06533291190862656
v -0.1593274623155594 0.0761682391166687 0.09786095470190048
v -0.1104288324713707 0.15986573696136475 0.054881975054740906
v -0.04956351965665817 0.1897328794002533 -0.048046890646219254
v -0.1848946362733841 0.01664343662559986 0.07937619090080261
v -0.14854265749454498 0.09669201076030731 0.09669201076030731
v -0.09609378129243851 0.17378659546375275 0.03643921762704849
v -0.03323164954781532 0.18552295863628387 -0.07239128649234772
v -0.17756575345993042 0.031201599165797234 0.090887151658535
v -0.13674314320087433 0.11722102761268616 0.09123678505420685
v -0.08110230416059494 0.18426312506198883 0.015268477611243725
v -0.01667276956140995 0.17695927619934082 -0.09576556831598282
v -0.16902391612529755 0.04849996790289879 0.09920826554298401
v -0.12400954961776733 0.13687089085578918 0.08155734837055206
v -0.06555682420730591 0.1907973736524582 -0.007891437970101833
v -0.1593274623155594 0.06782679259777069 0.10381663590669632
v -0.1104288324713707 0.1547875851392746 0.06789613515138626
v -0.04956351965665817 0.1930525153875351 -0.03221476823091507
v -0.1848946362733841 0.01003175787627697 0.08047948777675629
v -0.14854265749454498 0.08837699145078659 0.10434652119874954
v -0.09609378129243851 0.17018389701843262 0.05066594108939171
v -0.03323164954781532 0.1908673346042633 -0.056823667138814926
v -0.17756575345993042 0.02358962781727314 0.09315333515405655
v -0.13674314320087433 0.10928638279438019 0.10060520470142365
v -0.08110230416059494 0.18237291276454926 0.030432656407356262
v -0.01667276956140995 0.18426312506198883 -0.08082529902458191
v -0.16902391612529755 0.040141761302948 0.1028745174407959
v -0.12400954961776733 0.1296684592962265 0.09258149564266205
v -0.06555682420730591 0.1907973736524582 0.007891437970101833
v -0.1593274623155594 0.05902202054858208 0.10906314104795456
v -0.1104288324713707 0.1486520916223526 0.08044648915529251
v -0.04956351965665817 0.19505342841148376 -0.016162587329745293
v -0.1848946362733841 0.003351550782099366 0.08103302866220474
v -0.14854265749454498 0.07945827394723892 0.11128823459148407
v -0.09609378129243851 0.16541866958141327 0.06454656273126602
v -0.03323164954781532 0.19490788877010345 -0.0408678874373436
v -0.17756575345993042 0.015816515311598778 0.09478318691253662
v -0.13674314320087433 0.10060520470142365 0.10928638279438019
v -0.08110230416059494 0.17923690378665924 0.045388948172330856
v -0.01667276956140995 0.19030827283859253 -0.06533291190862656
v -0.16902391612529755 0.03150934725999832 0.10583803057670593
v -0.12400954961776733 0.12158025056123734 0.10297322273254395
v -0.06555682420730591 0.1894940286874771 0.023620406165719032
v -0.1593274623155594 0.04981406778097153 0.113564632833004
v -0.1104288324713707 0.14150115847587585 0.09244731813669205
v -0.04956351965665817 0.19572190940380096 -3.5953531056070456e-17
v -0.14854265749454498 0.06999677419662476 0.11746974289417267
v -0.09609378129243851 0.15952347218990326 0.07798627018928528
v -0.03323164954781532 0.19761702418327332 -0.024632936343550682
v -0.17756575345993042 0.007935361005365849 0.09576556831598282
v -0.13674314320087433 0.09123678505420685 0.11722102761268616
v -0.08110230416059494 0.17487652599811554 0.06003519147634506
v -0.01667276956140995 0.19505342841148376 -0.049394235014915466
v -0.16902391612529755 0.022661691531538963 0.10807856172323227
v -0.12400954961776733 0.11266153305768967 0.11266153305768967
v -0.06555682420730591 0.18689626455307007 0.039188023656606674
v -0.1593274623155594 0.04026583582162857 0.11729037016630173
v -0.1104288324713707 0.1333836168050766 0.10381663590669632
v -0.04956351965665817 0.19505342841148376 0.016162587329745293
v -0.14854265749454498 0.060057125985622406 0.12284880876541138
v -0.09609378129243851 0.15253855288028717 0.09089325368404388
v -0.03323164954781532 0.19897623360157013 -0.00822971761226654
v -0.13674314320087433 0.08124513179063797 0.12435493618249893
v -0.08110230416059494 0.16932158172130585 0.07427132874727249
v -0.01667276956140995 0.19846616685390472 -0.03311814367771149
v -0.16902391612529755 0.01365923322737217 0.10958080738782883
v -0.12400954961776733 0.10297322273254395 0.12158025056123734
v -0.06555682420730591 0.18302179872989655 0.05448794737458229
v -0.1593274623155594 0.03044254332780838 0.12021488696336746
v -0.1104288324713707 0.12435493618249893 0.114476777613163
v -0.04956351965665817 0.1930525153875351 0.03221476823091507
v -0.14854265749454498 0.04970722645521164 0.12738870084285736
v -0.09609378129243851 0.1445116549730301 0.10317934304475784
v -0.03323164954781532 0.19897623360157013 0.00822971761226654
v -0.13674314320087433 0.07069849222898483 0.13063937425613403
v -0.08110230416059494 0.1626099795103073 0.08800011873245239
v -0.01667276956140995 0.20052316784858704 -0.01661582477390766
v -0.16902391612529755 0.004563468508422375 0.11033450067043304
v -0.12400954961776733 0.09258149564266205 0.1296684592962265
v -0.06555682420730591 0.17789709568023682 0.06941566616296768
v -0.1593274623155594 0.020411301404237747 0.12231821566820145
v -0.1104288324713707 0.114476777613163 0.12435493618249893
v -0.04956351965665817 0.1897328794002533 0.048046890646219254
v -0.14854265749454498 0.039017774164676666 0.13105839490890503
v -0.09609378129243851 0.13549759984016418 0.11476060748100281
v -0.03323164954781532 0.19761702418327332 0.024632936343550682
v -0.13674314320087433 0.05966890603303909 0.1360314041376114
v -0.08110230416059494 0.1547875851392746 0.10112778097391129
v -0.01667276956140995 0.2012104094028473 -3.696175172620929e-17
v -0.12400954961776733 0.08155734837055206 0.13687089085578918
v -0.06555682420730591 0.17155718803405762 0.08386920392513275
v -0.1593274623155594 0.010240627452731133 0.12358599156141281
v -0.1104288324713707 0.10381663590669632 0.1333836168050766
v -0.04956351965665817 0.18511715531349182 0.06355080008506775
v -0.14854265749454498 0.028061792254447937 0.13383282721042633
v -0.09609378129243851 0.12555794417858124 0.12555794417858124
v -0.03323164954781532 0.19490788877010345 0.0408678874373436
v -0.13674314320087433 0.04823172092437744 0.1404942125082016
v -0.08110230416059494 0.14590784907341003 0.113564632833004
v -0.01667276956140995 0.20052316784858704 0.01661582477390766
v -0.12400954961776733 0.0699760839343071 0.1431383639574051
v -0.06555682420730591 0.16404537856578827 0.09774982184171677
v -0.1104288324713707 0.09244731813669205 0.14150115847587585
v -0.04956351965665817 0.17923690378665924 0.07862059772014618
v -0.14854265749454498 0.016914119943976402 0.1356930434703827
v -0.09609378129243851 0.11476060748100281 0.13549759984016418
v -0.03323164954781532 0.1908673346042633 0.056823667138814926
v -0.13674314320087433 0.03646506741642952 0.14399729669094086
v -0.08110230416059494 0.1360314041376114 0.1252257227897644
v -0.01667276956140995 0.19846616685390472 0.03311814367771149
v -0.12400954961776733 0.057916805148124695 0.1484280526638031
v -0.06555682420730591 0.155412957072258 0.11096271872520447
v -0.1104288324713707 0.08044648915529251 0.1486520916223526
v -0.04956351965665817 0.17213228344917297 0.09315333515405655
v -0.14854265749454498 0.005650907289236784 0.13662633299827576
v -0.09609378129243851 0.10317934304475784 0.1445116549730301
v -0.03323164954781532 0.18552295863628387 0.07239128649234772
v -0.13674314320087433 0.024449318647384644 0.14651672542095184
v -0.08110230416059494 0.1252257227897644 0.1360314041376114
v -0.01667276956140995 0.19505342841148376 0.049394235014915466
v -0.12400954961776733 0.04546189680695534 0.15270382165908813
v -0.06555682420730591 0.14571891725063324 0.12341762334108353
v -0.1104288324713707 0.06789613515138626 0.1547875851392746
v -0.04956351965665817 0.16385182738304138 0.10704974085092545
v -0.09609378129243851 0.09089325368404388 0.15253855288028717
v -0.03323164954781532 0.17891128361225128 0.08746439963579178
v -0.13674314320087433 0.012266555801033974 0.14803530275821686
v -0.08110230416059494 0.113564632833004 0.14590784907341003
v -0.01667276956140995 0.19030827283859253 0.06533291190862656
v -0.12400954961776733 0.0326964408159256 0.15593647956848145
v -0.06555682420730591 0.13502946496009827 0.13502946496009827
v -0.1104288324713707 0.054881975054740906 0.15986573696136475
v -0.04956351965665817 0.15445208549499512 0.12021488696336746
v -0.09609378129243851 0.07798627018928528 0.15952347218990326
v -0.03323164954781532 0.17107746005058289 0.10194003582000732
v -0.08110230416059494 0.10112778097391129 0.1547875851392746
v -0.01667276956140995 0.18426312506198883 0.08082529902458191
v -0.12400954961776733 0.019707633182406425 0.15810392796993256
v -0.06555682420730591 0.12341762334108353 0.14571891725063324
v -0.1104288324713707 0.04149291664361954 0.16385182738304138
v -0.04956351965665817 0.14399729669094086 0.13255885243415833
v -0.09609378129243851 0.06454656273126602 0.16541866958141327
v -0.03323164954781532 0.1620749980211258 0.11571932584047318
v -0.08110230416059494 0.08800011873245239 0.1626099795103073
v -0.01667276956140995 0.17695927619934082 0.09576556831598282
v -0.12400954961776733 0.006584203336387873 0.15919137001037598
v -0.06555682420730591 0.11096271872520447 0.155412957072258
v -0.1104288324713707 0.027820421382784843 0.16671864688396454
v -0.04956351965665817 0.13255885243415833 0.14399729669094086
v -0.09609378129243851 0.05066594108939171 0.17018389701843262
v -0.03323164954781532 0.1519654095172882 0.1287081390619278
v -0.08110230416059494 0.07427132874727249 0.16932158172130585
v -0.01667276956140995 0.1684466153383255 0.11005166172981262
v -0.06555682420730591 0.09774982184171677 0.16404537856578827
v -0.1104288324713707 0.013957884162664413 0.1684466153383255
v -0.04956351965665817 0.12021488696336746 0.15445208549499512
v -0.09609378129243851 0.03643921762704849 0.17378659546375275
v -0.03323164954781532 0.14081773161888123 0.14081773161888123
v -0.08110230416059494 0.06003519147634506 0.17487652599811554
v -0.01667276956140995 0.15878328680992126 0.12358599156141281
v -0.06555682420730591 0.08386920392513275 0.17155718803405762
v -0.04956351965665817 0.10704974085092545 0.16385182738304138
v -0.09609378129243851 0.02196357399225235 0.17620214819908142
v -0.03323164954781532 0.1287081390619278 0.1519654095172882
v -0.08110230416059494 0.045388948172330856 0.17923690378665924
v -0.01667276956140995 0.14803530275821686 0.13627609610557556
v -0.06555682420730591 0.06941566616296768 0.17789709568023682
v -0.04956351965665817 0.09315333515405655 0.17213228344917297
v -0.09609378129243851 0.007337899878621101 0.17741405963897705
v -0.03323164954781532 0.11571932584047318 0.1620749980211258
v -0.08110230416059494 0.030432656407356262 0.18237291276454926
v -0.01667276956140995 0.13627609610557556 0.14803530275821686
v -0.06555682420730591 0.05448794737458229 0.18302179872989655
v -0.04956351965665817 0.07862059772014618 0.17923690378665924
v -0.03323164954781532 0.10194003582000732 0.17107746005058289
v -0.08110230416059494 0.015268477611243725 0.18426312506198883
v -0.01667276956140995 0.12358599156141281 0.15878328680992126
v -0.06555682420730591 0.039188023656606674 0.18689626455307007
v -0.04956351965665817 0.06355080008506775 0.18511715531349182
v -0.03323164954781532 0.08746439963579178 0.17891128361225128
v -0.01667276956140995 0.11005166172981262 0.1684466153383255
v -0.06555682420730591 0.023620406165719032 0.1894940286874771
v -0.04956351965665817 0.048046890646219254 0.1897328794002533
v -0.03323164954781532 0.07239128649234772 0.18552295863628387
v -0.01667276956140995 0.09576556831598282 0.17695927619934082
v -0.06555682420730591 0.007891437970101833 0.1907973736524582
v -0.04956351965665817 0.03221476823091507 0.1930525153875351
v -0.03323164954781532 0.056823667138814926 0.1908673346042633
v -0.01667276956140995 0.08082529902458191 0.18426312506198883
v -0.04956351965665817 0.016162587329745293 0.19505342841148376
v -0.03323164954781532 0.0408678874373436 0.19490788877010345
v -0.01667276956140995 0.06533291190862656 0.19030827283859253
v -0.03323164954781532 0.024632936343550682 0.19761702418327332
v -0.01667276956140995 0.049394235014915466 0.19505342841148376
v -0.03323164954781532 0.00822971761226654 0.19897623360157013
v -0.01667276956140995 0.03311814367771149 0.19846616685390472
v -0.01667276956140995 0.01661582477390766 0.20052316784858704
v 0 0 0.2159000039100647
v 0.016939319670200348 0 0.21523445844650269
v 0.033774200826883316 0 0.21324191987514496
v 0.05040085315704346 0 0.20993466675281525
v 0.066716767847538 0 0.20533309876918793
v 0.08262135088443756 0 0.1994655877351761
v 0.09801654517650604 0 0.1923683136701584
v 0.11280743777751923 0 0.18408501148223877
v 0.12690283358097076 0 0.17466676235198975
v 0.14021582901477814 0 0.16417165100574493
v 0.15266434848308563 0 0.15266434848308563
v 0.16417165100574493 0 0.14021582901477814
v 0.17466676235198975 0 0.12690283358097076
v 0.18408501148223877 0 0.11280743777751923
v 0.1923683136701584 0 0.09801654517650604
v 0.1994655877351761 0 0.08262135088443756
v 0.20533309876918793 0 0.066716767847538
v 0.20993466675281525 0 0.05040085315704346
v 0.21324191987514496 0 0.033774200826883316
v 0.21523445844650269 0 0.016939319670200348
v 0.2159000039100647 0 1.322006258836843e-17
v 0.2159000039100647 0 1.322006258836843e-17
v 0.21523445844650269 0 -0.016939319670200348
v 0.21324191987514496 0 -0.033774200826883316
v 0.20993466675281525 0 -0.05040085315704346
v 0.20533309876918793 0 -0.066716767847538
v 0.1994655877351761 0 -0.08262135088443756
v 0.1923683136701584 0 -0.09801654517650604
v 0.18408501148223877 0 -0.11280743777751923
v 0.17466676235198975 0 -0.12690283358097076
v 0.16417165100574493 0 -0.14021582901477814
v 0.15266434848308563 0 -0.15266434848308563
v 0.14021582901477814 0 -0.16417165100574493
v 0.12690283358097076 0 -0.17466676235198975
v 0.11280743777751923 0 -0.18408501148223877
v 0.09801654517650604 0 -0.1923683136701584
v 0.08262135088443756 0 -0.1994655877351761
v 0.066716767847538 0 -0.20533309876918793
v 0.05040085315704346 0 -0.20993466675281525
v 0.033774200826883316 0 -0.21324191987514496
v 0.016939319670200348 0 -0.21523445844650269
v 2.644012517673686e-17 0 -0.2159000039100647
v 2.6358618107898334e-17 0.016939319670200348 -0.21523445844650269
v 2.611460313591764e-17 0.033774200826883316 -0.21324191987514496
v 2.5709582420787177e-17 0.05040085315704346 -0.20993466675281525
v 2.5146052393595626e-17 0.066716767847538 -0.20533309876918793
v 2.442749052163816e-17 0.08262135088443756 -0.1994655877351761
v 2.3558323875553167e-17 0.09801654517650604 -0.1923683136701584
v 2.2543912585709987e-17 0.11280743777751923 -0.18408501148223877
v 2.139051013753952e-17 0.12690283358097076 -0.17466676235198975
v 2.01052286299485e-17 0.14021582901477814 -0.16417165100574493
v 1.869599079884396e-17 0.15266434848308563 -0.15266434848308563
v 1.717148700374138e-17 0.16417165100574493 -0.14021582901477814
v 1.5541115670760587e-17 0.17466676235198975 -0.12690283358097076
v 1.3814927044344102e-17 0.18408501148223877 -0.11280743777751923
v 1.2003565284614257e-17 0.1923683136701584 -0.09801654517650604
v 1.0118197329840517e-17 0.1994655877351761 -0.08262135088443756
v 8.170447549171092e-18 0.20533309876918793 -0.066716767847538
v 6.1723245371487175e-18 0.20993466675281525 -0.05040085315704346
v 4.136146667455535e-18 0.21324191987514496 -0.033774200826883316
v 2.074468267043415e-18 0.21523445844650269 -0.016939319670200348
v 0 0.2159000039100647 1.322006258836843e-17
v 0 0.016939319670200348 0.21523445844650269
v 0 0.033774200826883316 0.21324191987514496
v 0 0.05040085315704346 0.20993466675281525
v 0 0.066716767847538 0.20533309876918793
v 0 0.08262135088443756 0.1994655877351761
v 0 0.09801654517650604 0.1923683136701584
v 0 0.11280743777751923 0.18408501148223877
v 0 0.12690283358097076 0.17466676235198975
v 0 0.14021582901477814 0.16417165100574493
v 0 0.15266434848308563 0.15266434848308563
v 0 0.16417165100574493 0.14021582901477814
v 0 0.17466676235198975 0.12690283358097076
v 0 0.18408501148223877 0.11280743777751923
v 0 0.1923683136701584 0.09801654517650604
v 0 0.1994655877351761 0.08262135088443756
v 0 0.20533309876918793 0.066716767847538
v 0 0.20993466675281525 0.05040085315704346
v 0 0.21324191987514496 0.033774200826883316
v 0 0.21523445844650269 0.016939319670200348
v 0.016939319670200348 0.008666617795825005 -0.21505989134311676
v 0.016939319670200348 0.02594364620745182 -0.2136651575565338
v 0.016939319670200348 0.043052420020103455 -0.2108847051858902
v 0.033774200826883316 0.01715884543955326 -0.21255043148994446
v 0.016939319670200348 0.05988198518753052 -0.20673659443855286
v 0.033774200826883316 0.03420640900731087 -0.2104804813861847
v 0.05040085315704346 0.008453216403722763 -0.20976440608501434
v 0.016939319670200348 0.07632318884134293 -0.2012477070093155
v 0.033774200826883316 0.05103212967514992 -0.20704549551010132
v 0.05040085315704346 0.025304827839136124 -0.20840400457382202
v 0.016939319670200348 0.0922694057226181 -0.1944536566734314
v 0.033774200826883316 0.06752689182758331 -0.20226772129535675
v 0.05040085315704346 0.04199232533574104 -0.20569202303886414
v 0.066716767847538 0.016522450372576714 -0.20466727018356323
v 0.016939319670200348 0.10761722922325134 -0.18639850616455078
v 0.033774200826883316 0.08358371257781982 -0.19617818295955658
v 0.05040085315704346 0.0584074892103672 -0.20164604485034943
v 0.066716767847538 0.03293774649500847 -0.20267409086227417
v 0.08262135088443756 0.00803167000412941 -0.19930382072925568
v 0.016939319670200348 0.12226710468530655 -0.17713448405265808
v 0.033774200826883316 0.09909845888614655 -0.18881633877754211
v 0.05040085315704346 0.07444386184215546 -0.19629232585430145
v 0.066716767847538 0.04913942888379097 -0.199366495013237
v 0.08262135088443756 0.024042919278144836 -0.19801126420497894
v 0.016939319670200348 0.13612402975559235 -0.1667216718196869
v 0.033774200826883316 0.11397051811218262 -0.18022994697093964
v 0.05040085315704346 0.08999743312597275 -0.18966557085514069
v 0.066716767847538 0.06502242386341095 -0.19476592540740967
v 0.08262135088443756 0.03989824280142784 -0.19543452560901642
v 0.016939319670200348 0.14909814298152924 -0.15522761642932892
v 0.09801654517650604 0.015479217283427715 -0.19174452126026154
v 0.033774200826883316 0.12810343503952026 -0.17047470808029175
v 0.05040085315704346 0.10496733337640762 -0.18180875480175018
v 0.066716767847538 0.08048371970653534 -0.18890222907066345
v 0.08262135088443756 0.05549481138586998 -0.1915903091430664
v 0.016939319670200348 0.16110530495643616 -0.1427268385887146
v 0.09801654517650604 0.030858047306537628 -0.18987718224525452
v 0.033774200826883316 0.14140553772449493 -0.15961386263370514
v 0.11280743777751923 0.007412355858832598 -0.1839357167482376
v 0.05040085315704346 0.11925648152828217 -0.1727728396654129
v 0.066716767847538 0.09542305022478104 -0.18181343376636505
v 0.08262135088443756 0.07073147594928741 -0.1865035742521286
v 0.016939319670200348 0.17206762731075287 -0.12930043041706085
v 0.09801654517650604 0.046036750078201294 -0.18677844107151031
v 0.033774200826883316 0.15379059314727783 -0.14771786332130432
v 0.11280743777751923 0.022188996896147728 -0.18274281919002533
v 0.05040085315704346 0.13277220726013184 -0.16261643171310425
v 0.066716767847538 0.10974352806806564 -0.1735454946756363
v 0.08262135088443756 0.08550941199064255 -0.1802072823047638
v 0.016939319670200348 0.18191403150558472 -0.11503545939922333
v 0.09801654517650604 0.06091688573360443 -0.18246835470199585
v 0.033774200826883316 0.16517823934555054 -0.13486386835575104
v 0.11280743777751923 0.03682173043489456 -0.18036477267742157
v 0.05040085315704346 0.14542685449123383 -0.15140539407730103
v 0.12690283358097076 0.01405483577400446 -0.1741003841161728
v 0.066716767847538 0.12335227429866791 -0.16415205597877502
v 0.08262135088443756 0.09973279386758804 -0.17274226248264313
v 0.016939319670200348 0.19058063626289368 -0.10002443939447403
v 0.09801654517650604 0.07540195435285568 -0.17697489261627197
v 0.033774200826883316 0.17549465596675873 -0.12113521248102188
v 0.11280743777751923 0.05121566355228424 -0.17681698501110077
v 0.05040085315704346 0.15713834762573242 -0.13921242952346802
v 0.12690283358097076 0.028018519282341003 -0.17240488529205322
v 0.066716767847538 0.13616102933883667 -0.1536940336227417
v 0.14021582901477814 0.006610525771975517 -0.1640385091304779
v 0.08262135088443756 0.11330936849117279 -0.1641569584608078
v 0.016939319670200348 0.19801127910614014 -0.08436471968889236
v 0.09801654517650604 0.08939801156520844 -0.17033368349075317
v 0.033774200826883316 0.18467290699481964 -0.10662095993757248
v 0.11280743777751923 0.06527744233608246 -0.17212247848510742
v 0.05040085315704346 0.16783075034618378 -0.12611663341522217
v 0.12690283358097076 0.041800495237112045 -0.1695912629365921
v 0.066716767847538 0.14808674156665802 -0.14223924279212952
v 0.14021582901477814 0.019788704812526703 -0.16297465562820435
v 0.08262135088443756 0.12615108489990234 -0.15450704097747803
v 0.016939319670200348 0.2041577249765396 -0.068157859146595
v 0.09801654517650604 0.10281428694725037 -0.16258779168128967
v 0.033774200826883316 0.19265349209308624 -0.09141521900892258
v 0.11280743777751923 0.07891587167978287 -0.16631168127059937
v 0.05040085315704346 0.17743469774723053 -0.11220290511846542
v 0.12690283358097076 0.05531137436628342 -0.16567780077457428
v 0.066716767847538 0.1590520441532135 -0.1298619657754898
v 0.14021582901477814 0.032838549464941025 -0.16085384786128998
v 0.08262135088443756 0.13817466795444489 -0.14385506510734558
v 0.15266434848308563 0.012284376658499241 -0.15216931700706482
v 0.016939319670200348 0.20898012816905975 -0.05150897428393364
v 0.09801654517650604 0.1155637726187706 -0.15378744900226593
v 0.033774200826883316 0.1993846446275711 -0.07561662793159485
v 0.11280743777751923 0.09204250574111938 -0.15942229330539703
v 0.05040085315704346 0.1858879178762436 -0.09756150096654892
v 0.12690283358097076 0.06846354156732559 -0.1606898307800293
v 0.066716767847538 0.16898582875728607 -0.11664249747991562
v 0.14021582901477814 0.04567541927099228 -0.15768983960151672
v 0.08262135088443756 0.149302139878273 -0.13227015733718872
v 0.15266434848308563 0.024489084258675575 -0.15068739652633667
v 0.016939319670200348 0.21244722604751587 -0.0345260351896286
v 0.09801654517650604 0.12756378948688507 -0.14398974180221558
v 0.16417165100574493 0.005645922385156155 -0.14010211825370789
v 0.033774200826883316 0.20482271909713745 -0.0593276247382164
v 0.11280743777751923 0.10457220673561096 -0.15149898827075958
v 0.05040085315704346 0.1931355744600296 -0.08228737860918045
v 0.12690283358097076 0.08117169141769409 -0.15465974807739258
v 0.066716767847538 0.17782367765903473 -0.10266654938459396
v 0.14021582901477814 0.058216068893671036 -0.1535031646490097
v 0.08262135088443756 0.15946131944656372 -0.11982741206884384
v 0.15266434848308563 0.03653497248888016 -0.14822819828987122
v 0.016939319670200348 0.21453651785850525 -0.017319178208708763
v 0.09801654517650604 0.13873650133609772 -0.13325820863246918
v 0.16417165100574493 0.016901150345802307 -0.13919350504875183
v 0.033774200826883316 0.20893242955207825 -0.04265386238694191
v 0.11280743777751923 0.11642371118068695 -0.1425931602716446
v 0.05040085315704346 0.19913068413734436 -0.06647958606481552
v 0.12690283358097076 0.09335342049598694 -0.1476266235113144
v 0.066716767847538 0.18550828099250793 -0.08802477270364761
v 0.14021582901477814 0.07037916779518127 -0.14832094311714172
v 0.08262135088443756 0.1685863435268402 -0.10660754144191742
v 0.15266434848308563 0.04834391549229622 -0.14480769634246826
v 0.016939319670200348 0.21523445844650269 -6.130377132951357e-16
v 0.09801654517650604 0.14900945127010345 -0.1216624453663826
v 0.16417165100574493 0.02804677002131939 -0.1373821645975113
v 0.033774200826883316 0.2116871327161789 -0.025703473016619682
v 0.11280743777751923 0.12752017378807068 -0.13276256620883942
v 0.17466676235198975 0.010211436077952385 -0.12649132311344147
v 0.05040085315704346 0.20383433997631073 -0.0502406544983387
v 0.12690283358097076 0.10492970794439316 -0.1396360844373703
v 0.066716767847538 0.19198977947235107 -0.07281212508678436
v 0.14021582901477814 0.08208582550287247 -0.1421768218278885
v 0.08262135088443756 0.17661800980567932 -0.09269627928733826
v 0.15266434848308563 0.05983933061361313 -0.14044806361198425
v 0.016939319670200348 0.21453651785850525 0.017319178208708763
v 0.09801654517650604 0.1583160161972046 -0.10927765816450119
v 0.16417165100574493 0.03901049494743347 -0.1346798539161682
v 0.033774200826883316 0.21306897699832916 -0.00858638621866703
v 0.11280743777751923 0.13778960704803467 -0.12207094579935074
v 0.17466676235198975 0.020356645807623863 -0.12525947391986847
v 0.05040085315704346 0.2072160691022873 -0.033675890415906906
v 0.12690283358097076 0.11582548916339874 -0.1307399570941925
v 0.18408501148223877 0.004542297683656216 -0.1127159520983696
v 0.066716767847538 0.1972261667251587 -0.05712725594639778
v 0.14021582901477814 0.09326012432575226 -0.13511061668395996
v 0.08262135088443756 0.18350423872470856 -0.0781838521361351
v 0.15266434848308563 0.07094666361808777 -0.13517756760120392
v 0.016939319670200348 0.21244722604751587 0.0345260351896286
v 0.09801654517650604 0.16659584641456604 -0.0961841568350792
v 0.16417165100574493 0.04972121864557266 -0.13110408186912537
v 0.033774200826883316 0.21306897699832916 0.00858638621866703
v 0.11280743777751923 0.1471654325723648 -0.11058764904737473
v 0.17466676235198975 0.0303698368370533 -0.12321527302265167
v 0.05040085315704346 0.20925390720367432 -0.016892721876502037
v 0.12690283358097076 0.12597009539604187 -0.12099592387676239
v 0.18408501148223877 0.013597434386610985 -0.11198494583368301
v 0.066716767847538 0.20118345320224762 -0.04107189550995827
v 0.14021582901477814 0.10382959991693497 -0.1271681785583496
v 0.08262135088443756 0.18920038640499115 -0.0631643682718277
v 0.15266434848308563 0.08159387856721878 -0.12903039157390594
v 0.016939319670200348 0.20898012816905975 0.05150897428393364
v 0.09801654517650604 0.17379523813724518 -0.08246686309576035
v 0.16417165100574493 0.06010948494076729 -0.12667804956436157
v 0.033774200826883316 0.2116871327161789 0.025703473016619682
v 0.11280743777751923 0.1555868238210678 -0.09838714450597763
v 0.17466676235198975 0.040186066180467606 -0.12037196755409241
v 0.05040085315704346 0.20993466675281525 -5.979426862025576e-16
v 0.12690283358097076 0.1352977454662323 -0.11046718806028366
v 0.18408501148223877 0.022564386948943138 -0.11052767187356949
v 0.066716767847538 0.20383599400520325 -0.02475017122924328
v 0.14021582901477814 0.1137256994843483 -0.11840099096298218
v 0.1923683136701584 0.007887055166065693 -0.09769871085882187
v 0.08262135088443756 0.19366948306560516 -0.04773524031043053
v 0.15266434848308563 0.09171193093061447 -0.12204641103744507
v 0.016939319670200348 0.2041577249765396 0.068157859146595
v 0.09801654517650604 0.17986749112606049 -0.06821474432945251
v 0.16417165100574493 0.07010791450738907 -0.12143047153949738
v 0.033774200826883316 0.20893242955207825 0.04265386238694191
v 0.11280743777751923 0.16299918293952942 -0.08554857224225998
v 0.17466676235198975 0.04974167421460152 -0.11674799770116806
v 0.05040085315704346 0.20925390720367432 0.016892721876502037
v 0.12690283358097076 0.14374792575836182 -0.09922203421592712
v 0.18408501148223877 0.03138500079512596 -0.10835359245538712
v 0.066716767847538 0.20516657829284668 -0.008267930708825588
v 0.14021582901477814 0.12288424372673035 -0.10886593908071518
v 0.1923683136701584 0.015722960233688354 -0.0967472568154335
v 0.08262135088443756 0.19688256084918976 -0.031996529549360275
v 0.15266434848308563 0.10123519599437714 -0.11427091062068939
v 0.016939319670200348 0.19801127910614014 0.08436471968889236
v 0.1994655877351761 0.0033268264960497618 -0.08255434781312943
v 0.09801654517650604 0.184773251414299 -0.05352022126317024
v 0.16417165100574493 0.07965166866779327 -0.11539536714553833
v 0.033774200826883316 0.20482271909713745 0.0593276247382164
v 0.11280743777751923 0.1693544238805771 -0.0721551775932312
v 0.17466676235198975 0.05897468701004982 -0.11236687749624252
v 0.05040085315704346 0.2072160691022873 0.033675890415906906
v 0.12690283358097076 0.15126585960388184 -0.08733338117599487
v 0.18408501148223877 0.04000207036733627 -0.10547678917646408
v 0.066716767847538 0.20516657829284668 0.008267930708825588
v 0.14021582901477814 0.13124583661556244 -0.09862484782934189
v 0.1923683136701584 0.023456895723938942 -0.09516836702823639
v 0.08262135088443756 0.19881878793239594 -0.01605031080543995
v 0.15266434848308563 0.11010190844535828 -0.1057543158531189
v 0.016939319670200348 0.19058063626289368 0.10002443939447403
v 0.1994655877351761 0.009958903305232525 -0.08201894909143448
v 0.09801654517650604 0.1884806752204895 -0.038478605449199677
v 0.16417165100574493 0.08867885917425156 -0.10861188173294067
v 0.033774200826883316 0.1993846446275711 0.07561662793159485
v 0.11280743777751923 0.17461134493350983 -0.05829383060336113
v 0.17466676235198975 0.06782522797584534 -0.10725701600313187
v 0.05040085315704346 0.20383433997631073 0.0502406544983387
v 0.12690283358097076 0.1578027755022049 -0.07487834244966507
v 0.18408501148223877 0.0483597107231617 -0.10191593319177628
v 0.066716767847538 0.20383599400520325 0.02475017122924328
v 0.14021582901477814 0.13875624537467957 -0.08774413913488388
v 0.1923683136701584 0.03103870339691639 -0.0929722711443901
v 0.08262135088443756 0.1994655877351761 -5.681243206625685e-16
v 0.15266434848308563 0.11825456470251083 -0.09655186533927917
v 0.016939319670200348 0.18191403150558472 0.11503545939922333
v 0.1994655877351761 0.016526393592357635 -0.08095163106918335
v 0.09801654517650604 0.19096572697162628 -0.023187438026070595
v 0.16417165100574493 0.0971309244632721 -0.10112400352954865
v 0.033774200826883316 0.19265349209308624 0.09141521900892258
v 0.20533309876918793 0.005368469282984734 -0.06650042533874512
v 0.11280743777751923 0.17873583734035492 -0.04405442625284195
v 0.17466676235198975 0.07623589783906937 -0.10145155340433121
v 0.05040085315704346 0.19913068413734436 0.06647958606481552
v 0.12690283358097076 0.1633162647485733 -0.061937689781188965
v 0.18408501148223877 0.05640371888875961 -0.09769410640001297
v 0.066716767847538 0.20118345320224762 0.04107189550995827
v 0.14021582901477814 0.14536677300930023 -0.07629436999559402
v 0.1923683136701584 0.0384192131459713 -0.09017320722341537
v 0.08262135088443756 0.19881878793239594 0.01605031080543995
v 0.15266434848308563 0.12564030289649963 -0.08672323822975159
v 0.016939319670200348 0.17206762731075287 0.12930043041706085
v 0.1994655877351761 0.022986702620983124 -0.07935930788516998
v 0.09801654517650604 0.1922122985124588 -0.007745890878140926
v 0.16417165100574493 0.10495305806398392 -0.092980295419693
v 0.033774200826883316 0.18467290699481964 0.10662095993757248
v 0.20533309876918793 0.010702122002840042 -0.0658528059720993
v 0.11280743777751923 0.1817011535167694 -0.029529312625527382
v 0.17466676235198975 0.08415214717388153 -0.0949881374835968
v 0.05040085315704346 0.1931355744600296 0.08228737860918045
v 0.20993466675281525 0.002029437804594636 -0.05035997927188873
v 0.12690283358097076 0.1677705943584442 -0.04859534651041031
v 0.18408501148223877 0.06408192962408066 -0.09283870458602905
v 0.066716767847538 0.1972261667251587 0.05712725594639778
v 0.14021582901477814 0.15103453397750854 -0.06434980779886246
v 0.1923683136701584 0.04555056244134903 -0.08678934723138809
v 0.08262135088443756 0.19688256084918976 0.031996529549360275
v 0.15266434848308563 0.13221120834350586 -0.07633217424154282
v 0.016939319670200348 0.16110530495643616 0.1427268385887146
v 0.1994655877351761 0.029297934845089912 -0.07725230604410172
v 0.09801654517650604 0.1922122985124588 0.007745890878140926
v 0.16417165100574493 0.11209453642368317 -0.08423357456922531
v 0.033774200826883316 0.17549465596675873 0.12113521248102188
v 0.20533309876918793 0.015966368839144707 -0.06477810442447662
v 0.11280743777751923 0.18348808586597443 -0.014812689274549484
v 0.17466676235198975 0.09152263402938843 -0.08790868520736694
v 0.05040085315704346 0.1858879178762436 0.09756150096654892
v 0.20993466675281525 0.006075151730328798 -0.05003337562084198
v 0.12690283358097076 0.17113687098026276 -0.034937839955091476
v 0.18408501148223877 0.07134454697370529 -0.08738120645284653
v 0.066716767847538 0.19198977947235107 0.07281212508678436
v 0.14021582901477814 0.15572279691696167 -0.0519879050552845
v 0.1923683136701584 0.05238649621605873 -0.082842618227005
v 0.08262135088443756 0.19366948306560516 0.04773524031043053
v 0.15266434848308563 0.1379246711730957 -0.06544607132673264
v 0.016939319670200348 0.14909814298152924 0.15522761642932892
v 0.1994655877351761 0.03541915863752365 -0.0746442973613739
v 0.09801654517650604 0.19096572697162628 0.023187438026070595
v 0.16417165100574493 0.11850903183221817 -0.07494056969881058
v 0.033774200826883316 0.16517823934555054 0.13486386835575104
v 0.20533309876918793 0.021127065643668175 -0.0632832869887352
v 0.11280743777751923 0.18408501148223877 -5.243168883613193e-16
v 0.17466676235198975 0.09829956293106079 -0.08025911450386047
v 0.05040085315704346 0.17743469774723053 0.11220290511846542
v 0.20993466675281525 0.010081465356051922 -0.049382284283638
v 0.12690283358097076 0.17339324951171875 -0.021053751930594444
v 0.18408501148223877 0.07814446091651917 -0.08135700225830078
v 0.066716767847538 0.18550828099250793 0.08802477270364761
v 0.21324191987514496 0.0027176940347999334 -0.033664681017398834
v 0.14021582901477814 0.15940111875534058 -0.039288848638534546
v 0.1923683136701584 0.058882683515548706 -0.07835862040519714
v 0.08262135088443756 0.18920038640499115 0.0631643682718277
v 0.15266434848308563 0.14274364709854126 -0.0541355274617672
v 0.016939319670200348 0.13612402975559235 0.1667216718196869
v 0.1994655877351761 0.04131067544221878 -0.07155218720436096
v 0.09801654517650604 0.1884806752204895 0.038478605449199677
v 0.16417165100574493 0.1241549551486969 -0.06516154855489731
v 0.033774200826883316 0.15379059314727783 0.14771786332130432
v 0.20533309876918793 0.026150746271014214 -0.061378054320812225
v 0.11280743777751923 0.18348808586597443 0.014812689274549484
v 0.17466676235198975 0.10443898290395737 -0.07208902388811111
v 0.05040085315704346 0.16783075034618378 0.12611663341522217
v 0.20993466675281525 0.014022397808730602 -0.04841093346476555
v 0.12690283358097076 0.17452511191368103 -0.007033121772110462
v 0.18408501148223877 0.08443757891654968 -0.07480517029762268
v 0.066716767847538 0.17782367765903473 0.10266654938459396
v 0.21324191987514496 0.005417762789875269 -0.033336833119392395
v 0.14021582901477814 0.1620456725358963 -0.026334984228014946
v 0.1923683136701584 0.06499699503183365 -0.0733664408326149
v 0.08262135088443756 0.18350423872470856 0.0781838521361351
v 0.21523445844650269 0.0006820776034146547 -0.01692558079957962
v 0.15266434848308563 0.14663687348365784 -0.042473889887332916
v 0.016939319670200348 0.12226710468530655 0.17713448405265808
v 0.1994655877351761 0.046934276819229126 -0.06799603998661041
v 0.09801654517650604 0.184773251414299 0.05352022126317024
v 0.16417165100574493 0.12899568676948547 -0.05495992675423622
v 0.033774200826883316 0.14140553772449493 0.15961386263370514
v 0.20533309876918793 0.031004829332232475 -0.059074766933918
v 0.11280743777751923 0.1817011535167694 0.029529312625527382
v 0.17466676235198975 0.1099010780453682 -0.06345141679048538
v 0.05040085315704346 0.15713834762573242 0.13921242952346802
v 0.20993466675281525 0.017872389405965805 -0.047125618904829025
v 0.12690283358097076 0.17452511191368103 0.007033121772110462
v 0.18408501148223877 0.09018309414386749 -0.06776819378137589
v 0.066716767847538 0.16898582875728607 0.11664249747991562
v 0.21324191987514496 0.008082695305347443 -0.03279278427362442
v 0.14021582901477814 0.16363929212093353 -0.013210329227149487
v 0.1923683136701584 0.07068977504968643 -0.0678984522819519
v 0.08262135088443756 0.17661800980567932 0.09269627928733826
v 0.21523445844650269 0.0020418092608451843 -0.01681581139564514
v 0.15266434848308563 0.14957910776138306 -0.030536793172359467
v 0.016939319670200348 0.10761722922325134 0.18639850616455078
v 0.1994655877351761 0.052253492176532745 -0.06399890780448914
v 0.09801654517650604 0.17986749112606049 0.06821474432945251
v 0.16417165100574493 0.13299982249736786 -0.044401865452528
v 0.033774200826883316 0.12810343503952026 0.17047470808029175
v 0.20533309876918793 0.03565783426165581 -0.05638835206627846
v 0.11280743777751923 0.17873583734035492 0.04405442625284195
v 0.17466676235198975 0.1146504208445549 -0.05440230295062065
v 0.05040085315704346 0.14542685449123383 0.15140539407730103
v 0.20993466675281525 0.02160647138953209 -0.04553467407822609
v 0.12690283358097076 0.17339324951171875 0.021053751930594444
v 0.18408501148223877 0.09534373134374619 -0.06029172241687775
v 0.066716767847538 0.1590520441532135 0.1298619657754898
v 0.21324191987514496 0.010695208795368671 -0.032036058604717255
v 0.14021582901477814 0.16417165100574493 -4.675989798780201e-16
v 0.1923683136701584 0.0759241059422493 -0.06199011206626892
v 0.08262135088443756 0.1685863435268402 0.10660754144191742
v 0.21523445844650269 0.0033882989082485437 -0.01659698598086834
v 0.15266434848308563 0.1515512615442276 -0.018401654437184334
v 0.016939319670200348 0.0922694057226181 0.1944536566734314
v 0.1994655877351761 0.05723382160067558 -0.059586722403764725
v 0.09801654517650604 0.17379523813724518 0.08246686309576035
v 0.16417165100574493 0.13614141941070557 -0.03355584666132927
v 0.033774200826883316 0.11397051811218262 0.18022994697093964
v 0.20533309876918793 0.04007958248257637 -0.053336236625909805
v 0.11280743777751923 0.17461134493350983 0.05829383060336113
v 0.17466676235198975 0.1186562106013298 -0.04500036686658859
v 0.05040085315704346 0.13277220726013184 0.16261643171310425
v 0.20993466675281525 0.02520042657852173 -0.04364842176437378
v 0.12690283358097076 0.17113687098026276 0.034937839955091476
v 0.18408501148223877 0.09988602995872498 -0.05242422968149185
v 0.066716767847538 0.14808674156665802 0.14223924279212952
v 0.21324191987514496 0.013238359242677689 -0.03107156977057457
v 0.14021582901477814 0.16363929212093353 0.013210329227149487
v 0.1923683136701584 0.08066603541374207 -0.055679745972156525
v 0.08262135088443756 0.15946131944656372 0.11982741206884384
v 0.21523445844650269 0.004712814465165138 -0.01627052202820778
v 0.15266434848308563 0.15254054963588715 -0.006147173698991537
v 0.016939319670200348 0.07632318884134293 0.2012477070093155
v 0.1994655877351761 0.06184297055006027 -0.05478809028863907
v 0.09801654517650604 0.16659584641456604 0.0961841568350792
v 0.16417165100574493 0.13840007781982422 -0.02249220199882984
v 0.033774200826883316 0.09909845888614655 0.18881633877754211
v 0.20533309876918793 0.04424140229821205 -0.04993822053074837
v 0.11280743777751923 0.1693544238805771 0.0721551775932312
v 0.17466676235198975 0.12189247459173203 -0.03530658408999443
v 0.05040085315704346 0.11925648152828217 0.1727728396654129
v 0.20993466675281525 0.028630947694182396 -0.04147908836603165
v 0.12690283358097076 0.1677705943584442 0.04859534651041031
v 0.18408501148223877 0.10378052294254303 -0.04421674832701683
v 0.066716767847538 0.13616102933883667 0.1536940336227417
v 0.21324191987514496 0.01569565385580063 -0.029905570670962334
v 0.14021582901477814 0.1620456725358963 0.026334984228014946
v 0.1923683136701584 0.08488482236862183 -0.04900827258825302
v 0.08262135088443756 0.149302139878273 0.13227015733718872
v 0.21523445844650269 0.006006765179336071 -0.015838537365198135
v 0.15266434848308563 0.15254054963588715 0.006147173698991537
v 0.016939319670200348 0.05988198518753052 0.20673659443855286
v 0.1994655877351761 0.06605104357004166 -0.049634139984846115
v 0.09801654517650604 0.1583160161972046 0.10927765816450119
v 0.16417165100574493 0.13976114988327026 -0.011282687075436115
v 0.033774200826883316 0.08358371257781982 0.19617818295955658
v 0.20533309876918793 0.0481162965297699 -0.04621633142232895
v 0.11280743777751923 0.16299918293952942 0.08554857224225998
v 0.17466676235198975 0.12433820962905884 -0.025383828207850456
v 0.05040085315704346 0.10496733337640762 0.18180875480175018
v 0.20993466675281525 0.03187578544020653 -0.03904075175523758
v 0.12690283358097076 0.1633162647485733 0.061937689781188965
v 0.18408501148223877 0.10700196772813797 -0.035722505301237106
v 0.066716767847538 0.12335227429866791 0.16415205597877502
v 0.21324191987514496 0.018051156774163246 -0.028545619919896126
v 0.14021582901477814 0.15940111875534058 0.039288848638534546
v 0.1923683136701584 0.08855309337377548 -0.042018964886665344
v 0.08262135088443756 0.13817466795444489 0.14385506510734558
v 0.21523445844650269 0.0072617600671947 -0.015303835272789001
v 0.15266434848308563 0.1515512615442276 0.018401654437184334
v 0.016939319670200348 0.043052420020103455 0.2108847051858902
v 0.1994655877351761 0.0698307454586029 -0.044158291071653366
v 0.09801654517650604 0.14900945127010345 0.1216624453663826
v 0.16417165100574493 0.14021582901477814 -3.9936727313335445e-16
v 0.033774200826883316 0.06752689182758331 0.20226772129535675
v 0.20533309876918793 0.05167914181947708 -0.04219471290707588
v 0.11280743777751923 0.1555868238210678 0.09838714450597763
v 0.17466676235198975 0.12597757577896118 -0.015296446159482002
v 0.05040085315704346 0.08999743312597275 0.18966557085514069
v 0.20993466675281525 0.03491389751434326 -0.03634921833872795
v 0.12690283358097076 0.1578027755022049 0.07487834244966507
v 0.18408501148223877 0.10952945798635483 -0.026996588334441185
v 0.066716767847538 0.10974352806806564 0.1735454946756363
v 0.21324191987514496 0.02028959058225155 -0.027000540867447853
v 0.14021582901477814 0.15572279691696167 0.0519879050552845
v 0.1923683136701584 0.09164706617593765 -0.03475714847445488
v 0.08262135088443756 0.12615108489990234 0.15450704097747803
v 0.21523445844650269 0.008469659835100174 -0.014669880270957947
v 0.15266434848308563 0.14957910776138306 0.030536793172359467
v 0.016939319670200348 0.02594364620745182 0.2136651575565338
v 0.1994655877351761 0.07315757125616074 -0.03839605674147606
v 0.09801654517650604 0.13873650133609772 0.13325820863246918
v 0.16417165100574493 0.13976114988327026 0.011282687075436115
v 0.033774200826883316 0.05103212967514992 0.20704549551010132
v 0.20533309876918793 0.05490682274103165 -0.0378994457423687
v 0.11280743777751923 0.1471654325723648 0.11058764904737473
v 0.17466676235198975 0.12679991126060486 -0.005109861958771944
v 0.05040085315704346 0.07444386184215546 0.19629232585430145
v 0.20993466675281525 0.03772558271884918 -0.03342194855213165
v 0.12690283358097076 0.15126585960388184 0.08733338117599487
v 0.18408501148223877 0.11134660989046097 -0.018095586448907852
v 0.066716767847538 0.09542305022478104 0.18181343376636505
v 0.21324191987514496 0.02239643782377243 -0.02528035268187523
v 0.14021582901477814 0.15103453397750854 0.06434980779886246
v 0.1923683136701584 0.09414666891098022 -0.027269914746284485
v 0.08262135088443756 0.11330936849117279 0.1641569584608078
v 0.21523445844650269 0.00962262973189354 -0.013940786011517048
v 0.15266434848308563 0.14663687348365784 0.042473889887332916
v 0.016939319670200348 0.008666617795825005 0.21505989134311676
v 0.1994655877351761 0.07600994408130646 -0.03238481283187866
v 0.09801654517650604 0.12756378948688507 0.14398974180221558
v 0.16417165100574493 0.13840007781982422 0.02249220199882984
v 0.033774200826883316 0.03420640900731087 0.2104804813861847
v 0.20533309876918793 0.05777841806411743 -0.033358383923769
v 0.11280743777751923 0.13778960704803467 0.12207094579935074
v 0.17466676235198975 0.12679991126060486 0.005109861958771944
v 0.05040085315704346 0.0584074892103672 0.20164604485034943
v 0.20993466675281525 0.04029259830713272 -0.030277922749519348
v 0.12690283358097076 0.14374792575836182 0.09922203421592712
v 0.18408501148223877 0.11244164407253265 -0.009077227674424648
v 0.066716767847538 0.08048371970653534 0.18890222907066345
v 0.21324191987514496 0.024358035996556282 -0.023396210744976997
v 0.14021582901477814 0.14536677300930023 0.07629436999559402
v 0.1923683136701584 0.09603569656610489 -0.01960582844913006
v 0.08262135088443756 0.09973279386758804 0.17274226248264313
v 0.21523445844650269 0.010713193565607071 -0.013121280819177628
v 0.15266434848308563 0.14274364709854126 0.0541355274617672
v 0.1994655877351761 0.07836936414241791 -0.026163538917899132
v 0.09801654517650604 0.1155637726187706 0.15378744900226593
v 0.16417165100574493 0.13614141941070557 0.03355584666132927
v 0.033774200826883316 0.01715884543955326 0.21255043148994446
v 0.20533309876918793 0.06027529388666153 -0.028600983321666718
v 0.11280743777751923 0.12752017378807068 0.13276256620883942
v 0.17466676235198975 0.12597757577896118 0.015296446159482002
v 0.05040085315704346 0.04199232533574104 0.20569202303886414
v 0.20993466675281525 0.04259830340743065 -0.026937533169984818
v 0.12690283358097076 0.1352977454662323 0.11046718806028366
v 0.18408501148223877 0.11280743777751923 -3.2130180503864194e-16
v 0.066716767847538 0.06502242386341095 0.19476592540740967
v 0.21324191987514496 0.026161663234233856 -0.021360337734222412
v 0.14021582901477814 0.13875624537467957 0.08774413913488388
v 0.1923683136701584 0.0973019003868103 -0.011814589612185955
v 0.08262135088443756 0.08550941199064255 0.1802072823047638
v 0.21523445844650269 0.011734278872609138 -0.012216677889227867
v 0.15266434848308563 0.1379246711730957 0.06544607132673264
v 0.1994655877351761 0.080220527946949 -0.01977258361876011
v 0.09801654517650604 0.10281428694725037 0.16258779168128967
v 0.16417165100574493 0.13299982249736786 0.044401865452528
v 0.20533309876918793 0.06238126382231712 -0.023658093065023422
v 0.11280743777751923 0.11642371118068695 0.1425931602716446
v 0.17466676235198975 0.12433820962905884 0.025383828207850456
v 0.05040085315704346 0.025304827839136124 0.20840400457382202
v 0.20993466675281525 0.04462774097919464 -0.023422444239258766
v 0.12690283358097076 0.12597009539604187 0.12099592387676239
v 0.18408501148223877 0.11244164407253265 0.009077227674424648
v 0.066716767847538 0.04913942888379097 0.199366495013237
v 0.21324191987514496 0.027795622125267982 -0.019185932353138924
v 0.14021582901477814 0.13124583661556244 0.09862484782934189
v 0.1923683136701584 0.09793705493211746 -0.0039467285387218
v 0.08262135088443756 0.07073147594928741 0.1865035742521286
v 0.21523445844650269 0.012679262086749077 -0.011232846416532993
v 0.15266434848308563 0.13221120834350586 0.07633217424154282
v 0.1994655877351761 0.08155142515897751 -0.013253397308290005
v 0.09801654517650604 0.08939801156520844 0.17033368349075317
v 0.16417165100574493 0.12899568676948547 0.05495992675423622
v 0.20533309876918793 0.06408266723155975 -0.018561771139502525
v 0.11280743777751923 0.10457220673561096 0.15149898827075958
v 0.17466676235198975 0.12189247459173203 0.03530658408999443
v 0.05040085315704346 0.008453216403722763 0.20976440608501434
v 0.20993466675281525 0.04636774957180023 -0.019755451008677483
v 0.12690283358097076 0.11582548916339874 0.1307399570941925
v 0.18408501148223877 0.11134660989046097 0.018095586448907852
v 0.066716767847538 0.03293774649500847 0.20267409086227417
v 0.21324191987514496 0.029249316081404686 -0.016887100413441658
v 0.14021582901477814 0.12288424372673035 0.10886593908071518
v 0.1923683136701584 0.09793705493211746 0.0039467285387218
v 0.08262135088443756 0.05549481138586998 0.1915903091430664
v 0.21523445844650269 0.01354201603680849 -0.010176165029406548
v 0.15266434848308563 0.12564030289649963 0.08672323822975159
v 0.1994655877351761 0.08235343545675278 -0.0066482569091022015
v 0.09801654517650604 0.07540195435285568 0.17697489261627197
v 0.16417165100574493 0.1241549551486969 0.06516154855489731
v 0.20533309876918793 0.06536846607923508 -0.013345068320631981
v 0.11280743777751923 0.09204250574111938 0.15942229330539703
v 0.17466676235198975 0.1186562106013298 0.04500036686658859
v 0.20993466675281525 0.04780704528093338 -0.015960337594151497
v 0.12690283358097076 0.10492970794439316 0.1396360844373703
v 0.18408501148223877 0.10952945798635483 0.026996588334441185
v 0.066716767847538 0.016522450372576714 0.20466727018356323
v 0.21324191987514496 0.03051331639289856 -0.01447874866425991
v 0.14021582901477814 0.1137256994843483 0.11840099096298218
v 0.1923683136701584 0.0973019003868103 0.011814589612185955
v 0.08262135088443756 0.03989824280142784 0.19543452560901642
v 0.21523445844650269 0.014316944405436516 -0.009053487330675125
v 0.15266434848308563 0.11825456470251083 0.09655186533927917
v 0.1994655877351761 0.08262135088443756 -2.3532481098855786e-16
v 0.09801654517650604 0.06091688573360443 0.18246835470199585
v 0.16417165100574493 0.11850903183221817 0.07494056969881058
v 0.20533309876918793 0.06623032689094543 -0.00804181769490242
v 0.11280743777751923 0.07891587167978287 0.16631168127059937
v 0.17466676235198975 0.1146504208445549 0.05440230295062065
v 0.20993466675281525 0.04893629625439644 -0.012061714194715023
v 0.12690283358097076 0.09335342049598694 0.1476266235113144
v 0.18408501148223877 0.10700196772813797 0.035722505301237106
v 0.21324191987514496 0.03157942742109299 -0.011976496316492558
v 0.14021582901477814 0.10382959991693497 0.1271681785583496
v 0.1923683136701584 0.09603569656610489 0.01960582844913006
v 0.08262135088443756 0.024042919278144836 0.19801126420497894
v 0.21523445844650269 0.014999021776020527 -0.00787209440022707
v 0.15266434848308563 0.11010190844535828 0.1057543158531189
v 0.1994655877351761 0.08235343545675278 0.0066482569091022015
v 0.09801654517650604 0.046036750078201294 0.18677844107151031
v 0.16417165100574493 0.11209453642368317 0.08423357456922531
v 0.20533309876918793 0.06666266173124313 -0.0026864134706556797
v 0.11280743777751923 0.06527744233608246 0.17212247848510742
v 0.17466676235198975 0.1099010780453682 0.06345141679048538
v 0.20993466675281525 0.04974817484617233 -0.008084865286946297
v 0.12690283358097076 0.08117169141769409 0.15465974807739258
v 0.18408501148223877 0.10378052294254303 0.04421674832701683
v 0.21324191987514496 0.032440733164548874 -0.009396572597324848
v 0.14021582901477814 0.09326012432575226 0.13511061668395996
v 0.1923683136701584 0.09414666891098022 0.027269914746284485
v 0.08262135088443756 0.00803167000412941 0.19930382072925568
v 0.21523445844650269 0.015583825297653675 -0.006639647297561169
v 0.15266434848308563 0.10123519599437714 0.11427091062068939
v 0.1994655877351761 0.08155142515897751 0.013253397308290005
v 0.09801654517650604 0.030858047306537628 0.18987718224525452
v 0.16417165100574493 0.10495305806398392 0.092980295419693
v 0.20533309876918793 0.06666266173124313 0.0026864134706556797
v 0.11280743777751923 0.05121566355228424 0.17681698501110077
v 0.17466676235198975 0.10443898290395737 0.07208902388811111
v 0.20993466675281525 0.050237420946359634 -0.0040555838495492935
v 0.12690283358097076 0.06846354156732559 0.1606898307800293
v 0.18408501148223877 0.09988602995872498 0.05242422968149185
v 0.21324191987514496 0.03309164568781853 -0.006755707785487175
v 0.14021582901477814 0.08208582550287247 0.1421768218278885
v 0.1923683136701584 0.09164706617593765 0.03475714847445488
v 0.21523445844650269 0.016067560762166977 -0.0053641400299966335
v 0.15266434848308563 0.09171193093061447 0.12204641103744507
v 0.1994655877351761 0.080220527946949 0.01977258361876011
v 0.09801654517650604 0.015479217283427715 0.19174452126026154
v 0.16417165100574493 0.0971309244632721 0.10112400352954865
v 0.20533309876918793 0.06623032689094543 0.00804181769490242
v 0.11280743777751923 0.03682173043489456 0.18036477267742157
v 0.17466676235198975 0.09829956293106079 0.08025911450386047
v 0.20993466675281525 0.05040085315704346 -1.435533439556459e-16
v 0.12690283358097076 0.05531137436628342 0.16567780077457428
v 0.18408501148223877 0.09534373134374619 0.06029172241687775
v 0.21324191987514496 0.03352794796228409 -0.004071029834449291
v 0.14021582901477814 0.07037916779518127 0.14832094311714172
v 0.1923683136701584 0.08855309337377548 0.042018964886665344
v 0.21523445844650269 0.016447093337774277 -0.004053844138979912
v 0.15266434848308563 0.08159387856721878 0.12903039157390594
v 0.1994655877351761 0.07836936414241791 0.026163538917899132
v 0.16417165100574493 0.08867885917425156 0.10861188173294067
v 0.20533309876918793 0.06536846607923508 0.013345068320631981
v 0.11280743777751923 0.022188996896147728 0.18274281919002533
v 0.17466676235198975 0.09152263402938843 0.08790868520736694
v 0.20993466675281525 0.050237420946359634 0.0040555838495492935
v 0.12690283358097076 0.041800495237112045 0.1695912629365921
v 0.18408501148223877 0.09018309414386749 0.06776819378137589
v 0.21324191987514496 0.033746808767318726 -0.001359949936158955
v 0.14021582901477814 0.058216068893671036 0.1535031646490097
v 0.1923683136701584 0.08488482236862183 0.04900827258825302
v 0.21523445844650269 0.016719959676265717 -0.002717257710173726
v 0.15266434848308563 0.07094666361808777 0.13517756760120392
v 0.1994655877351761 0.07600994408130646 0.03238481283187866
v 0.16417165100574493 0.07965166866779327 0.11539536714553833
v 0.20533309876918793 0.06408266723155975 0.018561771139502525
v 0.11280743777751923 0.007412355858832598 0.1839357167482376
v 0.17466676235198975 0.08415214717388153 0.0949881374835968
v 0.20993466675281525 0.04974817484617233 0.008084865286946297
v 0.12690283358097076 0.028018519282341003 0.17240488529205322
v 0.18408501148223877 0.08443757891654968 0.07480517029762268
v 0.21324191987514496 0.033746808767318726 0.001359949936158955
v 0.14021582901477814 0.04567541927099228 0.15768983960151672
v 0.1923683136701584 0.08066603541374207 0.055679745972156525
v 0.21523445844650269 0.016884390264749527 -0.001363048912025988
v 0.15266434848308563 0.05983933061361313 0.14044806361198425
v 0.1994655877351761 0.07315757125616074 0.03839605674147606
v 0.16417165100574493 0.07010791450738907 0.12143047153949738
v 0.20533309876918793 0.06238126382231712 0.023658093065023422
v 0.17466676235198975 0.07623589783906937 0.10145155340433121
v 0.20993466675281525 0.04893629625439644 0.012061714194715023
v 0.12690283358097076 0.01405483577400446 0.1741003841161728
v 0.18408501148223877 0.07814446091651917 0.08135700225830078
v 0.21324191987514496 0.03352794796228409 0.004071029834449291
v 0.14021582901477814 0.032838549464941025 0.16085384786128998
v 0.1923683136701584 0.0759241059422493 0.06199011206626892
v 0.21523445844650269 0.016939319670200348 -4.8247115789613155e-17
v 0.15266434848308563 0.04834391549229622 0.14480769634246826
v 0.1994655877351761 0.0698307454586029 0.044158291071653366
v 0.16417165100574493 0.06010948494076729 0.12667804956436157
v 0.20533309876918793 0.06027529388666153 0.028600983321666718
v 0.17466676235198975 0.06782522797584534 0.10725701600313187
v 0.20993466675281525 0.04780704528093338 0.015960337594151497
v 0.18408501148223877 0.07134454697370529 0.08738120645284653
v 0.21324191987514496 0.03309164568781853 0.006755707785487175
v 0.14021582901477814 0.019788704812526703 0.16297465562820435
v 0.1923683136701584 0.07068977504968643 0.0678984522819519
v 0.21523445844650269 0.016884390264749527 0.001363048912025988
v 0.15266434848308563 0.03653497248888016 0.14822819828987122
v 0.1994655877351761 0.06605104357004166 0.049634139984846115
v 0.16417165100574493 0.04972121864557266 0.13110408186912537
v 0.20533309876918793 0.05777841806411743 0.033358383923769
v 0.17466676235198975 0.05897468701004982 0.11236687749624252
v 0.20993466675281525 0.04636774957180023 0.019755451008677483
v 0.18408501148223877 0.06408192962408066 0.09283870458602905
v 0.21324191987514496 0.032440733164548874 0.009396572597324848
v 0.14021582901477814 0.006610525771975517 0.1640385091304779
v 0.1923683136701584 0.06499699503183365 0.0733664408326149
v 0.21523445844650269 0.016719959676265717 0.002717257710173726
v 0.15266434848308563 0.024489084258675575 0.15068739652633667
v 0.1994655877351761 0.06184297055006027 0.05478809028863907
v 0.16417165100574493 0.03901049494743347 0.1346798539161682
v 0.20533309876918793 0.05490682274103165 0.0378994457423687
v 0.17466676235198975 0.04974167421460152 0.11674799770116806
v 0.20993466675281525 0.04462774097919464 0.023422444239258766
v 0.18408501148223877 0.05640371888875961 0.09769410640001297
v 0.21324191987514496 0.03157942742109299 0.011976496316492558
v 0.1923683136701584 0.058882683515548706 0.07835862040519714
v 0.21523445844650269 0.016447093337774277 0.004053844138979912
v 0.15266434848308563 0.012284376658499241 0.15216931700706482
v 0.1994655877351761 0.05723382160067558 0.059586722403764725
v 0.16417165100574493 0.02804677002131939 0.1373821645975113
v 0.20533309876918793 0.05167914181947708 0.04219471290707588
v 0.17466676235198975 0.040186066180467606 0.12037196755409241
v 0.20993466675281525 0.04259830340743065 0.026937533169984818
v 0.18408501148223877 0.0483597107231617 0.10191593319177628
v 0.21324191987514496 0.03051331639289856 0.01447874866425991
v 0.1923683136701584 0.05238649621605873 0.082842618227005
v 0.21523445844650269 0.016067560762166977 0.0053641400299966335
v 0.1994655877351761 0.052253492176532745 0.06399890780448914
v 0.16417165100574493 0.016901150345802307 0.13919350504875183
v 0.20533309876918793 0.0481162965297699 0.04621633142232895
v 0.17466676235198975 0.0303698368370533 0.12321527302265167
v 0.20993466675281525 0.04029259830713272 0.030277922749519348
v 0.18408501148223877 0.04000207036733627 0.10547678917646408
v 0.21324191987514496 0.029249316081404686 0.016887100413441658
v 0.1923683136701584 0.04555056244134903 0.08678934723138809
v 0.21523445844650269 0.015583825297653675 0.006639647297561169
v 0.1994655877351761 0.046934276819229126 0.06799603998661041
v 0.16417165100574493 0.005645922385156155 0.14010211825370789
v 0.20533309876918793 0.04424140229821205 0.04993822053074837
v 0.17466676235198975 0.020356645807623863 0.12525947391986847
v 0.20993466675281525 0.03772558271884918 0.03342194855213165
v 0.18408501148223877 0.03138500079512596 0.10835359245538712
v 0.21324191987514496 0.027795622125267982 0.019185932353138924
v 0.1923683136701584 0.0384192131459713 0.09017320722341537
v 0.21523445844650269 0.014999021776020527 0.00787209440022707
v 0.1994655877351761 0.04131067544221878 0.07155218720436096
v 0.20533309876918793 0.04007958248257637 0.053336236625909805
v 0.17466676235198975 0.010211436077952385 0.12649132311344147
v 0.20993466675281525 0.03491389751434326 0.03634921833872795
v 0.18408501148223877 0.022564386948943138 0.11052767187356949
v 0.21324191987514496 0.026161663234233856 0.021360337734222412
v 0.1923683136701584 0.03103870339691639 0.0929722711443901
v 0.21523445844650269 0.014316944405436516 0.009053487330675125
v 0.1994655877351761 0.03541915863752365 0.0746442973613739
v 0.20533309876918793 0.03565783426165581 0.05638835206627846
v 0.20993466675281525 0.03187578544020653 0.03904075175523758
v 0.18408501148223877 0.013597434386610985 0.11198494583368301
v 0.21324191987514496 0.024358035996556282 0.023396210744976997
v 0.1923683136701584 0.023456895723938942 0.09516836702823639
v 0.21523445844650269 0.01354201603680849 0.010176165029406548
v 0.1994655877351761 0.029297934845089912 0.07725230604410172
v 0.20533309876918793 0.031004829332232475 0.059074766933918
v 0.20993466675281525 0.028630947694182396 0.04147908836603165
v 0.18408501148223877 0.004542297683656216 0.1127159520983696
v 0.21324191987514496 0.02239643782377243 0.02528035268187523
v 0.1923683136701584 0.015722960233688354 0.0967472568154335
v 0.21523445844650269 0.012679262086749077 0.011232846416532993
v 0.1994655877351761 0.022986702620983124 0.07935930788516998
v 0.20533309876918793 0.026150746271014214 0.061378054320812225
v 0.20993466675281525 0.02520042657852173 0.04364842176437378
v 0.21324191987514496 0.02028959058225155 0.027000540867447853
v 0.1923683136701584 0.007887055166065693 0.09769871085882187
v 0.21523445844650269 0.011734278872609138 0.012216677889227867
v 0.1994655877351761 0.016526393592357635 0.08095163106918335
v 0.20533309876918793 0.021127065643668175 0.0632832869887352
v 0.20993466675281525 0.02160647138953209 0.04553467407822609
v 0.21324191987514496 0.018051156774163246 0.028545619919896126
v 0.21523445844650269 0.010713193565607071 0.013121280819177628
v 0.1994655877351761 0.009958903305232525 0.08201894909143448
v 0.20533309876918793 0.015966368839144707 0.06477810442447662
v 0.20993466675281525 0.017872389405965805 0.047125618904829025
v 0.21324191987514496 0.01569565385580063 0.029905570670962334
v 0.21523445844650269 0.00962262973189354 0.013940786011517048
v 0.1994655877351761 0.0033268264960497618 0.08255434781312943
v 0.20533309876918793 0.010702122002840042 0.0658528059720993
v 0.20993466675281525 0.014022397808730602 0.04841093346476555
v 0.21324191987514496 0.013238359242677689 0.03107156977057457
v 0.21523445844650269 0.008469659835100174 0.014669880270957947
v 0.20533309876918793 0.005368469282984734 0.06650042533874512
v 0.20993466675281525 0.010081465356051922 0.049382284283638
v 0.21324191987514496 0.010695208795368671 0.032036058604717255
v 0.21523445844650269 0.0072617600671947 0.015303835272789001
v 0.20993466675281525 0.006075151730328798 0.05003337562084198
v 0.21324191987514496 0.008082695305347443 0.03279278427362442
v 0.21523445844650269 0.006006765179336071 0.015838537365198135
v 0.20993466675281525 0.002029437804594636 0.05035997927188873
v 0.21324191987514496 0.005417762789875269 0.033336833119392395
v 0.21523445844650269 0.004712814465165138 0.01627052202820778
v 0.21324191987514496 0.0027176940347999334 0.033664681017398834
v 0.21523445844650269 0.0033882989082485437 0.01659698598086834
v 0.21523445844650269 0.0020418092608451843 0.01681581139564514
v 0.21523445844650269 0.0006820776034146547 0.01692558079957962
v 2.644012517673686e-17 0 -0.2159000039100647
v 2.6358618107898334e-17 0.016939319670200348 -0.21523445844650269
v 2.611460313591764e-17 0.033774200826883316 -0.21324191987514496
v 2.5709582420787177e-17 0.05040085315704346 -0.20993466675281525
v 2.5146052393595626e-17 0.066716767847538 -0.20533309876918793
v 2.442749052163816e-17 0.08262135088443756 -0.1994655877351761
v 2.3558323875553167e-17 0.09801654517650604 -0.1923683136701584
v 2.2543912585709987e-17 0.11280743777751923 -0.18408501148223877
v 2.139051013753952e-17 0.12690283358097076 -0.17466676235198975
v 2.01052286299485e-17 0.14021582901477814 -0.16417165100574493
v 1.869599079884396e-17 0.15266434848308563 -0.15266434848308563
v 1.717148700374138e-17 0.16417165100574493 -0.14021582901477814
v 1.5541115670760587e-17 0.17466676235198975 -0.12690283358097076
v 1.3814927044344102e-17 0.18408501148223877 -0.11280743777751923
v 1.2003565284614257e-17 0.1923683136701584 -0.09801654517650604
v 1.0118197329840517e-17 0.1994655877351761 -0.08262135088443756
v 8.170447549171092e-18 0.20533309876918793 -0.066716767847538
v 6.1723245371487175e-18 0.20993466675281525 -0.05040085315704346
v 4.136146667455535e-18 0.21324191987514496 -0.033774200826883316
v 2.074468267043415e-18 0.21523445844650269 -0.016939319670200348
v 0 0.2159000039100647 1.322006258836843e-17
v -0.016939319670200348 0 -0.21523445844650269
v -0.033774200826883316 0 -0.21324191987514496
v -0.05040085315704346 0 -0.20993466675281525
v -0.066716767847538 0 -0.20533309876918793
v -0.08262135088443756 0 -0.1994655877351761
v -0.09801654517650604 0 -0.1923683136701584
v -0.11280743777751923 0 -0.18408501148223877
v -0.12690283358097076 0 -0.17466676235198975
v -0.14021582901477814 0 -0.16417165100574493
v -0.15266434848308563 0 -0.15266434848308563
v -0.16417165100574493 0 -0.14021582901477814
v -0.17466676235198975 0 -0.12690283358097076
v -0.18408501148223877 0 -0.11280743777751923
v -0.1923683136701584 0 -0.09801654517650604
v -0.1994655877351761 0 -0.08262135088443756
v -0.20533309876918793 0 -0.066716767847538
v -0.20993466675281525 0 -0.05040085315704346
v -0.21324191987514496 0 -0.033774200826883316
v -0.21523445844650269 0 -0.016939319670200348
v -0.2159000039100647 0 -3.9660186937924677e-17
v -0.2159000039100647 0 -3.9660186937924677e-17
v -0.21523445844650269 0 0.016939319670200348
v -0.21324191987514496 0 0.033774200826883316
v -0.20993466675281525 0 0.05040085315704346
v -0.20533309876918793 0 0.066716767847538
v -0.1994655877351761 0 0.08262135088443756
v -0.1923683136701584 0 0.09801654517650604
v -0.18408501148223877 0 0.11280743777751923
v -0.17466676235198975 0 0.12690283358097076
v -0.16417165100574493 0 0.14021582901477814
v -0.15266434848308563 0 0.15266434848308563
v -0.14021582901477814 0 0.16417165100574493
v -0.12690283358097076 0 0.17466676235198975
v -0.11280743777751923 0 0.18408501148223877
v -0.09801654517650604 0 0.1923683136701584
v -0.08262135088443756 0 0.1994655877351761
v -0.066716767847538 0 0.20533309876918793
v -0.05040085315704346 0 0.20993466675281525
v -0.033774200826883316 0 0.21324191987514496
v -0.016939319670200348 0 0.21523445844650269
v 0 0 0.2159000039100647
v 0 0.016939319670200348 0.21523445844650269
v 0 0.033774200826883316 0.21324191987514496
v 0 0.05040085315704346 0.20993466675281525
v 0 0.066716767847538 0.20533309876918793
v 0 0.08262135088443756 0.1994655877351761
v 0 0.09801654517650604 0.1923683136701584
v 0 0.11280743777751923 0.18408501148223877
v 0 0.12690283358097076 0.17466676235198975
v 0 0.14021582901477814 0.16417165100574493
v 0 0.15266434848308563 0.15266434848308563
v 0 0.16417165100574493 0.14021582901477814
v 0 0.17466676235198975 0.12690283358097076
v 0 0.18408501148223877 0.11280743777751923
v 0 0.1923683136701584 0.09801654517650604
v 0 0.1994655877351761 0.08262135088443756
v 0 0.20533309876918793 0.066716767847538
v 0 0.20993466675281525 0.05040085315704346
v 0 0.21324191987514496 0.033774200826883316
v 0 0.21523445844650269 0.016939319670200348
v -0.21523445844650269 0.0006820776034146547 -0.01692558079957962
v -0.21523445844650269 0.0020418092608451843 -0.01681581139564514
v -0.21523445844650269 0.0033882989082485437 -0.01659698598086834
v -0.21324191987514496 0.0027176940347999334 -0.033664681017398834
v -0.21523445844650269 0.004712814465165138 -0.01627052202820778
v -0.21324191987514496 0.005417762789875269 -0.033336833119392395
v -0.20993466675281525 0.002029437804594636 -0.05035997927188873
v -0.21523445844650269 0.006006765179336071 -0.015838537365198135
v -0.21324191987514496 0.008082695305347443 -0.03279278427362442
v -0.20993466675281525 0.006075151730328798 -0.05003337562084198
v -0.21523445844650269 0.0072617600671947 -0.015303835272789001
v -0.21324191987514496 0.010695208795368671 -0.032036058604717255
v -0.20993466675281525 0.010081465356051922 -0.049382284283638
v -0.20533309876918793 0.005368469282984734 -0.06650042533874512
v -0.21523445844650269 0.008469659835100174 -0.014669880270957947
v -0.21324191987514496 0.013238359242677689 -0.03107156977057457
v -0.20993466675281525 0.014022397808730602 -0.04841093346476555
v -0.20533309876918793 0.010702122002840042 -0.0658528059720993
v -0.1994655877351761 0.0033268264960497618 -0.08255434781312943
v -0.21523445844650269 0.00962262973189354 -0.013940786011517048
v -0.21324191987514496 0.01569565385580063 -0.029905570670962334
v -0.20993466675281525 0.017872389405965805 -0.047125618904829025
v -0.20533309876918793 0.015966368839144707 -0.06477810442447662
v -0.1994655877351761 0.009958903305232525 -0.08201894909143448
v -0.21523445844650269 0.010713193565607071 -0.013121280819177628
v -0.21324191987514496 0.018051156774163246 -0.028545619919896126
v -0.20993466675281525 0.02160647138953209 -0.04553467407822609
v -0.20533309876918793 0.021127065643668175 -0.0632832869887352
v -0.1994655877351761 0.016526393592357635 -0.08095163106918335
v -0.21523445844650269 0.011734278872609138 -0.012216677889227867
v -0.1923683136701584 0.007887055166065693 -0.09769871085882187
v -0.21324191987514496 0.02028959058225155 -0.027000540867447853
v -0.20993466675281525 0.02520042657852173 -0.04364842176437378
v -0.20533309876918793 0.026150746271014214 -0.061378054320812225
v -0.1994655877351761 0.022986702620983124 -0.07935930788516998
v -0.21523445844650269 0.012679262086749077 -0.011232846416532993
v -0.1923683136701584 0.015722960233688354 -0.0967472568154335
v -0.21324191987514496 0.02239643782377243 -0.02528035268187523
v -0.18408501148223877 0.004542297683656216 -0.1127159520983696
v -0.20993466675281525 0.028630947694182396 -0.04147908836603165
v -0.20533309876918793 0.031004829332232475 -0.059074766933918
v -0.1994655877351761 0.029297934845089912 -0.07725230604410172
v -0.21523445844650269 0.01354201603680849 -0.010176165029406548
v -0.1923683136701584 0.023456895723938942 -0.09516836702823639
v -0.21324191987514496 0.024358035996556282 -0.023396210744976997
v -0.18408501148223877 0.013597434386610985 -0.11198494583368301
v -0.20993466675281525 0.03187578544020653 -0.03904075175523758
v -0.20533309876918793 0.03565783426165581 -0.05638835206627846
v -0.1994655877351761 0.03541915863752365 -0.0746442973613739
v -0.21523445844650269 0.014316944405436516 -0.009053487330675125
v -0.1923683136701584 0.03103870339691639 -0.0929722711443901
v -0.21324191987514496 0.026161663234233856 -0.021360337734222412
v -0.18408501148223877 0.022564386948943138 -0.11052767187356949
v -0.20993466675281525 0.03491389751434326 -0.03634921833872795
v -0.17466676235198975 0.010211436077952385 -0.12649132311344147
v -0.20533309876918793 0.04007958248257637 -0.053336236625909805
v -0.1994655877351761 0.04131067544221878 -0.07155218720436096
v -0.21523445844650269 0.014999021776020527 -0.00787209440022707
v -0.1923683136701584 0.0384192131459713 -0.09017320722341537
v -0.21324191987514496 0.027795622125267982 -0.019185932353138924
v -0.18408501148223877 0.03138500079512596 -0.10835359245538712
v -0.20993466675281525 0.03772558271884918 -0.03342194855213165
v -0.17466676235198975 0.020356645807623863 -0.12525947391986847
v -0.20533309876918793 0.04424140229821205 -0.04993822053074837
v -0.16417165100574493 0.005645922385156155 -0.14010211825370789
v -0.1994655877351761 0.046934276819229126 -0.06799603998661041
v -0.21523445844650269 0.015583825297653675 -0.006639647297561169
v -0.1923683136701584 0.04555056244134903 -0.08678934723138809
v -0.21324191987514496 0.029249316081404686 -0.016887100413441658
v -0.18408501148223877 0.04000207036733627 -0.10547678917646408
v -0.20993466675281525 0.04029259830713272 -0.030277922749519348
v -0.17466676235198975 0.0303698368370533 -0.12321527302265167
v -0.20533309876918793 0.0481162965297699 -0.04621633142232895
v -0.16417165100574493 0.016901150345802307 -0.13919350504875183
v -0.1994655877351761 0.052253492176532745 -0.06399890780448914
v -0.21523445844650269 0.016067560762166977 -0.0053641400299966335
v -0.1923683136701584 0.05238649621605873 -0.082842618227005
v -0.21324191987514496 0.03051331639289856 -0.01447874866425991
v -0.18408501148223877 0.0483597107231617 -0.10191593319177628
v -0.20993466675281525 0.04259830340743065 -0.026937533169984818
v -0.17466676235198975 0.040186066180467606 -0.12037196755409241
v -0.20533309876918793 0.05167914181947708 -0.04219471290707588
v -0.16417165100574493 0.02804677002131939 -0.1373821645975113
v -0.1994655877351761 0.05723382160067558 -0.059586722403764725
v -0.15266434848308563 0.012284376658499241 -0.15216931700706482
v -0.21523445844650269 0.016447093337774277 -0.004053844138979912
v -0.1923683136701584 0.058882683515548706 -0.07835862040519714
v -0.21324191987514496 0.03157942742109299 -0.011976496316492558
v -0.18408501148223877 0.05640371888875961 -0.09769410640001297
v -0.20993466675281525 0.04462774097919464 -0.023422444239258766
v -0.17466676235198975 0.04974167421460152 -0.11674799770116806
v -0.20533309876918793 0.05490682274103165 -0.0378994457423687
v -0.16417165100574493 0.03901049494743347 -0.1346798539161682
v -0.1994655877351761 0.06184297055006027 -0.05478809028863907
v -0.15266434848308563 0.024489084258675575 -0.15068739652633667
v -0.21523445844650269 0.016719959676265717 -0.002717257710173726
v -0.1923683136701584 0.06499699503183365 -0.0733664408326149
v -0.14021582901477814 0.006610525771975517 -0.1640385091304779
v -0.21324191987514496 0.032440733164548874 -0.009396572597324848
v -0.18408501148223877 0.06408192962408066 -0.09283870458602905
v -0.20993466675281525 0.04636774957180023 -0.019755451008677483
v -0.17466676235198975 0.05897468701004982 -0.11236687749624252
v -0.20533309876918793 0.05777841806411743 -0.033358383923769
v -0.16417165100574493 0.04972121864557266 -0.13110408186912537
v -0.1994655877351761 0.06605104357004166 -0.049634139984846115
v -0.15266434848308563 0.03653497248888016 -0.14822819828987122
v -0.21523445844650269 0.016884390264749527 -0.001363048912025988
v -0.1923683136701584 0.07068977504968643 -0.0678984522819519
v -0.14021582901477814 0.019788704812526703 -0.16297465562820435
v -0.21324191987514496 0.03309164568781853 -0.006755707785487175
v -0.18408501148223877 0.07134454697370529 -0.08738120645284653
v -0.20993466675281525 0.04780704528093338 -0.015960337594151497
v -0.17466676235198975 0.06782522797584534 -0.10725701600313187
v -0.20533309876918793 0.06027529388666153 -0.028600983321666718
v -0.16417165100574493 0.06010948494076729 -0.12667804956436157
v -0.1994655877351761 0.0698307454586029 -0.044158291071653366
v -0.15266434848308563 0.04834391549229622 -0.14480769634246826
v -0.21523445844650269 0.016939319670200348 -4.8247115789613155e-17
v -0.1923683136701584 0.0759241059422493 -0.06199011206626892
v -0.14021582901477814 0.032838549464941025 -0.16085384786128998
v -0.21324191987514496 0.03352794796228409 -0.004071029834449291
v -0.18408501148223877 0.07814446091651917 -0.08135700225830078
v -0.12690283358097076 0.01405483577400446 -0.1741003841161728
v -0.20993466675281525 0.04893629625439644 -0.012061714194715023
v -0.17466676235198975 0.07623589783906937 -0.10145155340433121
v -0.20533309876918793 0.06238126382231712 -0.023658093065023422
v -0.16417165100574493 0.07010791450738907 -0.12143047153949738
v -0.1994655877351761 0.07315757125616074 -0.03839605674147606
v -0.15266434848308563 0.05983933061361313 -0.14044806361198425
v -0.21523445844650269 0.016884390264749527 0.001363048912025988
v -0.1923683136701584 0.08066603541374207 -0.055679745972156525
v -0.14021582901477814 0.04567541927099228 -0.15768983960151672
v -0.21324191987514496 0.033746808767318726 -0.001359949936158955
v -0.18408501148223877 0.08443757891654968 -0.07480517029762268
v -0.12690283358097076 0.028018519282341003 -0.17240488529205322
v -0.20993466675281525 0.04974817484617233 -0.008084865286946297
v -0.17466676235198975 0.08415214717388153 -0.0949881374835968
v -0.11280743777751923 0.007412355858832598 -0.1839357167482376
v -0.20533309876918793 0.06408266723155975 -0.018561771139502525
v -0.16417165100574493 0.07965166866779327 -0.11539536714553833
v -0.1994655877351761 0.07600994408130646 -0.03238481283187866
v -0.15266434848308563 0.07094666361808777 -0.13517756760120392
v -0.21523445844650269 0.016719959676265717 0.002717257710173726
v -0.1923683136701584 0.08488482236862183 -0.04900827258825302
v -0.14021582901477814 0.058216068893671036 -0.1535031646490097
v -0.21324191987514496 0.033746808767318726 0.001359949936158955
v -0.18408501148223877 0.09018309414386749 -0.06776819378137589
v -0.12690283358097076 0.041800495237112045 -0.1695912629365921
v -0.20993466675281525 0.050237420946359634 -0.0040555838495492935
v -0.17466676235198975 0.09152263402938843 -0.08790868520736694
v -0.11280743777751923 0.022188996896147728 -0.18274281919002533
v -0.20533309876918793 0.06536846607923508 -0.013345068320631981
v -0.16417165100574493 0.08867885917425156 -0.10861188173294067
v -0.1994655877351761 0.07836936414241791 -0.026163538917899132
v -0.15266434848308563 0.08159387856721878 -0.12903039157390594
v -0.21523445844650269 0.016447093337774277 0.004053844138979912
v -0.1923683136701584 0.08855309337377548 -0.042018964886665344
v -0.14021582901477814 0.07037916779518127 -0.14832094311714172
v -0.21324191987514496 0.03352794796228409 0.004071029834449291
v -0.18408501148223877 0.09534373134374619 -0.06029172241687775
v -0.12690283358097076 0.05531137436628342 -0.16567780077457428
v -0.20993466675281525 0.05040085315704346 -1.435533439556459e-16
v -0.17466676235198975 0.09829956293106079 -0.08025911450386047
v -0.11280743777751923 0.03682173043489456 -0.18036477267742157
v -0.20533309876918793 0.06623032689094543 -0.00804181769490242
v -0.16417165100574493 0.0971309244632721 -0.10112400352954865
v -0.09801654517650604 0.015479217283427715 -0.19174452126026154
v -0.1994655877351761 0.080220527946949 -0.01977258361876011
v -0.15266434848308563 0.09171193093061447 -0.12204641103744507
v -0.21523445844650269 0.016067560762166977 0.0053641400299966335
v -0.1923683136701584 0.09164706617593765 -0.03475714847445488
v -0.14021582901477814 0.08208582550287247 -0.1421768218278885
v -0.21324191987514496 0.03309164568781853 0.006755707785487175
v -0.18408501148223877 0.09988602995872498 -0.05242422968149185
v -0.12690283358097076 0.06846354156732559 -0.1606898307800293
v -0.20993466675281525 0.050237420946359634 0.0040555838495492935
v -0.17466676235198975 0.10443898290395737 -0.07208902388811111
v -0.11280743777751923 0.05121566355228424 -0.17681698501110077
v -0.20533309876918793 0.06666266173124313 -0.0026864134706556797
v -0.16417165100574493 0.10495305806398392 -0.092980295419693
v -0.09801654517650604 0.030858047306537628 -0.18987718224525452
v -0.1994655877351761 0.08155142515897751 -0.013253397308290005
v -0.15266434848308563 0.10123519599437714 -0.11427091062068939
v -0.21523445844650269 0.015583825297653675 0.006639647297561169
v -0.08262135088443756 0.00803167000412941 -0.19930382072925568
v -0.1923683136701584 0.09414666891098022 -0.027269914746284485
v -0.14021582901477814 0.09326012432575226 -0.13511061668395996
v -0.21324191987514496 0.032440733164548874 0.009396572597324848
v -0.18408501148223877 0.10378052294254303 -0.04421674832701683
v -0.12690283358097076 0.08117169141769409 -0.15465974807739258
v -0.20993466675281525 0.04974817484617233 0.008084865286946297
v -0.17466676235198975 0.1099010780453682 -0.06345141679048538
v -0.11280743777751923 0.06527744233608246 -0.17212247848510742
v -0.20533309876918793 0.06666266173124313 0.0026864134706556797
v -0.16417165100574493 0.11209453642368317 -0.08423357456922531
v -0.09801654517650604 0.046036750078201294 -0.18677844107151031
v -0.1994655877351761 0.08235343545675278 -0.0066482569091022015
v -0.15266434848308563 0.11010190844535828 -0.1057543158531189
v -0.21523445844650269 0.014999021776020527 0.00787209440022707
v -0.08262135088443756 0.024042919278144836 -0.19801126420497894
v -0.1923683136701584 0.09603569656610489 -0.01960582844913006
v -0.14021582901477814 0.10382959991693497 -0.1271681785583496
v -0.21324191987514496 0.03157942742109299 0.011976496316492558
v -0.18408501148223877 0.10700196772813797 -0.035722505301237106
v -0.12690283358097076 0.09335342049598694 -0.1476266235113144
v -0.20993466675281525 0.04893629625439644 0.012061714194715023
v -0.17466676235198975 0.1146504208445549 -0.05440230295062065
v -0.11280743777751923 0.07891587167978287 -0.16631168127059937
v -0.20533309876918793 0.06623032689094543 0.00804181769490242
v -0.16417165100574493 0.11850903183221817 -0.07494056969881058
v -0.09801654517650604 0.06091688573360443 -0.18246835470199585
v -0.1994655877351761 0.08262135088443756 -2.3532481098855786e-16
v -0.15266434848308563 0.11825456470251083 -0.09655186533927917
v -0.21523445844650269 0.014316944405436516 0.009053487330675125
v -0.08262135088443756 0.03989824280142784 -0.19543452560901642
v -0.1923683136701584 0.0973019003868103 -0.011814589612185955
v -0.14021582901477814 0.1137256994843483 -0.11840099096298218
v -0.21324191987514496 0.03051331639289856 0.01447874866425991
v -0.066716767847538 0.016522450372576714 -0.20466727018356323
v -0.18408501148223877 0.10952945798635483 -0.026996588334441185
v -0.12690283358097076 0.10492970794439316 -0.1396360844373703
v -0.20993466675281525 0.04780704528093338 0.015960337594151497
v -0.17466676235198975 0.1186562106013298 -0.04500036686658859
v -0.11280743777751923 0.09204250574111938 -0.15942229330539703
v -0.20533309876918793 0.06536846607923508 0.013345068320631981
v -0.16417165100574493 0.1241549551486969 -0.06516154855489731
v -0.09801654517650604 0.07540195435285568 -0.17697489261627197
v -0.1994655877351761 0.08235343545675278 0.0066482569091022015
v -0.15266434848308563 0.12564030289649963 -0.08672323822975159
v -0.21523445844650269 0.01354201603680849 0.010176165029406548
v -0.08262135088443756 0.05549481138586998 -0.1915903091430664
v -0.1923683136701584 0.09793705493211746 -0.0039467285387218
v -0.14021582901477814 0.12288424372673035 -0.10886593908071518
v -0.21324191987514496 0.029249316081404686 0.016887100413441658
v -0.066716767847538 0.03293774649500847 -0.20267409086227417
v -0.18408501148223877 0.11134660989046097 -0.018095586448907852
v -0.12690283358097076 0.11582548916339874 -0.1307399570941925
v -0.20993466675281525 0.04636774957180023 0.019755451008677483
v -0.05040085315704346 0.008453216403722763 -0.20976440608501434
v -0.17466676235198975 0.12189247459173203 -0.03530658408999443
v -0.11280743777751923 0.10457220673561096 -0.15149898827075958
v -0.20533309876918793 0.06408266723155975 0.018561771139502525
v -0.16417165100574493 0.12899568676948547 -0.05495992675423622
v -0.09801654517650604 0.08939801156520844 -0.17033368349075317
v -0.1994655877351761 0.08155142515897751 0.013253397308290005
v -0.15266434848308563 0.13221120834350586 -0.07633217424154282
v -0.21523445844650269 0.012679262086749077 0.011232846416532993
v -0.08262135088443756 0.07073147594928741 -0.1865035742521286
v -0.1923683136701584 0.09793705493211746 0.0039467285387218
v -0.14021582901477814 0.13124583661556244 -0.09862484782934189
v -0.21324191987514496 0.027795622125267982 0.019185932353138924
v -0.066716767847538 0.04913942888379097 -0.199366495013237
v -0.18408501148223877 0.11244164407253265 -0.009077227674424648
v -0.12690283358097076 0.12597009539604187 -0.12099592387676239
v -0.20993466675281525 0.04462774097919464 0.023422444239258766
v -0.05040085315704346 0.025304827839136124 -0.20840400457382202
v -0.17466676235198975 0.12433820962905884 -0.025383828207850456
v -0.11280743777751923 0.11642371118068695 -0.1425931602716446
v -0.20533309876918793 0.06238126382231712 0.023658093065023422
v -0.16417165100574493 0.13299982249736786 -0.044401865452528
v -0.09801654517650604 0.10281428694725037 -0.16258779168128967
v -0.1994655877351761 0.080220527946949 0.01977258361876011
v -0.15266434848308563 0.1379246711730957 -0.06544607132673264
v -0.21523445844650269 0.011734278872609138 0.012216677889227867
v -0.08262135088443756 0.08550941199064255 -0.1802072823047638
v -0.1923683136701584 0.0973019003868103 0.011814589612185955
v -0.14021582901477814 0.13875624537467957 -0.08774413913488388
v -0.21324191987514496 0.026161663234233856 0.021360337734222412
v -0.066716767847538 0.06502242386341095 -0.19476592540740967
v -0.18408501148223877 0.11280743777751923 -3.2130180503864194e-16
v -0.12690283358097076 0.1352977454662323 -0.11046718806028366
v -0.20993466675281525 0.04259830340743065 0.026937533169984818
v -0.05040085315704346 0.04199232533574104 -0.20569202303886414
v -0.17466676235198975 0.12597757577896118 -0.015296446159482002
v -0.11280743777751923 0.12752017378807068 -0.13276256620883942
v -0.20533309876918793 0.06027529388666153 0.028600983321666718
v -0.033774200826883316 0.01715884543955326 -0.21255043148994446
v -0.16417165100574493 0.13614141941070557 -0.03355584666132927
v -0.09801654517650604 0.1155637726187706 -0.15378744900226593
v -0.1994655877351761 0.07836936414241791 0.026163538917899132
v -0.15266434848308563 0.14274364709854126 -0.0541355274617672
v -0.21523445844650269 0.010713193565607071 0.013121280819177628
v -0.08262135088443756 0.09973279386758804 -0.17274226248264313
v -0.1923683136701584 0.09603569656610489 0.01960582844913006
v -0.14021582901477814 0.14536677300930023 -0.07629436999559402
v -0.21324191987514496 0.024358035996556282 0.023396210744976997
v -0.066716767847538 0.08048371970653534 -0.18890222907066345
v -0.18408501148223877 0.11244164407253265 0.009077227674424648
v -0.12690283358097076 0.14374792575836182 -0.09922203421592712
v -0.20993466675281525 0.04029259830713272 0.030277922749519348
v -0.05040085315704346 0.0584074892103672 -0.20164604485034943
v -0.17466676235198975 0.12679991126060486 -0.005109861958771944
v -0.11280743777751923 0.13778960704803467 -0.12207094579935074
v -0.20533309876918793 0.05777841806411743 0.033358383923769
v -0.033774200826883316 0.03420640900731087 -0.2104804813861847
v -0.16417165100574493 0.13840007781982422 -0.02249220199882984
v -0.09801654517650604 0.12756378948688507 -0.14398974180221558
v -0.1994655877351761 0.07600994408130646 0.03238481283187866
v -0.016939319670200348 0.008666617795825005 -0.21505989134311676
v -0.15266434848308563 0.14663687348365784 -0.042473889887332916
v -0.21523445844650269 0.00962262973189354 0.013940786011517048
v -0.08262135088443756 0.11330936849117279 -0.1641569584608078
v -0.1923683136701584 0.09414666891098022 0.027269914746284485
v -0.14021582901477814 0.15103453397750854 -0.06434980779886246
v -0.21324191987514496 0.02239643782377243 0.02528035268187523
v -0.066716767847538 0.09542305022478104 -0.18181343376636505
v -0.18408501148223877 0.11134660989046097 0.018095586448907852
v -0.12690283358097076 0.15126585960388184 -0.08733338117599487
v -0.20993466675281525 0.03772558271884918 0.03342194855213165
v -0.05040085315704346 0.07444386184215546 -0.19629232585430145
v -0.17466676235198975 0.12679991126060486 0.005109861958771944
v -0.11280743777751923 0.1471654325723648 -0.11058764904737473
v -0.20533309876918793 0.05490682274103165 0.0378994457423687
v -0.033774200826883316 0.05103212967514992 -0.20704549551010132
v -0.16417165100574493 0.13976114988327026 -0.011282687075436115
v -0.09801654517650604 0.13873650133609772 -0.13325820863246918
v -0.1994655877351761 0.07315757125616074 0.03839605674147606
v -0.016939319670200348 0.02594364620745182 -0.2136651575565338
v -0.15266434848308563 0.14957910776138306 -0.030536793172359467
v -0.21523445844650269 0.008469659835100174 0.014669880270957947
v -0.08262135088443756 0.12615108489990234 -0.15450704097747803
v -0.1923683136701584 0.09164706617593765 0.03475714847445488
v -0.14021582901477814 0.15572279691696167 -0.0519879050552845
v -0.21324191987514496 0.02028959058225155 0.027000540867447853
v -0.066716767847538 0.10974352806806564 -0.1735454946756363
v -0.18408501148223877 0.10952945798635483 0.026996588334441185
v -0.12690283358097076 0.1578027755022049 -0.07487834244966507
v -0.20993466675281525 0.03491389751434326 0.03634921833872795
v -0.05040085315704346 0.08999743312597275 -0.18966557085514069
v -0.17466676235198975 0.12597757577896118 0.015296446159482002
v -0.11280743777751923 0.1555868238210678 -0.09838714450597763
v -0.20533309876918793 0.05167914181947708 0.04219471290707588
v -0.033774200826883316 0.06752689182758331 -0.20226772129535675
v -0.16417165100574493 0.14021582901477814 -3.9936727313335445e-16
v -0.09801654517650604 0.14900945127010345 -0.1216624453663826
v -0.1994655877351761 0.0698307454586029 0.044158291071653366
v -0.016939319670200348 0.043052420020103455 -0.2108847051858902
v -0.15266434848308563 0.1515512615442276 -0.018401654437184334
v -0.21523445844650269 0.0072617600671947 0.015303835272789001
v -0.08262135088443756 0.13817466795444489 -0.14385506510734558
v -0.1923683136701584 0.08855309337377548 0.042018964886665344
v -0.14021582901477814 0.15940111875534058 -0.039288848638534546
v -0.21324191987514496 0.018051156774163246 0.028545619919896126
v -0.066716767847538 0.12335227429866791 -0.16415205597877502
v -0.18408501148223877 0.10700196772813797 0.035722505301237106
v -0.12690283358097076 0.1633162647485733 -0.061937689781188965
v -0.20993466675281525 0.03187578544020653 0.03904075175523758
v -0.05040085315704346 0.10496733337640762 -0.18180875480175018
v -0.17466676235198975 0.12433820962905884 0.025383828207850456
v -0.11280743777751923 0.16299918293952942 -0.08554857224225998
v -0.20533309876918793 0.0481162965297699 0.04621633142232895
v -0.033774200826883316 0.08358371257781982 -0.19617818295955658
v -0.16417165100574493 0.13976114988327026 0.011282687075436115
v -0.09801654517650604 0.1583160161972046 -0.10927765816450119
v -0.1994655877351761 0.06605104357004166 0.049634139984846115
v -0.016939319670200348 0.05988198518753052 -0.20673659443855286
v -0.15266434848308563 0.15254054963588715 -0.006147173698991537
v -0.21523445844650269 0.006006765179336071 0.015838537365198135
v -0.08262135088443756 0.149302139878273 -0.13227015733718872
v -0.1923683136701584 0.08488482236862183 0.04900827258825302
v -0.14021582901477814 0.1620456725358963 -0.026334984228014946
v -0.21324191987514496 0.01569565385580063 0.029905570670962334
v -0.066716767847538 0.13616102933883667 -0.1536940336227417
v -0.18408501148223877 0.10378052294254303 0.04421674832701683
v -0.12690283358097076 0.1677705943584442 -0.04859534651041031
v -0.20993466675281525 0.028630947694182396 0.04147908836603165
v -0.05040085315704346 0.11925648152828217 -0.1727728396654129
v -0.17466676235198975 0.12189247459173203 0.03530658408999443
v -0.11280743777751923 0.1693544238805771 -0.0721551775932312
v -0.20533309876918793 0.04424140229821205 0.04993822053074837
v -0.033774200826883316 0.09909845888614655 -0.18881633877754211
v -0.16417165100574493 0.13840007781982422 0.02249220199882984
v -0.09801654517650604 0.16659584641456604 -0.0961841568350792
v -0.1994655877351761 0.06184297055006027 0.05478809028863907
v -0.016939319670200348 0.07632318884134293 -0.2012477070093155
v -0.15266434848308563 0.15254054963588715 0.006147173698991537
v -0.21523445844650269 0.004712814465165138 0.01627052202820778
v -0.08262135088443756 0.15946131944656372 -0.11982741206884384
v -0.1923683136701584 0.08066603541374207 0.055679745972156525
v -0.14021582901477814 0.16363929212093353 -0.013210329227149487
v -0.21324191987514496 0.013238359242677689 0.03107156977057457
v -0.066716767847538 0.14808674156665802 -0.14223924279212952
v -0.18408501148223877 0.09988602995872498 0.05242422968149185
v -0.12690283358097076 0.17113687098026276 -0.034937839955091476
v -0.20993466675281525 0.02520042657852173 0.04364842176437378
v -0.05040085315704346 0.13277220726013184 -0.16261643171310425
v -0.17466676235198975 0.1186562106013298 0.04500036686658859
v -0.11280743777751923 0.17461134493350983 -0.05829383060336113
v -0.20533309876918793 0.04007958248257637 0.053336236625909805
v -0.033774200826883316 0.11397051811218262 -0.18022994697093964
v -0.16417165100574493 0.13614141941070557 0.03355584666132927
v -0.09801654517650604 0.17379523813724518 -0.08246686309576035
v -0.1994655877351761 0.05723382160067558 0.059586722403764725
v -0.016939319670200348 0.0922694057226181 -0.1944536566734314
v -0.15266434848308563 0.1515512615442276 0.018401654437184334
v -0.21523445844650269 0.0033882989082485437 0.01659698598086834
v -0.08262135088443756 0.1685863435268402 -0.10660754144191742
v -0.1923683136701584 0.0759241059422493 0.06199011206626892
v -0.14021582901477814 0.16417165100574493 -4.675989798780201e-16
v -0.21324191987514496 0.010695208795368671 0.032036058604717255
v -0.066716767847538 0.1590520441532135 -0.1298619657754898
v -0.18408501148223877 0.09534373134374619 0.06029172241687775
v -0.12690283358097076 0.17339324951171875 -0.021053751930594444
v -0.20993466675281525 0.02160647138953209 0.04553467407822609
v -0.05040085315704346 0.14542685449123383 -0.15140539407730103
v -0.17466676235198975 0.1146504208445549 0.05440230295062065
v -0.11280743777751923 0.17873583734035492 -0.04405442625284195
v -0.20533309876918793 0.03565783426165581 0.05638835206627846
v -0.033774200826883316 0.12810343503952026 -0.17047470808029175
v -0.16417165100574493 0.13299982249736786 0.044401865452528
v -0.09801654517650604 0.17986749112606049 -0.06821474432945251
v -0.1994655877351761 0.052253492176532745 0.06399890780448914
v -0.016939319670200348 0.10761722922325134 -0.18639850616455078
v -0.15266434848308563 0.14957910776138306 0.030536793172359467
v -0.21523445844650269 0.0020418092608451843 0.01681581139564514
v -0.08262135088443756 0.17661800980567932 -0.09269627928733826
v -0.1923683136701584 0.07068977504968643 0.0678984522819519
v -0.14021582901477814 0.16363929212093353 0.013210329227149487
v -0.21324191987514496 0.008082695305347443 0.03279278427362442
v -0.066716767847538 0.16898582875728607 -0.11664249747991562
v -0.18408501148223877 0.09018309414386749 0.06776819378137589
v -0.12690283358097076 0.17452511191368103 -0.007033121772110462
v -0.20993466675281525 0.017872389405965805 0.047125618904829025
v -0.05040085315704346 0.15713834762573242 -0.13921242952346802
v -0.17466676235198975 0.1099010780453682 0.06345141679048538
v -0.11280743777751923 0.1817011535167694 -0.029529312625527382
v -0.20533309876918793 0.031004829332232475 0.059074766933918
v -0.033774200826883316 0.14140553772449493 -0.15961386263370514
v -0.16417165100574493 0.12899568676948547 0.05495992675423622
v -0.09801654517650604 0.184773251414299 -0.05352022126317024
v -0.1994655877351761 0.046934276819229126 0.06799603998661041
v -0.016939319670200348 0.12226710468530655 -0.17713448405265808
v -0.15266434848308563 0.14663687348365784 0.042473889887332916
v -0.21523445844650269 0.0006820776034146547 0.01692558079957962
v -0.08262135088443756 0.18350423872470856 -0.0781838521361351
v -0.1923683136701584 0.06499699503183365 0.0733664408326149
v -0.14021582901477814 0.1620456725358963 0.026334984228014946
v -0.21324191987514496 0.005417762789875269 0.033336833119392395
v -0.066716767847538 0.17782367765903473 -0.10266654938459396
v -0.18408501148223877 0.08443757891654968 0.07480517029762268
v -0.12690283358097076 0.17452511191368103 0.007033121772110462
v -0.20993466675281525 0.014022397808730602 0.04841093346476555
v -0.05040085315704346 0.16783075034618378 -0.12611663341522217
v -0.17466676235198975 0.10443898290395737 0.07208902388811111
v -0.11280743777751923 0.18348808586597443 -0.014812689274549484
v -0.20533309876918793 0.026150746271014214 0.061378054320812225
v -0.033774200826883316 0.15379059314727783 -0.14771786332130432
v -0.16417165100574493 0.1241549551486969 0.06516154855489731
v -0.09801654517650604 0.1884806752204895 -0.038478605449199677
v -0.1994655877351761 0.04131067544221878 0.07155218720436096
v -0.016939319670200348 0.13612402975559235 -0.1667216718196869
v -0.15266434848308563 0.14274364709854126 0.0541355274617672
v -0.08262135088443756 0.18920038640499115 -0.0631643682718277
v -0.1923683136701584 0.058882683515548706 0.07835862040519714
v -0.14021582901477814 0.15940111875534058 0.039288848638534546
v -0.21324191987514496 0.0027176940347999334 0.033664681017398834
v -0.066716767847538 0.18550828099250793 -0.08802477270364761
v -0.18408501148223877 0.07814446091651917 0.08135700225830078
v -0.12690283358097076 0.17339324951171875 0.021053751930594444
v -0.20993466675281525 0.010081465356051922 0.049382284283638
v -0.05040085315704346 0.17743469774723053 -0.11220290511846542
v -0.17466676235198975 0.09829956293106079 0.08025911450386047
v -0.11280743777751923 0.18408501148223877 -5.243168883613193e-16
v -0.20533309876918793 0.021127065643668175 0.0632832869887352
v -0.033774200826883316 0.16517823934555054 -0.13486386835575104
v -0.16417165100574493 0.11850903183221817 0.07494056969881058
v -0.09801654517650604 0.19096572697162628 -0.023187438026070595
v -0.1994655877351761 0.03541915863752365 0.0746442973613739
v -0.016939319670200348 0.14909814298152924 -0.15522761642932892
v -0.15266434848308563 0.1379246711730957 0.06544607132673264
v -0.08262135088443756 0.19366948306560516 -0.04773524031043053
v -0.1923683136701584 0.05238649621605873 0.082842618227005
v -0.14021582901477814 0.15572279691696167 0.0519879050552845
v -0.066716767847538 0.19198977947235107 -0.07281212508678436
v -0.18408501148223877 0.07134454697370529 0.08738120645284653
v -0.12690283358097076 0.17113687098026276 0.034937839955091476
v -0.20993466675281525 0.006075151730328798 0.05003337562084198
v -0.05040085315704346 0.1858879178762436 -0.09756150096654892
v -0.17466676235198975 0.09152263402938843 0.08790868520736694
v -0.11280743777751923 0.18348808586597443 0.014812689274549484
v -0.20533309876918793 0.015966368839144707 0.06477810442447662
v -0.033774200826883316 0.17549465596675873 -0.12113521248102188
v -0.16417165100574493 0.11209453642368317 0.08423357456922531
v -0.09801654517650604 0.1922122985124588 -0.007745890878140926
v -0.1994655877351761 0.029297934845089912 0.07725230604410172
v -0.016939319670200348 0.16110530495643616 -0.1427268385887146
v -0.15266434848308563 0.13221120834350586 0.07633217424154282
v -0.08262135088443756 0.19688256084918976 -0.031996529549360275
v -0.1923683136701584 0.04555056244134903 0.08678934723138809
v -0.14021582901477814 0.15103453397750854 0.06434980779886246
v -0.066716767847538 0.1972261667251587 -0.05712725594639778
v -0.18408501148223877 0.06408192962408066 0.09283870458602905
v -0.12690283358097076 0.1677705943584442 0.04859534651041031
v -0.20993466675281525 0.002029437804594636 0.05035997927188873
v -0.05040085315704346 0.1931355744600296 -0.08228737860918045
v -0.17466676235198975 0.08415214717388153 0.0949881374835968
v -0.11280743777751923 0.1817011535167694 0.029529312625527382
v -0.20533309876918793 0.010702122002840042 0.0658528059720993
v -0.033774200826883316 0.18467290699481964 -0.10662095993757248
v -0.16417165100574493 0.10495305806398392 0.092980295419693
v -0.09801654517650604 0.1922122985124588 0.007745890878140926
v -0.1994655877351761 0.022986702620983124 0.07935930788516998
v -0.016939319670200348 0.17206762731075287 -0.12930043041706085
v -0.15266434848308563 0.12564030289649963 0.08672323822975159
v -0.08262135088443756 0.19881878793239594 -0.01605031080543995
v -0.1923683136701584 0.0384192131459713 0.09017320722341537
v -0.14021582901477814 0.14536677300930023 0.07629436999559402
v -0.066716767847538 0.20118345320224762 -0.04107189550995827
v -0.18408501148223877 0.05640371888875961 0.09769410640001297
v -0.12690283358097076 0.1633162647485733 0.061937689781188965
v -0.05040085315704346 0.19913068413734436 -0.06647958606481552
v -0.17466676235198975 0.07623589783906937 0.10145155340433121
v -0.11280743777751923 0.17873583734035492 0.04405442625284195
v -0.20533309876918793 0.005368469282984734 0.06650042533874512
v -0.033774200826883316 0.19265349209308624 -0.09141521900892258
v -0.16417165100574493 0.0971309244632721 0.10112400352954865
v -0.09801654517650604 0.19096572697162628 0.023187438026070595
v -0.1994655877351761 0.016526393592357635 0.08095163106918335
v -0.016939319670200348 0.18191403150558472 -0.11503545939922333
v -0.15266434848308563 0.11825456470251083 0.09655186533927917
v -0.08262135088443756 0.1994655877351761 -5.681243206625685e-16
v -0.1923683136701584 0.03103870339691639 0.0929722711443901
v -0.14021582901477814 0.13875624537467957 0.08774413913488388
v -0.066716767847538 0.20383599400520325 -0.02475017122924328
v -0.18408501148223877 0.0483597107231617 0.10191593319177628
v -0.12690283358097076 0.1578027755022049 0.07487834244966507
v -0.05040085315704346 0.20383433997631073 -0.0502406544983387
v -0.17466676235198975 0.06782522797584534 0.10725701600313187
v -0.11280743777751923 0.17461134493350983 0.05829383060336113
v -0.033774200826883316 0.1993846446275711 -0.07561662793159485
v -0.16417165100574493 0.08867885917425156 0.10861188173294067
v -0.09801654517650604 0.1884806752204895 0.038478605449199677
v -0.1994655877351761 0.009958903305232525 0.08201894909143448
v -0.016939319670200348 0.19058063626289368 -0.10002443939447403
v -0.15266434848308563 0.11010190844535828 0.1057543158531189
v -0.08262135088443756 0.19881878793239594 0.01605031080543995
v -0.1923683136701584 0.023456895723938942 0.09516836702823639
v -0.14021582901477814 0.13124583661556244 0.09862484782934189
v -0.066716767847538 0.20516657829284668 -0.008267930708825588
v -0.18408501148223877 0.04000207036733627 0.10547678917646408
v -0.12690283358097076 0.15126585960388184 0.08733338117599487
v -0.05040085315704346 0.2072160691022873 -0.033675890415906906
v -0.17466676235198975 0.05897468701004982 0.11236687749624252
v -0.11280743777751923 0.1693544238805771 0.0721551775932312
v -0.033774200826883316 0.20482271909713745 -0.0593276247382164
v -0.16417165100574493 0.07965166866779327 0.11539536714553833
v -0.09801654517650604 0.184773251414299 0.05352022126317024
v -0.1994655877351761 0.0033268264960497618 0.08255434781312943
v -0.016939319670200348 0.19801127910614014 -0.08436471968889236
v -0.15266434848308563 0.10123519599437714 0.11427091062068939
v -0.08262135088443756 0.19688256084918976 0.031996529549360275
v -0.1923683136701584 0.015722960233688354 0.0967472568154335
v -0.14021582901477814 0.12288424372673035 0.10886593908071518
v -0.066716767847538 0.20516657829284668 0.008267930708825588
v -0.18408501148223877 0.03138500079512596 0.10835359245538712
v -0.12690283358097076 0.14374792575836182 0.09922203421592712
v -0.05040085315704346 0.20925390720367432 -0.016892721876502037
v -0.17466676235198975 0.04974167421460152 0.11674799770116806
v -0.11280743777751923 0.16299918293952942 0.08554857224225998
v -0.033774200826883316 0.20893242955207825 -0.04265386238694191
v -0.16417165100574493 0.07010791450738907 0.12143047153949738
v -0.09801654517650604 0.17986749112606049 0.06821474432945251
v -0.016939319670200348 0.2041577249765396 -0.068157859146595
v -0.15266434848308563 0.09171193093061447 0.12204641103744507
v -0.08262135088443756 0.19366948306560516 0.04773524031043053
v -0.1923683136701584 0.007887055166065693 0.09769871085882187
v -0.14021582901477814 0.1137256994843483 0.11840099096298218
v -0.066716767847538 0.20383599400520325 0.02475017122924328
v -0.18408501148223877 0.022564386948943138 0.11052767187356949
v -0.12690283358097076 0.1352977454662323 0.11046718806028366
v -0.05040085315704346 0.20993466675281525 -5.979426862025576e-16
v -0.17466676235198975 0.040186066180467606 0.12037196755409241
v -0.11280743777751923 0.1555868238210678 0.09838714450597763
v -0.033774200826883316 0.2116871327161789 -0.025703473016619682
v -0.16417165100574493 0.06010948494076729 0.12667804956436157
v -0.09801654517650604 0.17379523813724518 0.08246686309576035
v -0.016939319670200348 0.20898012816905975 -0.05150897428393364
v -0.15266434848308563 0.08159387856721878 0.12903039157390594
v -0.08262135088443756 0.18920038640499115 0.0631643682718277
v -0.14021582901477814 0.10382959991693497 0.1271681785583496
v -0.066716767847538 0.20118345320224762 0.04107189550995827
v -0.18408501148223877 0.013597434386610985 0.11198494583368301
v -0.12690283358097076 0.12597009539604187 0.12099592387676239
v -0.05040085315704346 0.20925390720367432 0.016892721876502037
v -0.17466676235198975 0.0303698368370533 0.12321527302265167
v -0.11280743777751923 0.1471654325723648 0.11058764904737473
v -0.033774200826883316 0.21306897699832916 -0.00858638621866703
v -0.16417165100574493 0.04972121864557266 0.13110408186912537
v -0.09801654517650604 0.16659584641456604 0.0961841568350792
v -0.016939319670200348 0.21244722604751587 -0.0345260351896286
v -0.15266434848308563 0.07094666361808777 0.13517756760120392
v -0.08262135088443756 0.18350423872470856 0.0781838521361351
v -0.14021582901477814 0.09326012432575226 0.13511061668395996
v -0.066716767847538 0.1972261667251587 0.05712725594639778
v -0.18408501148223877 0.004542297683656216 0.1127159520983696
v -0.12690283358097076 0.11582548916339874 0.1307399570941925
v -0.05040085315704346 0.2072160691022873 0.033675890415906906
v -0.17466676235198975 0.020356645807623863 0.12525947391986847
v -0.11280743777751923 0.13778960704803467 0.12207094579935074
v -0.033774200826883316 0.21306897699832916 0.00858638621866703
v -0.16417165100574493 0.03901049494743347 0.1346798539161682
v -0.09801654517650604 0.1583160161972046 0.10927765816450119
v -0.016939319670200348 0.21453651785850525 -0.017319178208708763
v -0.15266434848308563 0.05983933061361313 0.14044806361198425
v -0.08262135088443756 0.17661800980567932 0.09269627928733826
v -0.14021582901477814 0.08208582550287247 0.1421768218278885
v -0.066716767847538 0.19198977947235107 0.07281212508678436
v -0.12690283358097076 0.10492970794439316 0.1396360844373703
v -0.05040085315704346 0.20383433997631073 0.0502406544983387
v -0.17466676235198975 0.010211436077952385 0.12649132311344147
v -0.11280743777751923 0.12752017378807068 0.13276256620883942
v -0.033774200826883316 0.2116871327161789 0.025703473016619682
v -0.16417165100574493 0.02804677002131939 0.1373821645975113
v -0.09801654517650604 0.14900945127010345 0.1216624453663826
v -0.016939319670200348 0.21523445844650269 -6.130377132951357e-16
v -0.15266434848308563 0.04834391549229622 0.14480769634246826
v -0.08262135088443756 0.1685863435268402 0.10660754144191742
v -0.14021582901477814 0.07037916779518127 0.14832094311714172
v -0.066716767847538 0.18550828099250793 0.08802477270364761
v -0.12690283358097076 0.09335342049598694 0.1476266235113144
v -0.05040085315704346 0.19913068413734436 0.06647958606481552
v -0.11280743777751923 0.11642371118068695 0.1425931602716446
v -0.033774200826883316 0.20893242955207825 0.04265386238694191
v -0.16417165100574493 0.016901150345802307 0.13919350504875183
v -0.09801654517650604 0.13873650133609772 0.13325820863246918
v -0.016939319670200348 0.21453651785850525 0.017319178208708763
v -0.15266434848308563 0.03653497248888016 0.14822819828987122
v -0.08262135088443756 0.15946131944656372 0.11982741206884384
v -0.14021582901477814 0.058216068893671036 0.1535031646490097
v -0.066716767847538 0.17782367765903473 0.10266654938459396
v -0.12690283358097076 0.08117169141769409 0.15465974807739258
v -0.05040085315704346 0.1931355744600296 0.08228737860918045
v -0.11280743777751923 0.10457220673561096 0.15149898827075958
v -0.033774200826883316 0.20482271909713745 0.0593276247382164
v -0.16417165100574493 0.005645922385156155 0.14010211825370789
v -0.09801654517650604 0.12756378948688507 0.14398974180221558
v -0.016939319670200348 0.21244722604751587 0.0345260351896286
v -0.15266434848308563 0.024489084258675575 0.15068739652633667
v -0.08262135088443756 0.149302139878273 0.13227015733718872
v -0.14021582901477814 0.04567541927099228 0.15768983960151672
v -0.066716767847538 0.16898582875728607 0.11664249747991562
v -0.12690283358097076 0.06846354156732559 0.1606898307800293
v -0.05040085315704346 0.1858879178762436 0.09756150096654892
v -0.11280743777751923 0.09204250574111938 0.15942229330539703
v -0.033774200826883316 0.1993846446275711 0.07561662793159485
v -0.09801654517650604 0.1155637726187706 0.15378744900226593
v -0.016939319670200348 0.20898012816905975 0.05150897428393364
v -0.15266434848308563 0.012284376658499241 0.15216931700706482
v -0.08262135088443756 0.13817466795444489 0.14385506510734558
v -0.14021582901477814 0.032838549464941025 0.16085384786128998
v -0.066716767847538 0.1590520441532135 0.1298619657754898
v -0.12690283358097076 0.05531137436628342 0.16567780077457428
v -0.05040085315704346 0.17743469774723053 0.11220290511846542
v -0.11280743777751923 0.07891587167978287 0.16631168127059937
v -0.033774200826883316 0.19265349209308624 0.09141521900892258
v -0.09801654517650604 0.10281428694725037 0.16258779168128967
v -0.016939319670200348 0.2041577249765396 0.068157859146595
v -0.08262135088443756 0.12615108489990234 0.15450704097747803
v -0.14021582901477814 0.019788704812526703 0.16297465562820435
v -0.066716767847538 0.14808674156665802 0.14223924279212952
v -0.12690283358097076 0.041800495237112045 0.1695912629365921
v -0.05040085315704346 0.16783075034618378 0.12611663341522217
v -0.11280743777751923 0.06527744233608246 0.17212247848510742
v -0.033774200826883316 0.18467290699481964 0.10662095993757248
v -0.09801654517650604 0.08939801156520844 0.17033368349075317
v -0.016939319670200348 0.19801127910614014 0.08436471968889236
v -0.08262135088443756 0.11330936849117279 0.1641569584608078
v -0.14021582901477814 0.006610525771975517 0.1640385091304779
v -0.066716767847538 0.13616102933883667 0.1536940336227417
v -0.12690283358097076 0.028018519282341003 0.17240488529205322
v -0.05040085315704346 0.15713834762573242 0.13921242952346802
v -0.11280743777751923 0.05121566355228424 0.17681698501110077
v -0.033774200826883316 0.17549465596675873 0.12113521248102188
v -0.09801654517650604 0.07540195435285568 0.17697489261627197
v -0.016939319670200348 0.19058063626289368 0.10002443939447403
v -0.08262135088443756 0.09973279386758804 0.17274226248264313
v -0.066716767847538 0.12335227429866791 0.16415205597877502
v -0.12690283358097076 0.01405483577400446 0.1741003841161728
v -0.05040085315704346 0.14542685449123383 0.15140539407730103
v -0.11280743777751923 0.03682173043489456 0.18036477267742157
v -0.033774200826883316 0.16517823934555054 0.13486386835575104
v -0.09801654517650604 0.06091688573360443 0.18246835470199585
v -0.016939319670200348 0.18191403150558472 0.11503545939922333
v -0.08262135088443756 0.08550941199064255 0.1802072823047638
v -0.066716767847538 0.10974352806806564 0.1735454946756363
v -0.05040085315704346 0.13277220726013184 0.16261643171310425
v -0.11280743777751923 0.022188996896147728 0.18274281919002533
v -0.033774200826883316 0.15379059314727783 0.14771786332130432
v -0.09801654517650604 0.046036750078201294 0.18677844107151031
v -0.016939319670200348 0.17206762731075287 0.12930043041706085
v -0.08262135088443756 0.07073147594928741 0.1865035742521286
v -0.066716767847538 0.09542305022478104 0.18181343376636505
v -0.05040085315704346 0.11925648152828217 0.1727728396654129
v -0.11280743777751923 0.007412355858832598 0.1839357167482376
v -0.033774200826883316 0.14140553772449493 0.15961386263370514
v -0.09801654517650604 0.030858047306537628 0.18987718224525452
v -0.016939319670200348 0.16110530495643616 0.1427268385887146
v -0.08262135088443756 0.05549481138586998 0.1915903091430664
v -0.066716767847538 0.08048371970653534 0.18890222907066345
v -0.05040085315704346 0.10496733337640762 0.18180875480175018
v -0.033774200826883316 0.12810343503952026 0.17047470808029175
v -0.09801654517650604 0.015479217283427715 0.19174452126026154
v -0.016939319670200348 0.14909814298152924 0.15522761642932892
v -0.08262135088443756 0.03989824280142784 0.19543452560901642
v -0.066716767847538 0.06502242386341095 0.19476592540740967
v -0.05040085315704346 0.08999743312597275 0.18966557085514069
v -0.033774200826883316 0.11397051811218262 0.18022994697093964
v -0.016939319670200348 0.13612402975559235 0.1667216718196869
v -0.08262135088443756 0.024042919278144836 0.19801126420497894
v -0.066716767847538 0.04913942888379097 0.199366495013237
v -0.05040085315704346 0.07444386184215546 0.19629232585430145
v -0.033774200826883316 0.09909845888614655 0.18881633877754211
v -0.016939319670200348 0.12226710468530655 0.17713448405265808
v -0.08262135088443756 0.00803167000412941 0.19930382072925568
v -0.066716767847538 0.03293774649500847 0.20267409086227417
v -0.05040085315704346 0.0584074892103672 0.20164604485034943
v -0.033774200826883316 0.08358371257781982 0.19617818295955658
v -0.016939319670200348 0.10761722922325134 0.18639850616455078
v -0.066716767847538 0.016522450372576714 0.20466727018356323
v -0.05040085315704346 0.04199232533574104 0.20569202303886414
v -0.033774200826883316 0.06752689182758331 0.20226772129535675
v -0.016939319670200348 0.0922694057226181 0.1944536566734314
v -0.05040085315704346 0.025304827839136124 0.20840400457382202
v -0.033774200826883316 0.05103212967514992 0.20704549551010132
v -0.016939319670200348 0.07632318884134293 0.2012477070093155
v -0.05040085315704346 0.008453216403722763 0.20976440608501434
v -0.033774200826883316 0.03420640900731087 0.2104804813861847
v -0.016939319670200348 0.05988198518753052 0.20673659443855286
v -0.033774200826883316 0.01715884543955326 0.21255043148994446
v -0.016939319670200348 0.043052420020103455 0.2108847051858902
v -0.016939319670200348 0.02594364620745182 0.2136651575565338
v -0.016939319670200348 0.008666617795825005 0.21505989134311676
v 0 0 0.20190000534057617
v 0 0.01667276956140995 0.2012104094028473
v 0 0.03323164954781532 0.1991463452577591
v 0 0.04956351965665817 0.19572190940380096
v 0 0.06555682420730591 0.19096049666404724
v 0 0.08110230416059494 0.1848946362733841
v 0 0.09609378129243851 0.17756575345993042
v 0 0.1104288324713707 0.16902391612529755
v 0 0.12400954961776733 0.1593274623155594
v 0 0.13674314320087433 0.14854265749454498
v 0 0.14854265749454498 0.13674314320087433
v 0 0.1593274623155594 0.12400954961776733
v 0 0.16902391612529755 0.1104288324713707
v 0 0.17756575345993042 0.09609378129243851
v 0 0.1848946362733841 0.08110230416059494
v 0 0.19096049666404724 0.06555682420730591
v 0 0.19572190940380096 0.04956351965665817
v 0 0.1991463452577591 0.03323164954781532
v 0 0.2012104094028473 0.01667276956140995
v 0 0.20190000534057617 1.2362809824646037e-17
v 0.01667276956140995 0 0.2012104094028473
v 0.03323164954781532 0 0.1991463452577591
v 0.04956351965665817 0 0.19572190940380096
v 0.06555682420730591 0 0.19096049666404724
v 0.08110230416059494 0 0.1848946362733841
v 0.09609378129243851 0 0.17756575345993042
v 0.1104288324713707 0 0.16902391612529755
v 0.12400954961776733 0 0.1593274623155594
v 0.13674314320087433 0 0.14854265749454498
v 0.14854265749454498 0 0.13674314320087433
v 0.1593274623155594 0 0.12400954961776733
v 0.16902391612529755 0 0.1104288324713707
v 0.17756575345993042 0 0.09609378129243851
v 0.1848946362733841 0 0.08110230416059494
v 0.19096049666404724 0 0.06555682420730591
v 0.19572190940380096 0 0.04956351965665817
v 0.1991463452577591 0 0.03323164954781532
v 0.2012104094028473 0 0.01667276956140995
v 0.20190000534057617 0 1.2362809824646037e-17
v 0.20190000534057617 0 1.2362809824646037e-17
v 0.2012104094028473 0 -0.01667276956140995
v 0.1991463452577591 0 -0.03323164954781532
v 0.19572190940380096 0 -0.04956351965665817
v 0.19096049666404724 0 -0.06555682420730591
v 0.1848946362733841 0 -0.08110230416059494
v 0.17756575345993042 0 -0.09609378129243851
v 0.16902391612529755 0 -0.1104288324713707
v 0.1593274623155594 0 -0.12400954961776733
v 0.14854265749454498 0 -0.13674314320087433
v 0.13674314320087433 0 -0.14854265749454498
v 0.12400954961776733 0 -0.1593274623155594
v 0.1104288324713707 0 -0.16902391612529755
v 0.09609378129243851 0 -0.17756575345993042
v 0.08110230416059494 0 -0.1848946362733841
v 0.06555682420730591 0 -0.19096049666404724
v 0.04956351965665817 0 -0.19572190940380096
v 0.03323164954781532 0 -0.1991463452577591
v 0.01667276956140995 0 -0.2012104094028473
v 2.4725619649292074e-17 0 -0.20190000534057617
v 2.464116781747286e-17 0.01667276956140995 -0.2012104094028473
v 2.438839300280523e-17 0.03323164954781532 -0.1991463452577591
v 2.396902070404697e-17 0.04956351965665817 -0.19572190940380096
v 2.3385916274839965e-17 0.06555682420730591 -0.19096049666404724
v 2.2643061762653043e-17 0.08110230416059494 -0.1848946362733841
v 2.174553274772483e-17 0.09609378129243851 -0.17756575345993042
v 2.0699458638394345e-17 0.1104288324713707 -0.16902391612529755
v 1.951198792951527e-17 0.12400954961776733 -0.1593274623155594
v 1.819122864545185e-17 0.13674314320087433 -0.14854265749454498
v 1.674620532668704e-17 0.14854265749454498 -0.13674314320087433
v 1.5186789546651047e-17 0.1593274623155594 -0.12400954961776733
v 1.3523632082911103e-17 0.16902391612529755 -0.1104288324713707
v 1.1768093434000012e-17 0.17756575345993042 -0.09609378129243851
v 9.932167718799792e-18 0.1848946362733841 -0.08110230416059494
v 8.028394995396748e-18 0.19096049666404724 -0.06555682420730591
v 6.069780610971744e-18 0.19572190940380096 -0.04956351965665817
v 4.069702971161907e-18 0.1991463452577591 -0.03323164954781532
v 2.041825445325388e-18 0.2012104094028473 -0.01667276956140995
v 0.01667276956140995 0.008315014652907848 -0.20103852450847626
v 0.01667276956140995 0.02488824538886547 -0.19966523349285126
v 0.01667276956140995 0.04129146412014961 -0.1969280242919922
v 0.03323164954781532 0.016445374116301537 -0.19846616685390472
v 0.01667276956140995 0.05741261690855026 -0.19284558296203613
v 0.03323164954781532 0.032778412103652954 -0.1964302510023117
v 0.04956351965665817 0.008088203147053719 -0.195554718375206
v 0.01667276956140995 0.07314158976078033 -0.18744581937789917
v 0.03323164954781532 0.04888753965497017 -0.1930525153875351
v 0.04956351965665817 0.024209357798099518 -0.19421888887882233
v 0.01667276956140995 0.0883709266781807 -0.18076561391353607
v 0.03323164954781532 0.06466270983219147 -0.18835604190826416
v 0.04956351965665817 0.040165141224861145 -0.19155633449554443
v 0.06555682420730591 0.015769394114613533 -0.19030827283859253
v 0.01667276956140995 0.10299660265445709 -0.1728505939245224
v 0.03323164954781532 0.07999617606401443 -0.18237291276454926
v 0.04956351965665817 0.055846553295850754 -0.1875852644443512
v 0.06555682420730591 0.03143106400966644 -0.18835604190826416
v 0.01667276956140995 0.11691870540380478 -0.16375483572483063
v 0.08110230416059494 0.007640765979886055 -0.1847366839647293
v 0.03323164954781532 0.09478318691253662 -0.1751439869403839
v 0.04956351965665817 0.07114647328853607 -0.18233278393745422
v 0.06555682420730591 0.04687803238630295 -0.18511715531349182
v 0.01667276956140995 0.13004213571548462 -0.1535404622554779
v 0.08110230416059494 0.022870104759931564 -0.18347474932670593
v 0.03323164954781532 0.10892272740602493 -0.16671864688396454
v 0.04956351965665817 0.08596039563417435 -0.1758348047733307
v 0.06555682420730591 0.06200477480888367 -0.18061374127864838
v 0.01667276956140995 0.14227724075317383 -0.14227724075317383
v 0.08110230416059494 0.03794321417808533 -0.18095949292182922
v 0.03323164954781532 0.12231821566820145 -0.15715445578098297
v 0.09609378129243851 0.014663263224065304 -0.17695927619934082
v 0.04956351965665817 0.10018712282180786 -0.16813568770885468
v 0.06555682420730591 0.07670795917510986 -0.17487652599811554
v 0.01667276956140995 0.1535404622554779 -0.13004213571548462
v 0.08110230416059494 0.0527571365237236 -0.1772080957889557
v 0.03323164954781532 0.13487814366817474 -0.14651672542095184
v 0.09609378129243851 0.029226362705230713 -0.1751439869403839
v 0.04956351965665817 0.11372946947813034 -0.15928803384304047
v 0.1104288324713707 0.006984908599406481 -0.16887952387332916
v 0.06555682420730591 0.090887151658535 -0.1679447442293167
v 0.01667276956140995 0.16375483572483063 -0.11691870540380478
v 0.08110230416059494 0.06721067428588867 -0.17224618792533875
v 0.03323164954781532 0.14651672542095184 -0.13487814366817474
v 0.09609378129243851 0.043589815497398376 -0.17213228344917297
v 0.04956351965665817 0.12649492919445038 -0.1493522673845291
v 0.1104288324713707 0.02090701274573803 -0.16772590577602386
v 0.06555682420730591 0.10444549471139908 -0.15986573696136475
v 0.01667276956140995 0.1728505939245224 -0.10299660265445709
v 0.08110230416059494 0.0812050923705101 -0.1661076694726944
v 0.03323164954781532 0.15715445578098297 -0.12231821566820145
v 0.09609378129243851 0.05765550583600998 -0.1679447442293167
v 0.04956351965665817 0.13839629292488098 -0.13839629292488098
v 0.1104288324713707 0.03468630090355873 -0.16542655229568481
v 0.06555682420730591 0.11729037016630173 -0.15069466829299927
v 0.12400954961776733 0.01315715815871954 -0.15878328680992126
v 0.01667276956140995 0.18076561391353607 -0.0883709266781807
v 0.08110230416059494 0.09464479982852936 -0.15883447229862213
v 0.03323164954781532 0.16671864688396454 -0.10892272740602493
v 0.09609378129243851 0.07132735103368759 -0.1626099795103073
v 0.04956351965665817 0.1493522673845291 -0.12649492919445038
v 0.1104288324713707 0.04822864383459091 -0.16199716925621033
v 0.06555682420730591 0.12933403253555298 -0.1404942125082016
v 0.12400954961776733 0.026224439963698387 -0.15715445578098297
v 0.01667276956140995 0.18744581937789917 -0.07314158976078033
v 0.08110230416059494 0.10743798315525055 -0.15047626197338104
v 0.13674314320087433 0.006138521712273359 -0.14841575920581818
v 0.03323164954781532 0.1751439869403839 -0.09478318691253662
v 0.09609378129243851 0.08451195806264877 -0.15616442263126373
v 0.04956351965665817 0.15928803384304047 -0.11372946947813034
v 0.1104288324713707 0.06144154071807861 -0.15746116638183594
v 0.06555682420730591 0.1404942125082016 -0.12933403253555298
v 0.12400954961776733 0.03911258280277252 -0.15445208549499512
v 0.01667276956140995 0.19284558296203613 -0.05741261690855026
v 0.08110230416059494 0.11949726194143295 -0.14109015464782715
v 0.13674314320087433 0.018373632803559303 -0.14740192890167236
v 0.03323164954781532 0.18237291276454926 -0.07999617606401443
v 0.09609378129243851 0.09711925685405731 -0.1486520916223526
v 0.04956351965665817 0.16813568770885468 -0.10018712282180786
v 0.1104288324713707 0.0742347240447998 -0.15184955298900604
v 0.06555682420730591 0.15069466829299927 -0.11729037016630173
v 0.12400954961776733 0.05173354595899582 -0.15069466829299927
v 0.01667276956140995 0.1969280242919922 -0.04129146412014961
v 0.08110230416059494 0.13074025511741638 -0.13074025511741638
v 0.13674314320087433 0.03048323281109333 -0.14538119733333588
v 0.03323164954781532 0.18835604190826416 -0.06466270983219147
v 0.09609378129243851 0.10906314104795456 -0.14012432098388672
v 0.14854265749454498 0.01129215955734253 -0.13627609610557556
v 0.04956351965665817 0.1758348047733307 -0.08596039563417435
v 0.1104288324713707 0.08652081340551376 -0.14520065486431122
v 0.06555682420730591 0.15986573696136475 -0.10444549471139908
v 0.12400954961776733 0.06400111317634583 -0.14590784907341003
v 0.01667276956140995 0.19966523349285126 -0.02488824538886547
v 0.08110230416059494 0.14109015464782715 -0.11949726194143295
v 0.13674314320087433 0.04238460212945938 -0.14236736297607422
v 0.03323164954781532 0.1930525153875351 -0.04888753965497017
v 0.09609378129243851 0.120262011885643 -0.13063937425613403
v 0.14854265749454498 0.022507183253765106 -0.13487814366817474
v 0.04956351965665817 0.18233278393745422 -0.07114647328853607
v 0.1104288324713707 0.09821587800979614 -0.1375598907470703
v 0.1593274623155594 0.005124691408127546 -0.12390360981225967
v 0.06555682420730591 0.1679447442293167 -0.090887151658535
v 0.12400954961776733 0.07583149522542953 -0.14012432098388672
v 0.01667276956140995 0.20103852450847626 -0.008315014652907848
v 0.08110230416059494 0.15047626197338104 -0.10743798315525055
v 0.13674314320087433 0.05399644002318382 -0.1383810192346573
v 0.03323164954781532 0.1964302510023117 -0.032778412103652954
v 0.09609378129243851 0.13063937425613403 -0.120262011885643
v 0.14854265749454498 0.03356845676898956 -0.13255885243415833
v 0.04956351965665817 0.1875852644443512 -0.055846553295850754
v 0.1104288324713707 0.10924002528190613 -0.12897945940494537
v 0.1593274623155594 0.015339067205786705 -0.12305722385644913
v 0.06555682420730591 0.17487652599811554 -0.07670795917510986
v 0.12400954961776733 0.08714386820793152 -0.1333836168050766
v 0.01667276956140995 0.20103852450847626 0.008315014652907848
v 0.08110230416059494 0.15883447229862213 -0.09464479982852936
v 0.13674314320087433 0.06523942947387695 -0.13344939053058624
v 0.03323164954781532 0.19846616685390472 -0.016445374116301537
v 0.09609378129243851 0.14012432098388672 -0.10906314104795456
v 0.14854265749454498 0.044400427490472794 -0.12933403253555298
v 0.04956351965665817 0.19155633449554443 -0.040165141224861145
v 0.1104288324713707 0.11951795220375061 -0.11951795220375061
v 0.1593274623155594 0.025448661297559738 -0.12137023359537125
v 0.06555682420730591 0.18061374127864838 -0.06200477480888367
v 0.12400954961776733 0.09786095470190048 -0.12573176622390747
v 0.16902391612529755 0.009119140915572643 -0.11005166172981262
v 0.01667276956140995 0.19966523349285126 0.02488824538886547
v 0.08110230416059494 0.1661076694726944 -0.0812050923705101
v 0.13674314320087433 0.07603676617145538 -0.12760615348815918
v 0.03323164954781532 0.1991463452577591 6.709273859818428e-16
v 0.09609378129243851 0.1486520916223526 -0.09711925685405731
v 0.14854265749454498 0.05492909625172615 -0.1252257227897644
v 0.04956351965665817 0.19421888887882233 -0.024209357798099518
v 0.1104288324713707 0.12897945940494537 -0.10924002528190613
v 0.1593274623155594 0.035384416580200195 -0.11885415762662888
v 0.06555682420730591 0.18511715531349182 -0.04687803238630295
v 0.12400954961776733 0.10790956020355225 -0.11722102761268616
v 0.16902391612529755 0.018175989389419556 -0.10892272740602493
v 0.01667276956140995 0.1969280242919922 0.04129146412014961
v 0.08110230416059494 0.17224618792533875 -0.06721067428588867
v 0.13674314320087433 0.08631469309329987 -0.12089125066995621
v 0.17756575345993042 0.003971072845160961 -0.0960116907954216
v 0.03323164954781532 0.19846616685390472 0.016445374116301537
v 0.09609378129243851 0.15616442263126373 -0.08451195806264877
v 0.14854265749454498 0.06508254259824753 -0.120262011885643
v 0.04956351965665817 0.195554718375206 -0.008088203147053719
v 0.1104288324713707 0.1375598907470703 -0.09821587800979614
v 0.1593274623155594 0.04507846012711525 -0.11552619189023972
v 0.06555682420730591 0.18835604190826416 -0.03143106400966644
v 0.12400954961776733 0.11722102761268616 -0.10790956020355225
v 0.16902391612529755 0.027108676731586456 -0.10704974085092545
v 0.01667276956140995 0.19284558296203613 0.05741261690855026
v 0.08110230416059494 0.1772080957889557 -0.0527571365237236
v 0.13674314320087433 0.09600300341844559 -0.1133505329489708
v 0.17756575345993042 0.011886091902852058 -0.09535583108663559
v 0.03323164954781532 0.1964302510023117 0.032778412103652954
v 0.09609378129243851 0.1626099795103073 -0.07132735103368759
v 0.14854265749454498 0.07479141652584076 -0.114476777613163
v 0.04956351965665817 0.195554718375206 0.008088203147053719
v 0.1104288324713707 0.14520065486431122 -0.08652081340551376
v 0.1593274623155594 0.05446457117795944 -0.11140906065702438
v 0.06555682420730591 0.19030827283859253 -0.015769394114613533
v 0.12400954961776733 0.12573176622390747 -0.09786095470190048
v 0.16902391612529755 0.035856183618307114 -0.10444549471139908
v 0.01667276956140995 0.18744581937789917 0.07314158976078033
v 0.08110230416059494 0.18095949292182922 -0.03794321417808533
v 0.13674314320087433 0.10503552109003067 -0.10503552109003067
v 0.17756575345993042 0.019719917327165604 -0.09404859691858292
v 0.03323164954781532 0.1930525153875351 0.04888753965497017
v 0.09609378129243851 0.1679447442293167 -0.05765550583600998
v 0.14854265749454498 0.08398938179016113 -0.10790956020355225
v 0.1848946362733841 0.006697375327348709 -0.08082529902458191
v 0.04956351965665817 0.19421888887882233 0.024209357798099518
v 0.1104288324713707 0.15184955298900604 -0.0742347240447998
v 0.1593274623155594 0.06347863376140594 -0.10653088986873627
v 0.06555682420730591 0.19096049666404724 6.433491049499861e-16
v 0.12400954961776733 0.1333836168050766 -0.08714386820793152
v 0.16902391612529755 0.0443587563931942 -0.10112778097391129
v 0.01667276956140995 0.18076561391353607 0.0883709266781807
v 0.08110230416059494 0.18347474932670593 -0.022870104759931564
v 0.13674314320087433 0.1133505329489708 -0.09600300341844559
v 0.17756575345993042 0.027419036254286766 -0.09209892153739929
v 0.03323164954781532 0.18835604190826416 0.06466270983219147
v 0.09609378129243851 0.17213228344917297 -0.043589815497398376
v 0.14854265749454498 0.09261361509561539 -0.10060520470142365
v 0.1848946362733841 0.013349001295864582 -0.07999617606401443
v 0.04956351965665817 0.19155633449554443 0.040165141224861145
v 0.1104288324713707 0.15746116638183594 -0.06144154071807861
v 0.1593274623155594 0.07205907255411148 -0.100925013422966
v 0.19096049666404724 0.002709134016185999 -0.06550081819295883
v 0.06555682420730591 0.19030827283859253 0.015769394114613533
v 0.12400954961776733 0.14012432098388672 -0.07583149522542953
v 0.16902391612529755 0.05255831405520439 -0.09711925685405731
v 0.01667276956140995 0.1728505939245224 0.10299660265445709
v 0.08110230416059494 0.1847366839647293 -0.007640765979886055
v 0.13674314320087433 0.12089125066995621 -0.08631469309329987
v 0.17756575345993042 0.03493085503578186 -0.08952010422945023
v 0.03323164954781532 0.18237291276454926 0.07999617606401443
v 0.09609378129243851 0.1751439869403839 -0.029226362705230713
v 0.14854265749454498 0.10060520470142365 -0.09261361509561539
v 0.1848946362733841 0.019909439608454704 -0.07862059772014618
v 0.04956351965665817 0.1875852644443512 0.055846553295850754
v 0.1104288324713707 0.16199716925621033 -0.04822864383459091
v 0.1593274623155594 0.08014727383852005 -0.09462971240282059
v 0.19096049666404724 0.0081088962033391 -0.06505338102579117
v 0.06555682420730591 0.18835604190826416 0.03143106400966644
v 0.12400954961776733 0.14590784907341003 -0.06400111317634583
v 0.16902391612529755 0.06039884686470032 -0.09244731813669205
v 0.01667276956140995 0.16375483572483063 0.11691870540380478
v 0.08110230416059494 0.1847366839647293 0.007640765979886055
v 0.13674314320087433 0.12760615348815918 -0.07603676617145538
v 0.17756575345993042 0.04220405966043472 -0.08632978051900864
v 0.03323164954781532 0.1751439869403839 0.09478318691253662
v 0.09609378129243851 0.17695927619934082 -0.014663263224065304
v 0.14854265749454498 0.10790956020355225 -0.08398938179016113
v 0.1848946362733841 0.026333875954151154 -0.07670795917510986
v 0.04956351965665817 0.18233278393745422 0.07114647328853607
v 0.1104288324713707 0.16542655229568481 -0.03468630090355873
v 0.1593274623155594 0.08768799155950546 -0.08768799155950546
v 0.19096049666404724 0.013453265652060509 -0.06416156888008118
v 0.06555682420730591 0.18511715531349182 0.04687803238630295
v 0.12400954961776733 0.15069466829299927 -0.05173354595899582
v 0.16902391612529755 0.06782679259777069 -0.08714386820793152
v 0.19572190940380096 0.004092922899872065 -0.049394235014915466
v 0.01667276956140995 0.1535404622554779 0.13004213571548462
v 0.08110230416059494 0.18347474932670593 0.022870104759931564
v 0.13674314320087433 0.13344939053058624 -0.06523942947387695
v 0.17756575345993042 0.049188967794179916 -0.08254974335432053
v 0.03323164954781532 0.16671864688396454 0.10892272740602493
v 0.09609378129243851 0.17756575345993042 5.982219953169147e-16
v 0.14854265749454498 0.114476777613163 -0.07479141652584076
v 0.1848946362733841 0.032578423619270325 -0.07427132874727249
v 0.04956351965665817 0.1758348047733307 0.08596039563417435
v 0.1104288324713707 0.16772590577602386 -0.02090701274573803
v 0.1593274623155594 0.09462971240282059 -0.08014727383852005
v 0.19096049666404724 0.018705736845731735 -0.06283146142959595
v 0.06555682420730591 0.18061374127864838 0.06200477480888367
v 0.12400954961776733 0.15445208549499512 -0.03911258280277252
v 0.16902391612529755 0.07479141652584076 -0.08124513179063797
v 0.19572190940380096 0.008157887496054173 -0.04888753965497017
v 0.01667276956140995 0.14227724075317383 0.14227724075317383
v 0.08110230416059494 0.18095949292182922 0.03794321417808533
v 0.13674314320087433 0.1383810192346573 -0.05399644002318382
v 0.17756575345993042 0.05583786591887474 -0.07820580154657364
v 0.1991463452577591 0.0013732969528064132 -0.033203259110450745
v 0.03323164954781532 0.15715445578098297 0.12231821566820145
v 0.09609378129243851 0.17695927619934082 0.014663263224065304
v 0.14854265749454498 0.120262011885643 -0.06508254259824753
v 0.1848946362733841 0.03860042989253998 -0.07132735103368759
v 0.04956351965665817 0.16813568770885468 0.10018712282180786
v 0.1104288324713707 0.16887952387332916 -0.006984908599406481
v 0.1593274623155594 0.100925013422966 -0.07205907255411148
v 0.19096049666404724 0.02383042685687542 -0.061072152107954025
v 0.06555682420730591 0.17487652599811554 0.07670795917510986
v 0.12400954961776733 0.15715445578098297 -0.026224439963698387
v 0.16902391612529755 0.08124513179063797 -0.07479141652584076
v 0.19572190940380096 0.012167125009000301 -0.048046890646219254
v 0.01667276956140995 0.13004213571548462 0.1535404622554779
v 0.08110230416059494 0.1772080957889557 0.0527571365237236
v 0.13674314320087433 0.14236736297607422 -0.04238460212945938
v 0.17756575345993042 0.06210533529520035 -0.07332763075828552
v 0.1991463452577591 0.004110509995371103 -0.03297644853591919
v 0.03323164954781532 0.14651672542095184 0.13487814366817474
v 0.09609378129243851 0.1751439869403839 0.029226362705230713
v 0.14854265749454498 0.1252257227897644 -0.05492909625172615
v 0.1848946362733841 0.0443587563931942 -0.06789613515138626
v 0.04956351965665817 0.15928803384304047 0.11372946947813034
v 0.1104288324713707 0.16887952387332916 0.006984908599406481
v 0.1593274623155594 0.10653088986873627 -0.06347863376140594
v 0.19096049666404724 0.028792332857847214 -0.05889565870165825
v 0.06555682420730591 0.1679447442293167 0.090887151658535
v 0.12400954961776733 0.15878328680992126 -0.01315715815871954
v 0.16902391612529755 0.08714386820793152 -0.06782679259777069
v 0.19572190940380096 0.01609324850142002 -0.04687803238630295
v 0.01667276956140995 0.11691870540380478 0.16375483572483063
v 0.08110230416059494 0.17224618792533875 0.06721067428588867
v 0.13674314320087433 0.14538119733333588 -0.03048323281109333
v 0.17756575345993042 0.06794856488704681 -0.06794856488704681
v 0.1991463452577591 0.006819644011557102 -0.03252437338232994
v 0.03323164954781532 0.13487814366817474 0.14651672542095184
v 0.09609378129243851 0.17213228344917297 0.043589815497398376
v 0.14854265749454498 0.12933403253555298 -0.044400427490472794
v 0.1848946362733841 0.04981406778097153 -0.06400111317634583
v 0.2012104094028473 0.0013768264325335622 -0.01661582477390766
v 0.04956351965665817 0.1493522673845291 0.12649492919445038
v 0.1104288324713707 0.16772590577602386 0.02090701274573803
v 0.1593274623155594 0.11140906065702438 -0.05446457117795944
v 0.19096049666404724 0.03355755656957626 -0.05631684884428978
v 0.06555682420730591 0.15986573696136475 0.10444549471139908
v 0.12400954961776733 0.1593274623155594 5.367769018341077e-16
v 0.16902391612529755 0.09244731813669205 -0.06039884686470032
v 0.19572190940380096 0.019909439608454704 -0.045388948172330856
v 0.01667276956140995 0.10299660265445709 0.1728505939245224
v 0.08110230416059494 0.1661076694726944 0.0812050923705101
v 0.13674314320087433 0.14740192890167236 -0.018373632803559303
v 0.17756575345993042 0.07332763075828552 -0.06210533529520035
v 0.1991463452577591 0.009482192806899548 -0.03185012564063072
v 0.03323164954781532 0.12231821566820145 0.15715445578098297
v 0.09609378129243851 0.1679447442293167 0.05765550583600998
v 0.14854265749454498 0.13255885243415833 -0.03356845676898956
v 0.1848946362733841 0.05492909625172615 -0.05966890603303909
v 0.2012104094028473 0.0027442476712167263 -0.016445374116301537
v 0.04956351965665817 0.13839629292488098 0.13839629292488098
v 0.1104288324713707 0.16542655229568481 0.03468630090355873
v 0.1593274623155594 0.11552619189023972 -0.04507846012711525
v 0.19096049666404724 0.03809354826807976 -0.053353335708379745
v 0.06555682420730591 0.15069466829299927 0.11729037016630173
v 0.12400954961776733 0.15878328680992126 0.01315715815871954
v 0.16902391612529755 0.09711925685405731 -0.05255831405520439
v 0.19572190940380096 0.02358962781727314 -0.043589815497398376
v 0.01667276956140995 0.0883709266781807 0.18076561391353607
v 0.08110230416059494 0.15883447229862213 0.09464479982852936
v 0.13674314320087433 0.14841575920581818 -0.006138521712273359
v 0.17756575345993042 0.07820580154657364 -0.05583786591887474
v 0.1991463452577591 0.012079969048500061 -0.030958306044340134
v 0.03323164954781532 0.10892272740602493 0.16671864688396454
v 0.09609378129243851 0.1626099795103073 0.07132735103368759
v 0.14854265749454498 0.13487814366817474 -0.022507183253765106
v 0.1848946362733841 0.05966890603303909 -0.05492909625172615
v 0.2012104094028473 0.004092922899872065 -0.016162587329745293
v 0.04956351965665817 0.12649492919445038 0.1493522673845291
v 0.1104288324713707 0.16199716925621033 0.04822864383459091
v 0.1593274623155594 0.11885415762662888 -0.035384416580200195
v 0.19096049666404724 0.04236932471394539 -0.05002536624670029
v 0.06555682420730591 0.1404942125082016 0.12933403253555298
v 0.12400954961776733 0.15715445578098297 0.026224439963698387
v 0.16902391612529755 0.10112778097391129 -0.0443587563931942
v 0.19572190940380096 0.027108676731586456 -0.04149291664361954
v 0.01667276956140995 0.07314158976078033 0.18744581937789917
v 0.08110230416059494 0.15047626197338104 0.10743798315525055
v 0.13674314320087433 0.14841575920581818 0.006138521712273359
v 0.17756575345993042 0.08254974335432053 -0.049188967794179916
v 0.1991463452577591 0.014595226384699345 -0.029855012893676758
v 0.03323164954781532 0.09478318691253662 0.1751439869403839
v 0.09609378129243851 0.15616442263126373 0.08451195806264877
v 0.14854265749454498 0.13627609610557556 -0.01129215955734253
v 0.1848946362733841 0.06400111317634583 -0.04981406778097153
v 0.2012104094028473 0.005413639359176159 -0.015769394114613533
v 0.04956351965665817 0.11372946947813034 0.15928803384304047
v 0.1104288324713707 0.15746116638183594 0.06144154071807861
v 0.1593274623155594 0.12137023359537125 -0.025448661297559738
v 0.19096049666404724 0.04635567218065262 -0.04635567218065262
v 0.06555682420730591 0.12933403253555298 0.1404942125082016
v 0.12400954961776733 0.15445208549499512 0.03911258280277252
v 0.16902391612529755 0.10444549471139908 -0.035856183618307114
v 0.19572190940380096 0.03044254332780838 -0.03911258280277252
v 0.01667276956140995 0.05741261690855026 0.19284558296203613
v 0.08110230416059494 0.14109015464782715 0.11949726194143295
v 0.13674314320087433 0.14740192890167236 0.018373632803559303
v 0.17756575345993042 0.08632978051900864 -0.04220405966043472
v 0.1991463452577591 0.017010783776640892 -0.028547778725624084
v 0.03323164954781532 0.07999617606401443 0.18237291276454926
v 0.09609378129243851 0.1486520916223526 0.09711925685405731
v 0.14854265749454498 0.13674314320087433 4.606899438855036e-16
v 0.1848946362733841 0.06789613515138626 -0.0443587563931942
v 0.2012104094028473 0.006697375327348709 -0.015268477611243725
v 0.04956351965665817 0.10018712282180786 0.16813568770885468
v 0.1104288324713707 0.15184955298900604 0.0742347240447998
v 0.1593274623155594 0.12305722385644913 -0.015339067205786705
v 0.19096049666404724 0.05002536624670029 -0.04236932471394539
v 0.06555682420730591 0.11729037016630173 0.15069466829299927
v 0.12400954961776733 0.15069466829299927 0.05173354595899582
v 0.16902391612529755 0.10704974085092545 -0.027108676731586456
v 0.19572190940380096 0.03356845676898956 -0.03646506741642952
v 0.01667276956140995 0.04129146412014961 0.1969280242919922
v 0.08110230416059494 0.13074025511741638 0.13074025511741638
v 0.13674314320087433 0.14538119733333588 0.03048323281109333
v 0.17756575345993042 0.08952010422945023 -0.03493085503578186
v 0.1991463452577591 0.01931014098227024 -0.027045533061027527
v 0.03323164954781532 0.06466270983219147 0.18835604190826416
v 0.09609378129243851 0.14012432098388672 0.10906314104795456
v 0.14854265749454498 0.13627609610557556 0.01129215955734253
v 0.1848946362733841 0.07132735103368759 -0.03860042989253998
v 0.2012104094028473 0.007935361005365849 -0.014663263224065304
v 0.04956351965665817 0.08596039563417435 0.1758348047733307
v 0.1104288324713707 0.14520065486431122 0.08652081340551376
v 0.1593274623155594 0.12390360981225967 -0.005124691408127546
v 0.19096049666404724 0.053353335708379745 -0.03809354826807976
v 0.06555682420730591 0.10444549471139908 0.15986573696136475
v 0.12400954961776733 0.14590784907341003 0.06400111317634583
v 0.16902391612529755 0.10892272740602493 -0.018175989389419556
v 0.19572190940380096 0.03646506741642952 -0.03356845676898956
v 0.01667276956140995 0.02488824538886547 0.19966523349285126
v 0.08110230416059494 0.11949726194143295 0.14109015464782715
v 0.13674314320087433 0.14236736297607422 0.04238460212945938
v 0.17756575345993042 0.09209892153739929 -0.027419036254286766
v 0.1991463452577591 0.02147758938372135 -0.025358540937304497
v 0.03323164954781532 0.04888753965497017 0.1930525153875351
v 0.09609378129243851 0.13063937425613403 0.120262011885643
v 0.14854265749454498 0.13487814366817474 0.022507183253765106
v 0.1848946362733841 0.07427132874727249 -0.032578423619270325
v 0.2012104094028473 0.009119140915572643 -0.013957884162664413
v 0.04956351965665817 0.07114647328853607 0.18233278393745422
v 0.1104288324713707 0.1375598907470703 0.09821587800979614
v 0.1593274623155594 0.12390360981225967 0.005124691408127546
v 0.19096049666404724 0.05631684884428978 -0.03355755656957626
v 0.06555682420730591 0.090887151658535 0.1679447442293167
v 0.12400954961776733 0.14012432098388672 0.07583149522542953
v 0.16902391612529755 0.11005166172981262 -0.009119140915572643
v 0.19572190940380096 0.03911258280277252 -0.03044254332780838
v 0.01667276956140995 0.008315014652907848 0.20103852450847626
v 0.08110230416059494 0.10743798315525055 0.15047626197338104
v 0.13674314320087433 0.1383810192346573 0.05399644002318382
v 0.17756575345993042 0.09404859691858292 -0.019719917327165604
v 0.1991463452577591 0.023498322814702988 -0.023498322814702988
v 0.03323164954781532 0.032778412103652954 0.1964302510023117
v 0.09609378129243851 0.120262011885643 0.13063937425613403
v 0.14854265749454498 0.13255885243415833 0.03356845676898956
v 0.1848946362733841 0.07670795917510986 -0.026333875954151154
v 0.2012104094028473 0.010240627452731133 -0.01315715815871954
v 0.04956351965665817 0.055846553295850754 0.1875852644443512
v 0.1104288324713707 0.12897945940494537 0.10924002528190613
v 0.1593274623155594 0.12305722385644913 0.015339067205786705
v 0.19096049666404724 0.05889565870165825 -0.028792332857847214
v 0.06555682420730591 0.07670795917510986 0.17487652599811554
v 0.12400954961776733 0.1333836168050766 0.08714386820793152
v 0.16902391612529755 0.1104288324713707 3.7203659041989197e-16
v 0.19572190940380096 0.04149291664361954 -0.027108676731586456
v 0.08110230416059494 0.09464479982852936 0.15883447229862213
v 0.13674314320087433 0.13344939053058624 0.06523942947387695
v 0.17756575345993042 0.09535583108663559 -0.011886091902852058
v 0.1991463452577591 0.025358540937304497 -0.02147758938372135
v 0.03323164954781532 0.016445374116301537 0.19846616685390472
v 0.09609378129243851 0.10906314104795456 0.14012432098388672
v 0.14854265749454498 0.12933403253555298 0.044400427490472794
v 0.1848946362733841 0.07862059772014618 -0.019909439608454704
v 0.2012104094028473 0.01129215955734253 -0.012266555801033974
v 0.04956351965665817 0.040165141224861145 0.19155633449554443
v 0.1104288324713707 0.11951795220375061 0.11951795220375061
v 0.1593274623155594 0.12137023359537125 0.025448661297559738
v 0.19096049666404724 0.061072152107954025 -0.02383042685687542
v 0.06555682420730591 0.06200477480888367 0.18061374127864838
v 0.12400954961776733 0.12573176622390747 0.09786095470190048
v 0.16902391612529755 0.11005166172981262 0.009119140915572643
v 0.19572190940380096 0.043589815497398376 -0.02358962781727314
v 0.08110230416059494 0.0812050923705101 0.1661076694726944
v 0.13674314320087433 0.12760615348815918 0.07603676617145538
v 0.17756575345993042 0.0960116907954216 -0.003971072845160961
v 0.1991463452577591 0.027045533061027527 -0.01931014098227024
v 0.09609378129243851 0.09711925685405731 0.1486520916223526
v 0.14854265749454498 0.1252257227897644 0.05492909625172615
v 0.1848946362733841 0.07999617606401443 -0.013349001295864582
v 0.2012104094028473 0.012266555801033974 -0.01129215955734253
v 0.04956351965665817 0.024209357798099518 0.19421888887882233
v 0.1104288324713707 0.10924002528190613 0.12897945940494537
v 0.1593274623155594 0.11885415762662888 0.035384416580200195
v 0.19096049666404724 0.06283146142959595 -0.018705736845731735
v 0.06555682420730591 0.04687803238630295 0.18511715531349182
v 0.12400954961776733 0.11722102761268616 0.10790956020355225
v 0.16902391612529755 0.10892272740602493 0.018175989389419556
v 0.19572190940380096 0.045388948172330856 -0.019909439608454704
v 0.08110230416059494 0.06721067428588867 0.17224618792533875
v 0.13674314320087433 0.12089125066995621 0.08631469309329987
v 0.17756575345993042 0.0960116907954216 0.003971072845160961
v 0.1991463452577591 0.028547778725624084 -0.017010783776640892
v 0.09609378129243851 0.08451195806264877 0.15616442263126373
v 0.14854265749454498 0.120262011885643 0.06508254259824753
v 0.1848946362733841 0.08082529902458191 -0.006697375327348709
v 0.2012104094028473 0.01315715815871954 -0.010240627452731133
v 0.04956351965665817 0.008088203147053719 0.195554718375206
v 0.1104288324713707 0.09821587800979614 0.1375598907470703
v 0.1593274623155594 0.11552619189023972 0.04507846012711525
v 0.19096049666404724 0.06416156888008118 -0.013453265652060509
v 0.06555682420730591 0.03143106400966644 0.18835604190826416
v 0.12400954961776733 0.10790956020355225 0.11722102761268616
v 0.16902391612529755 0.10704974085092545 0.027108676731586456
v 0.19572190940380096 0.04687803238630295 -0.01609324850142002
v 0.08110230416059494 0.0527571365237236 0.1772080957889557
v 0.13674314320087433 0.1133505329489708 0.09600300341844559
v 0.17756575345993042 0.09535583108663559 0.011886091902852058
v 0.1991463452577591 0.029855012893676758 -0.014595226384699345
v 0.09609378129243851 0.07132735103368759 0.1626099795103073
v 0.14854265749454498 0.114476777613163 0.07479141652584076
v 0.1848946362733841 0.08110230416059494 2.7323501462256535e-16
v 0.2012104094028473 0.013957884162664413 -0.009119140915572643
v 0.1104288324713707 0.08652081340551376 0.14520065486431122
v 0.1593274623155594 0.11140906065702438 0.05446457117795944
v 0.19096049666404724 0.06505338102579117 -0.0081088962033391
v 0.06555682420730591 0.015769394114613533 0.19030827283859253
v 0.12400954961776733 0.09786095470190048 0.12573176622390747
v 0.16902391612529755 0.10444549471139908 0.035856183618307114
v 0.19572190940380096 0.048046890646219254 -0.012167125009000301
v 0.08110230416059494 0.03794321417808533 0.18095949292182922
v 0.13674314320087433 0.10503552109003067 0.10503552109003067
v 0.17756575345993042 0.09404859691858292 0.019719917327165604
v 0.1991463452577591 0.030958306044340134 -0.012079969048500061
v 0.09609378129243851 0.05765550583600998 0.1679447442293167
v 0.14854265749454498 0.10790956020355225 0.08398938179016113
v 0.1848946362733841 0.08082529902458191 0.006697375327348709
v 0.2012104094028473 0.014663263224065304 -0.007935361005365849
v 0.1104288324713707 0.0742347240447998 0.15184955298900604
v 0.1593274623155594 0.10653088986873627 0.06347863376140594
v 0.19096049666404724 0.06550081819295883 -0.002709134016185999
v 0.12400954961776733 0.08714386820793152 0.1333836168050766
v 0.16902391612529755 0.10112778097391129 0.0443587563931942
v 0.19572190940380096 0.04888753965497017 -0.008157887496054173
v 0.08110230416059494 0.022870104759931564 0.18347474932670593
v 0.13674314320087433 0.09600300341844559 0.1133505329489708
v 0.17756575345993042 0.09209892153739929 0.027419036254286766
v 0.1991463452577591 0.03185012564063072 -0.009482192806899548
v 0.09609378129243851 0.043589815497398376 0.17213228344917297
v 0.14854265749454498 0.10060520470142365 0.09261361509561539
v 0.1848946362733841 0.07999617606401443 0.013349001295864582
v 0.2012104094028473 0.015268477611243725 -0.006697375327348709
v 0.1104288324713707 0.06144154071807861 0.15746116638183594
v 0.1593274623155594 0.100925013422966 0.07205907255411148
v 0.19096049666404724 0.06550081819295883 0.002709134016185999
v 0.12400954961776733 0.07583149522542953 0.14012432098388672
v 0.16902391612529755 0.09711925685405731 0.05255831405520439
v 0.19572190940380096 0.049394235014915466 -0.004092922899872065
v 0.08110230416059494 0.007640765979886055 0.1847366839647293
v 0.13674314320087433 0.08631469309329987 0.12089125066995621
v 0.17756575345993042 0.08952010422945023 0.03493085503578186
v 0.1991463452577591 0.03252437338232994 -0.006819644011557102
v 0.09609378129243851 0.029226362705230713 0.1751439869403839
v 0.14854265749454498 0.09261361509561539 0.10060520470142365
v 0.1848946362733841 0.07862059772014618 0.019909439608454704
v 0.2012104094028473 0.015769394114613533 -0.005413639359176159
v 0.1104288324713707 0.04822864383459091 0.16199716925621033
v 0.1593274623155594 0.09462971240282059 0.08014727383852005
v 0.19096049666404724 0.06505338102579117 0.0081088962033391
v 0.12400954961776733 0.06400111317634583 0.14590784907341003
v 0.16902391612529755 0.09244731813669205 0.06039884686470032
v 0.19572190940380096 0.04956351965665817 1.6698032974789913e-16
v 0.13674314320087433 0.07603676617145538 0.12760615348815918
v 0.17756575345993042 0.08632978051900864 0.04220405966043472
v 0.1991463452577591 0.03297644853591919 -0.004110509995371103
v 0.09609378129243851 0.014663263224065304 0.17695927619934082
v 0.14854265749454498 0.08398938179016113 0.10790956020355225
v 0.1848946362733841 0.07670795917510986 0.026333875954151154
v 0.2012104094028473 0.016162587329745293 -0.004092922899872065
v 0.1104288324713707 0.03468630090355873 0.16542655229568481
v 0.1593274623155594 0.08768799155950546 0.08768799155950546
v 0.19096049666404724 0.06416156888008118 0.013453265652060509
v 0.12400954961776733 0.05173354595899582 0.15069466829299927
v 0.16902391612529755 0.08714386820793152 0.06782679259777069
v 0.19572190940380096 0.049394235014915466 0.004092922899872065
v 0.13674314320087433 0.06523942947387695 0.13344939053058624
v 0.17756575345993042 0.08254974335432053 0.049188967794179916
v 0.1991463452577591 0.033203259110450745 -0.0013732969528064132
v 0.14854265749454498 0.07479141652584076 0.114476777613163
v 0.1848946362733841 0.07427132874727249 0.032578423619270325
v 0.2012104094028473 0.016445374116301537 -0.0027442476712167263
v 0.1104288324713707 0.02090701274573803 0.16772590577602386
v 0.1593274623155594 0.08014727383852005 0.09462971240282059
v 0.19096049666404724 0.06283146142959595 0.018705736845731735
v 0.12400954961776733 0.03911258280277252 0.15445208549499512
v 0.16902391612529755 0.08124513179063797 0.07479141652584076
v 0.19572190940380096 0.04888753965497017 0.008157887496054173
v 0.13674314320087433 0.05399644002318382 0.1383810192346573
v 0.17756575345993042 0.07820580154657364 0.05583786591887474
v 0.1991463452577591 0.033203259110450745 0.0013732969528064132
v 0.14854265749454498 0.06508254259824753 0.120262011885643
v 0.1848946362733841 0.07132735103368759 0.03860042989253998
v 0.2012104094028473 0.01661582477390766 -0.0013768264325335622
v 0.1104288324713707 0.006984908599406481 0.16887952387332916
v 0.1593274623155594 0.07205907255411148 0.100925013422966
v 0.19096049666404724 0.061072152107954025 0.02383042685687542
v 0.12400954961776733 0.026224439963698387 0.15715445578098297
v 0.16902391612529755 0.07479141652584076 0.08124513179063797
v 0.19572190940380096 0.048046890646219254 0.012167125009000301
v 0.13674314320087433 0.04238460212945938 0.14236736297607422
v 0.17756575345993042 0.07332763075828552 0.06210533529520035
v 0.1991463452577591 0.03297644853591919 0.004110509995371103
v 0.14854265749454498 0.05492909625172615 0.1252257227897644
v 0.1848946362733841 0.06789613515138626 0.0443587563931942
v 0.2012104094028473 0.01667276956140995 5.617083769593622e-17
v 0.1593274623155594 0.06347863376140594 0.10653088986873627
v 0.19096049666404724 0.05889565870165825 0.028792332857847214
v 0.12400954961776733 0.01315715815871954 0.15878328680992126
v 0.16902391612529755 0.06782679259777069 0.08714386820793152
v 0.19572190940380096 0.04687803238630295 0.01609324850142002
v 0.13674314320087433 0.03048323281109333 0.14538119733333588
v 0.17756575345993042 0.06794856488704681 0.06794856488704681
v 0.1991463452577591 0.03252437338232994 0.006819644011557102
v 0.14854265749454498 0.044400427490472794 0.12933403253555298
v 0.1848946362733841 0.06400111317634583 0.04981406778097153
v 0.2012104094028473 0.01661582477390766 0.0013768264325335622
v 0.1593274623155594 0.05446457117795944 0.11140906065702438
v 0.19096049666404724 0.05631684884428978 0.03355755656957626
v 0.16902391612529755 0.06039884686470032 0.09244731813669205
v 0.19572190940380096 0.045388948172330856 0.019909439608454704
v 0.13674314320087433 0.018373632803559303 0.14740192890167236
v 0.17756575345993042 0.06210533529520035 0.07332763075828552
v 0.1991463452577591 0.03185012564063072 0.009482192806899548
v 0.14854265749454498 0.03356845676898956 0.13255885243415833
v 0.1848946362733841 0.05966890603303909 0.05492909625172615
v 0.2012104094028473 0.016445374116301537 0.0027442476712167263
v 0.1593274623155594 0.04507846012711525 0.11552619189023972
v 0.19096049666404724 0.053353335708379745 0.03809354826807976
v 0.16902391612529755 0.05255831405520439 0.09711925685405731
v 0.19572190940380096 0.043589815497398376 0.02358962781727314
v 0.13674314320087433 0.006138521712273359 0.14841575920581818
v 0.17756575345993042 0.05583786591887474 0.07820580154657364
v 0.1991463452577591 0.030958306044340134 0.012079969048500061
v 0.14854265749454498 0.022507183253765106 0.13487814366817474
v 0.1848946362733841 0.05492909625172615 0.05966890603303909
v 0.2012104094028473 0.016162587329745293 0.004092922899872065
v 0.1593274623155594 0.035384416580200195 0.11885415762662888
v 0.19096049666404724 0.05002536624670029 0.04236932471394539
v 0.16902391612529755 0.0443587563931942 0.10112778097391129
v 0.19572190940380096 0.04149291664361954 0.027108676731586456
v 0.17756575345993042 0.049188967794179916 0.08254974335432053
v 0.1991463452577591 0.029855012893676758 0.014595226384699345
v 0.14854265749454498 0.01129215955734253 0.13627609610557556
v 0.1848946362733841 0.04981406778097153 0.06400111317634583
v 0.2012104094028473 0.015769394114613533 0.005413639359176159
v 0.1593274623155594 0.025448661297559738 0.12137023359537125
v 0.19096049666404724 0.04635567218065262 0.04635567218065262
v 0.16902391612529755 0.035856183618307114 0.10444549471139908
v 0.19572190940380096 0.03911258280277252 0.03044254332780838
v 0.17756575345993042 0.04220405966043472 0.08632978051900864
v 0.1991463452577591 0.028547778725624084 0.017010783776640892
v 0.1848946362733841 0.0443587563931942 0.06789613515138626
v 0.2012104094028473 0.015268477611243725 0.006697375327348709
v 0.1593274623155594 0.015339067205786705 0.12305722385644913
v 0.19096049666404724 0.04236932471394539 0.05002536624670029
v 0.16902391612529755 0.027108676731586456 0.10704974085092545
v 0.19572190940380096 0.03646506741642952 0.03356845676898956
v 0.17756575345993042 0.03493085503578186 0.08952010422945023
v 0.1991463452577591 0.027045533061027527 0.01931014098227024
v 0.1848946362733841 0.03860042989253998 0.07132735103368759
v 0.2012104094028473 0.014663263224065304 0.007935361005365849
v 0.1593274623155594 0.005124691408127546 0.12390360981225967
v 0.19096049666404724 0.03809354826807976 0.053353335708379745
v 0.16902391612529755 0.018175989389419556 0.10892272740602493
v 0.19572190940380096 0.03356845676898956 0.03646506741642952
v 0.17756575345993042 0.027419036254286766 0.09209892153739929
v 0.1991463452577591 0.025358540937304497 0.02147758938372135
v 0.1848946362733841 0.032578423619270325 0.07427132874727249
v 0.2012104094028473 0.013957884162664413 0.009119140915572643
v 0.19096049666404724 0.03355755656957626 0.05631684884428978
v 0.16902391612529755 0.009119140915572643 0.11005166172981262
v 0.19572190940380096 0.03044254332780838 0.03911258280277252
v 0.17756575345993042 0.019719917327165604 0.09404859691858292
v 0.1991463452577591 0.023498322814702988 0.023498322814702988
v 0.1848946362733841 0.026333875954151154 0.07670795917510986
v 0.2012104094028473 0.01315715815871954 0.010240627452731133
v 0.19096049666404724 0.028792332857847214 0.05889565870165825
v 0.19572190940380096 0.027108676731586456 0.04149291664361954
v 0.17756575345993042 0.011886091902852058 0.09535583108663559
v 0.1991463452577591 0.02147758938372135 0.025358540937304497
v 0.1848946362733841 0.019909439608454704 0.07862059772014618
v 0.2012104094028473 0.012266555801033974 0.01129215955734253
v 0.19096049666404724 0.02383042685687542 0.061072152107954025
v 0.19572190940380096 0.02358962781727314 0.043589815497398376
v 0.17756575345993042 0.003971072845160961 0.0960116907954216
v 0.1991463452577591 0.01931014098227024 0.027045533061027527
v 0.1848946362733841 0.013349001295864582 0.07999617606401443
v 0.2012104094028473 0.01129215955734253 0.012266555801033974
v 0.19096049666404724 0.018705736845731735 0.06283146142959595
v 0.19572190940380096 0.019909439608454704 0.045388948172330856
v 0.1991463452577591 0.017010783776640892 0.028547778725624084
v 0.1848946362733841 0.006697375327348709 0.08082529902458191
v 0.2012104094028473 0.010240627452731133 0.01315715815871954
v 0.19096049666404724 0.013453265652060509 0.06416156888008118
v 0.19572190940380096 0.01609324850142002 0.04687803238630295
v 0.1991463452577591 0.014595226384699345 0.029855012893676758
v 0.2012104094028473 0.009119140915572643 0.013957884162664413
v 0.19096049666404724 0.0081088962033391 0.06505338102579117
v 0.19572190940380096 0.012167125009000301 0.048046890646219254
v 0.1991463452577591 0.012079969048500061 0.030958306044340134
v 0.2012104094028473 0.007935361005365849 0.014663263224065304
v 0.19096049666404724 0.002709134016185999 0.06550081819295883
v 0.19572190940380096 0.008157887496054173 0.04888753965497017
v 0.1991463452577591 0.009482192806899548 0.03185012564063072
v 0.2012104094028473 0.006697375327348709 0.015268477611243725
v 0.19572190940380096 0.004092922899872065 0.049394235014915466
v 0.1991463452577591 0.006819644011557102 0.03252437338232994
v 0.2012104094028473 0.005413639359176159 0.015769394114613533
v 0.1991463452577591 0.004110509995371103 0.03297644853591919
v 0.2012104094028473 0.004092922899872065 0.016162587329745293
v 0.1991463452577591 0.0013732969528064132 0.033203259110450745
v 0.2012104094028473 0.0027442476712167263 0.016445374116301537
v 0.2012104094028473 0.0013768264325335622 0.01661582477390766
v 0 0 0.2159000039100647
v 0.016939319670200348 0 0.21523445844650269
v 0.033774200826883316 0 0.21324191987514496
v 0.05040085315704346 0 0.20993466675281525
v 0.066716767847538 0 0.20533309876918793
v 0.08262135088443756 0 0.1994655877351761
v 0.09801654517650604 0 0.1923683136701584
v 0.11280743777751923 0 0.18408501148223877
v 0.12690283358097076 0 0.17466676235198975
v 0.14021582901477814 0 0.16417165100574493
v 0.15266434848308563 0 0.15266434848308563
v 0.16417165100574493 0 0.14021582901477814
v 0.17466676235198975 0 0.12690283358097076
v 0.18408501148223877 0 0.11280743777751923
v 0.1923683136701584 0 0.09801654517650604
v 0.1994655877351761 0 0.08262135088443756
v 0.20533309876918793 0 0.066716767847538
v 0.20993466675281525 0 0.05040085315704346
v 0.21324191987514496 0 0.033774200826883316
v 0.21523445844650269 0 0.016939319670200348
v 0.2159000039100647 0 1.322006258836843e-17
v -0.2159000039100647 0 -3.9660186937924677e-17
v -0.21523445844650269 0 0.016939319670200348
v -0.21324191987514496 0 0.033774200826883316
v -0.20993466675281525 0 0.05040085315704346
v -0.20533309876918793 0 0.066716767847538
v -0.1994655877351761 0 0.08262135088443756
v -0.1923683136701584 0 0.09801654517650604
v -0.18408501148223877 0 0.11280743777751923
v -0.17466676235198975 0 0.12690283358097076
v -0.16417165100574493 0 0.14021582901477814
v -0.15266434848308563 0 0.15266434848308563
v -0.14021582901477814 0 0.16417165100574493
v -0.12690283358097076 0 0.17466676235198975
v -0.11280743777751923 0 0.18408501148223877
v -0.09801654517650604 0 0.1923683136701584
v -0.08262135088443756 0 0.1994655877351761
v -0.066716767847538 0 0.20533309876918793
v -0.05040085315704346 0 0.20993466675281525
v -0.033774200826883316 0 0.21324191987514496
v -0.016939319670200348 0 0.21523445844650269
v 2.644012517673686e-17 0 -0.2159000039100647
v -0.016939319670200348 0 -0.21523445844650269
v -0.033774200826883316 0 -0.21324191987514496
v -0.05040085315704346 0 -0.20993466675281525
v -0.066716767847538 0 -0.20533309876918793
v -0.08262135088443756 0 -0.1994655877351761
v -0.09801654517650604 0 -0.1923683136701584
v -0.11280743777751923 0 -0.18408501148223877
v -0.12690283358097076 0 -0.17466676235198975
v -0.14021582901477814 0 -0.16417165100574493
v -0.15266434848308563 0 -0.15266434848308563
v -0.16417165100574493 0 -0.14021582901477814
v -0.17466676235198975 0 -0.12690283358097076
v -0.18408501148223877 0 -0.11280743777751923
v -0.1923683136701584 0 -0.09801654517650604
v -0.1994655877351761 0 -0.08262135088443756
v -0.20533309876918793 0 -0.066716767847538
v -0.20993466675281525 0 -0.05040085315704346
v -0.21324191987514496 0 -0.033774200826883316
v -0.21523445844650269 0 -0.016939319670200348
v 0.21523445844650269 0 -0.016939319670200348
v 0.21324191987514496 0 -0.033774200826883316
v 0.20993466675281525 0 -0.05040085315704346
v 0.20533309876918793 0 -0.066716767847538
v 0.1994655877351761 0 -0.08262135088443756
v 0.1923683136701584 0 -0.09801654517650604
v 0.18408501148223877 0 -0.11280743777751923
v 0.17466676235198975 0 -0.12690283358097076
v 0.16417165100574493 0 -0.14021582901477814
v 0.15266434848308563 0 -0.15266434848308563
v 0.14021582901477814 0 -0.16417165100574493
v 0.12690283358097076 0 -0.17466676235198975
v 0.11280743777751923 0 -0.18408501148223877
v 0.09801654517650604 0 -0.1923683136701584
v 0.08262135088443756 0 -0.1994655877351761
v 0.066716767847538 0 -0.20533309876918793
v 0.05040085315704346 0 -0.20993466675281525
v 0.033774200826883316 0 -0.21324191987514496
v 0.016939319670200348 0 -0.21523445844650269
v 0 0 0.20190000534057617
v 0.01667276956140995 0 0.2012104094028473
v 0.03323164954781532 0 0.1991463452577591
v 0.04956351965665817 0 0.19572190940380096
v 0.06555682420730591 0 0.19096049666404724
v 0.08110230416059494 0 0.1848946362733841
v 0.09609378129243851 0 0.17756575345993042
v 0.1104288324713707 0 0.16902391612529755
v 0.12400954961776733 0 0.1593274623155594
v 0.13674314320087433 0 0.14854265749454498
v 0.14854265749454498 0 0.13674314320087433
v 0.1593274623155594 0 0.12400954961776733
v 0.16902391612529755 0 0.1104288324713707
v 0.17756575345993042 0 0.09609378129243851
v 0.1848946362733841 0 0.08110230416059494
v 0.19096049666404724 0 0.06555682420730591
v 0.19572190940380096 0 0.04956351965665817
v 0.1991463452577591 0 0.03323164954781532
v 0.2012104094028473 0 0.01667276956140995
v 0.20190000534057617 0 1.2362809824646037e-17
v 0.2012104094028473 0 -0.01667276956140995
v 0.1991463452577591 0 -0.03323164954781532
v 0.19572190940380096 0 -0.04956351965665817
v 0.19096049666404724 0 -0.06555682420730591
v 0.1848946362733841 0 -0.08110230416059494
v 0.17756575345993042 0 -0.09609378129243851
v 0.16902391612529755 0 -0.1104288324713707
v 0.1593274623155594 0 -0.12400954961776733
v 0.14854265749454498 0 -0.13674314320087433
v 0.13674314320087433 0 -0.14854265749454498
v 0.12400954961776733 0 -0.1593274623155594
v 0.1104288324713707 0 -0.16902391612529755
v 0.09609378129243851 0 -0.17756575345993042
v 0.08110230416059494 0 -0.1848946362733841
v 0.06555682420730591 0 -0.19096049666404724
v 0.04956351965665817 0 -0.19572190940380096
v 0.03323164954781532 0 -0.1991463452577591
v 0.01667276956140995 0 -0.2012104094028473
v 2.4725619649292074e-17 0 -0.20190000534057617
v -0.01667276956140995 0 -0.2012104094028473
v -0.03323164954781532 0 -0.1991463452577591
v -0.04956351965665817 0 -0.19572190940380096
v -0.06555682420730591 0 -0.19096049666404724
v -0.08110230416059494 0 -0.1848946362733841
v -0.09609378129243851 0 -0.17756575345993042
v -0.1104288324713707 0 -0.16902391612529755
v -0.12400954961776733 0 -0.1593274623155594
v -0.13674314320087433 0 -0.14854265749454498
v -0.14854265749454498 0 -0.13674314320087433
v -0.1593274623155594 0 -0.12400954961776733
v -0.16902391612529755 0 -0.1104288324713707
v -0.17756575345993042 0 -0.09609378129243851
v -0.1848946362733841 0 -0.08110230416059494
v -0.19096049666404724 0 -0.06555682420730591
v -0.19572190940380096 0 -0.04956351965665817
v -0.1991463452577591 0 -0.03323164954781532
v -0.2012104094028473 0 -0.01667276956140995
v -0.20190000534057617 0 -3.708842947393811e-17
v -0.2012104094028473 0 0.01667276956140995
v -0.1991463452577591 0 0.03323164954781532
v -0.19572190940380096 0 0.04956351965665817
v -0.19096049666404724 0 0.06555682420730591
v -0.1848946362733841 0 0.08110230416059494
v -0.17756575345993042 0 0.09609378129243851
v -0.16902391612529755 0 0.1104288324713707
v -0.1593274623155594 0 0.12400954961776733
v -0.14854265749454498 0 0.13674314320087433
v -0.13674314320087433 0 0.14854265749454498
v -0.12400954961776733 0 0.1593274623155594
v -0.1104288324713707 0 0.16902391612529755
v -0.09609378129243851 0 0.17756575345993042
v -0.08110230416059494 0 0.1848946362733841
v -0.06555682420730591 0 0.19096049666404724
v -0.04956351965665817 0 0.19572190940380096
v -0.03323164954781532 0 0.1991463452577591
v -0.01667276956140995 0 0.2012104094028473
vn 0.04128973575753551 -0.04128973575753551 -0.9982937019946314
vn 0.0413249779207599 -0.08250881203897195 -0.995733168140826
vn 0.04132107152271883 -0.1508835808155781 -0.9876875589418362
vn 0.041321073770399154 -0.2319308428891892 -0.9718542344298199
vn 0.04132107219108206 -0.31139373375098606 -0.949382173612713
vn 0.04132107178946213 -0.38872953366974133 -0.9204248577038083
vn 0.0413210726382666 -0.4634098996651963 -0.885180113789457
vn 0.041321073721917456 -0.5349247584337445 -0.8438886607136443
vn 0.041321073189186035 -0.6027854748373557 -0.7968326300018078
vn 0.04132497930476752 -0.6767030153265234 -0.735095419067111
vn 0.04132497558583921 -0.7350954191802771 -0.6767030154307002
vn 0.04132107304206288 -0.779951220728939 -0.6244747090203818
vn 0.041321071679756766 -0.8288560299527412 -0.5579339124360673
vn 0.04132107322723438 -0.8720988736731832 -0.4875819146003213
vn 0.041321072613798464 -0.9093844269537679 -0.4138991821349887
vn 0.04132107271023198 -0.9404579397099323 -0.33738914118066304
vn 0.0413210738258433 -0.9651071685798517 -0.2585744032452958
vn 0.041321071552461286 -0.9831637460568814 -0.1779933074167576
vn 0.04132497794616395 -0.9957331687529415 -0.08250880463911249
vn 0.04132497361026168 -0.9991457584137117 0
vn 0.04128973575753551 -0.04128973575753551 0.9982937019946314
vn 0.04132107187598819 -0.09619637380505526 0.9945043120498661
vn 0.041321071552461286 -0.1779933074167576 0.9831637460568814
vn 0.0413210738258433 -0.2585744032452958 0.9651071685798517
vn 0.04132107271023198 -0.33738914118066304 0.9404579397099323
vn 0.041321072613798464 -0.4138991821349887 0.9093844269537679
vn 0.04132107754660365 -0.48758189180803174 0.8720988862114711
vn 0.041321071679756766 -0.5579339124360673 0.8288560299527412
vn 0.04132107304206288 -0.6244747090203818 0.779951220728939
vn 0.04132108181130829 -0.6867496642718688 0.7257185865198843
vn 0.041321075179658384 -0.7443334230934512 0.6665285620376538
vn 0.041321073189186035 -0.7968326300018078 0.6027854748373557
vn 0.041321073721917456 -0.8438886607136443 0.5349247584337445
vn 0.04132107635719621 -0.8851801136531985 0.46340989959386214
vn 0.0413210777753319 -0.9204248484534565 0.38872955493622646
vn 0.04132107219108206 -0.949382173612713 0.31139373375098606
vn 0.041321073770399154 -0.9718542344298199 0.2319308428891892
vn 0.0413210775813479 -0.9876875551104185 0.15088360423690822
vn 0.041321080695969806 -0.9967739707004413 0.06880566564021423
vn 0.08663728152404698 -0.03709914562802765 0.995548911326708
vn 0.16456039145055631 -0.020385149736468825 0.9861563381309586
vn 0.24520021565106356 -0.03340248748316152 0.9688968614226229
vn 0.3246374449827861 -0.019547552000139932 0.9456365171279344
vn 0.4012295326568154 -0.03155750797688165 0.915433769212324
vn 0.4758687930694134 -0.018176877937146518 0.8793284328913277
vn 0.5463155027181447 -0.028853435677675565 0.8370823440614522
vn 0.6141310124313564 -0.016310402566055985 0.789035531733629
vn 0.6765005583842921 -0.025364540499750954 0.7360051865245092
vn 0.7356517687499252 -0.013998929917270602 0.6772152575778825
vn 0.7882330770923229 -0.02118706079141588 0.6150119711294968
vn 0.8371129710946111 -0.011305417040816043 0.5469132117353592
vn 0.8784645849454673 -0.01643746170006255 0.4775246410913755
vn 0.9157417565726529 -0.008303286642967781 0.401681578741367
vn 0.9447314925932748 -0.011252703367531364 0.32765192440973917
vn 0.9693877806107608 -0.005074442887055904 0.24548234321826407
vn 0.9852132680781069 -0.005810419028858931 0.17123392021899547
vn 0.9965830410331257 -0.0017070212574401063 0.08257922501206937
vn 0.9993137608274089 -0.026727376214276503 0.02564478078831684
vn 0.9992981001833061 -0.025935648125459038 -0.027030522124956567
vn 0.9965830410331257 -0.0017070212574401063 -0.08257922501206937
vn 0.9852132705946273 -0.005810418578039143 -0.1712339057552155
vn 0.9693877806107608 -0.005074442887055904 -0.24548234321826407
vn 0.9447314925932748 -0.011252703367531364 -0.32765192440973917
vn 0.9157417565726529 -0.008303286642967781 -0.401681578741367
vn 0.8784645849454673 -0.01643746170006255 -0.4775246410913755
vn 0.8371129710946111 -0.011305417040816043 -0.5469132117353592
vn 0.7882330771234298 -0.021187058929606914 -0.6150119711537676
vn 0.7356517687499252 -0.013998929917270602 -0.6772152575778825
vn 0.6765005583842921 -0.025364540499750954 -0.7360051865245092
vn 0.6141310124313564 -0.016310402566055985 -0.789035531733629
vn 0.5463155026594225 -0.028853439399864556 -0.8370823439714763
vn 0.4758687930694134 -0.018176877937146518 -0.8793284328913277
vn 0.4012295326568154 -0.03155750797688165 -0.915433769212324
vn 0.3246374449827861 -0.019547552000139932 -0.9456365171279344
vn 0.24520021565106356 -0.03340248748316152 -0.9688968614226229
vn 0.16456039145055631 -0.020385149736468825 -0.9861563381309586
vn 0.08663728152404698 -0.03709914562802765 -0.995548911326708
vn 0.9950810731824268 -0.005118305360594802 0.09893159628928144
vn 0.9953536879854555 -0.011909895447967297 0.09554679588647134
vn 0.9953536876863174 -0.019759410773020146 0.09423694655044774
vn 0.985213453864341 -0.01414843548828027 0.17074622132840872
vn 0.9953536878341419 -0.027473944869878426 0.09228335964983259
vn 0.9852134594294872 -0.0282002222048095 0.16899463549645982
vn 0.9680342459073027 -0.013410771898843234 0.2504592780229089
vn 0.9953536882966973 -0.03500080817011124 0.0896993791595018
vn 0.9852134579633541 -0.04205937308599841 0.16608868529644946
vn 0.9682850108934976 -0.03090438390629822 0.2479295398583057
vn 0.9953536879676217 -0.0422885785894561 0.08650267030639927
vn 0.9852134549427162 -0.055631216412423475 0.16204819024077563
vn 0.9682850135681954 -0.0512726897349918 0.24453066021785275
vn 0.9447335686165212 -0.0270727428258424 0.3267193764149573
vn 0.9953536878678565 -0.04928747883294247 0.08271505593390929
vn 0.9852134536644865 -0.06882303919125989 0.15690073293319232
vn 0.9682850125415756 -0.07129074547534962 0.23946140419059062
vn 0.9447335709409865 -0.053960547471204885 0.32336780800460024
vn 0.9953536875448539 -0.05594969105430089 0.07836241932067808
vn 0.9144532537025822 -0.021707493471236367 0.40410893521420327
vn 0.9852134558015305 -0.08154472686052257 0.15068146544564928
vn 0.9682850105177017 -0.0908218162371069 0.23275638788683645
vn 0.9447335706294129 -0.0804797345441456 0.3178073203271193
vn 0.9953536875314625 -0.062229714587521245 0.0734744808751687
vn 0.914726121424673 -0.04998102320431502 0.40097134573785187
vn 0.9852134554038441 -0.09370939403763366 0.14343289985326663
vn 0.9682850130887638 -0.10973248505226292 0.22446138900030785
vn 0.9447335609346318 -0.10644918689761045 0.310075909178072
vn 0.995353687478876 -0.0680846415214324 0.0680846415214324
vn 0.9147261316807768 -0.08292226435031375 0.39547440131484995
vn 0.98521345426925 -0.10523392214478086 0.13520455301830173
vn 0.8784692068264016 -0.039456325530033774 0.4761670411037082
vn 0.9682850129213184 -0.1278935656000256 0.21463310469280847
vn 0.9447335701337596 -0.13169148704409606 0.30022630414811363
vn 0.9953536875314625 -0.0734744808751687 0.062229714587521245
vn 0.9147261209555249 -0.11529705457169728 0.3872760163613926
vn 0.9852134567808603 -0.11603960374162862 0.12605258799958766
vn 0.8784692199549459 -0.07864312003842361 0.4712823880248137
vn 0.968285010134618 -0.145181013030029 0.20333866480376306
vn 0.8359139527255042 -0.029466971633770347 0.5480689383841766
vn 0.9447335647108045 -0.15603417234522687 0.28832590721153756
vn 0.9953536875448539 -0.07836241932067808 0.05594969105430089
vn 0.9147261299512887 -0.14688427615206373 0.37643208763815894
vn 0.9852134566338612 -0.1260526028819411 0.11603958882315372
vn 0.878469207098942 -0.11729271420908612 0.4631784444168594
vn 0.9682850126006254 -0.1614767144704673 0.19065519939626577
vn 0.8362109452233467 -0.06783401796659114 0.5441964728801402
vn 0.9447335615009329 -0.17931100752996487 0.2744559351742133
vn 0.9953536878678565 -0.08271505593390929 0.04928747883294247
vn 0.9147261280274149 -0.17746810419352546 0.36301678018781647
vn 0.9852134534967896 -0.13520455291229408 0.10523392951285236
vn 0.8784691884693447 -0.15514107389877685 0.4519105355040367
vn 0.9682850127790723 -0.17666938693184314 0.17666935712952112
vn 0.8362109808731095 -0.11254172225797747 0.5367360209809288
vn 0.9447335590758706 -0.20136295237483706 0.2587111589528517
vn 0.7882402591962271 -0.05081665177351343 0.6132658164978658
vn 0.9953536878108163 -0.08650267029277187 0.042288582308084334
vn 0.9147261224155887 -0.20683964731940413 0.34712170958804384
vn 0.9852134554038441 -0.14343289985326663 0.09370939403763366
vn 0.8784691868435406 -0.19192965715486804 0.43755559014925555
vn 0.9682850149305036 -0.19065519985501847 0.16147669995784997
vn 0.836210965538148 -0.15648065496706562 0.5256091948728034
vn 0.9447335680614473 -0.22203938850468163 0.24119907821207354
vn 0.7882402647766926 -0.10128618171176575 0.606974788915504
vn 0.9953536882966973 -0.0896993791595018 0.03500080817011124
vn 0.9147261267748562 -0.23479826457286243 0.3288554210425027
vn 0.7345751451654648 -0.03644178771859502 0.6775480442101574
vn 0.9852134558015305 -0.15068146544564928 0.08154472686052257
vn 0.8784691947894714 -0.22740720876444837 0.4202116552499469
vn 0.968285010134618 -0.20333866480376306 0.145181013030029
vn 0.8362109612227212 -0.19935065391371787 0.5108919113816011
vn 0.9447335745827455 -0.2411990649758589 0.2220393751362117
vn 0.7882402822518045 -0.15106382018793724 0.5965374922549479
vn 0.9953536877322691 -0.09228335964038753 0.02747394859235677
vn 0.9147261341595739 -0.2611529517802216 0.3083427237052277
vn 0.7348849768567772 -0.08388732368190475 0.6729836459496632
vn 0.9852134564731081 -0.1569007184793198 0.06882303193687829
vn 0.8784692074075579 -0.26133125385689676 0.39999728423367953
vn 0.9682850129213184 -0.21463310469280847 0.1278935656000256
vn 0.8362109439564483 -0.24085889118570789 0.4926847386963156
vn 0.9447335590758706 -0.2587111589528517 0.20136295237483706
vn 0.7882403092098355 -0.19980953524275025 0.5820252267409542
vn 0.9953536876863174 -0.09423694655044774 0.019759410773020146
vn 0.9147261341933443 -0.2857237147956384 0.2857237445979607
vn 0.7348849594029585 -0.1391753520372993 0.6637577252496618
vn 0.9852134549427162 -0.16204819024077563 0.055631216412423475
vn 0.8784692110501258 -0.2934701979653337 0.3770505113949025
vn 0.6765095337573036 -0.06081421817520997 0.7339185796825242
vn 0.9682850130887638 -0.22446138900030785 0.10973248505226292
vn 0.8362109520200477 -0.2807218385124731 0.4711119751225846
vn 0.9447335717525828 -0.2744559083501124 0.1793109945745729
vn 0.7882403065071323 -0.24719035405223239 0.5635371754028957
vn 0.9953536872768839 -0.09554680326903407 0.01190989543948889
vn 0.9147261341595739 -0.3083427237052277 0.2611529517802216
vn 0.734884937587165 -0.19351268337363212 0.6499976691350863
vn 0.9852134581177209 -0.16608868532247284 0.04205936936729812
vn 0.8784692169618622 -0.32360443038821307 0.3515281034050234
vn 0.67650954348015 -0.12121302353633592 0.7263898681186699
vn 0.9682850138760437 -0.2327563737929538 0.09082181655210789
vn 0.8362109632053011 -0.3186671126739519 0.4463210686437616
vn 0.6132120644103838 -0.04243195163497986 0.7887778480294702
vn 0.9447335706321025 -0.2883258792163525 0.1560341882243622
vn 0.7882402506066921 -0.2928825902528895 0.5411996818645196
vn 0.995353687948355 -0.09620396688676226 0.00397902536552303
vn 0.9147261178099406 -0.3288554476218258 0.23479826227168554
vn 0.7348849628184406 -0.24652811397709287 0.6317974204143578
vn 0.9852134569485067 -0.16899464997205596 0.028200222133795243
vn 0.8784692077587076 -0.35152812952461215 0.3236044269980185
vn 0.6765095454143967 -0.1807838343619017 0.7138991806947358
vn 0.9682850159966616 -0.23946139014388845 0.07129074572973305
vn 0.8362109548587722 -0.35443564772539765 0.4184813145119603
vn 0.6135127312940123 -0.09767819572528541 0.7836205067633274
vn 0.9447335701337596 -0.30022630414811363 0.13169148704409606
vn 0.7882402703195843 -0.33657420381574876 0.5151651012756042
vn 0.99535368723491 -0.09620397426838614 -0.003979025362670963
vn 0.9147261252349125 -0.34712171065792524 0.20683963305575412
vn 0.7348849771950041 -0.2978595196610256 0.6092813609822653
vn 0.985213453877323 -0.17074622133065862 0.01414843455714413
vn 0.8784692110501258 -0.3770505113949025 0.2934701979653337
vn 0.676509531853164 -0.23911966908577448 0.6965318637134434
vn 0.9682850169114754 -0.24453064616100345 0.05127269363731564
vn 0.8362109440165363 -0.3877829508844529 0.38778298068677447
vn 0.6135127320466266 -0.16205544178249268 0.7728778437795752
vn 0.9447335609346318 -0.310075909178072 0.10644918689761045
vn 0.7882402685320521 -0.37796658977914205 0.4856115073546388
vn 0.5463250350527787 -0.06916625887764666 0.8347125162039027
vn 0.9953536879854555 -0.09554679588647134 -0.011909895447967297
vn 0.9147261280274149 -0.36301678018781647 0.17746810419352546
vn 0.7348849616504831 -0.3471562490253168 0.5826033229416394
vn 0.9852134538863827 -0.1713314048307094 0
vn 0.8784692074075579 -0.39999728423367953 0.26133125385689676
vn 0.6765095236167434 -0.29582215407858314 0.6744064928603178
vn 0.9682850108934976 -0.2479295398583057 0.03090438390629822
vn 0.8362109532626877 -0.41848134351552263 0.3544356172465607
vn 0.6135126949712645 -0.22532570367071325 0.7568556668047046
vn 0.9447335611149845 -0.31780734692879864 0.0804797411842134
vn 0.7882402779465691 -0.4167771168404114 0.4527406532452209
vn 0.5463250412692192 -0.13786003329867047 0.8261498414337894
vn 0.9953536876863174 -0.09423694655044774 -0.019759410773020146
vn 0.9147261299512887 -0.37643208763815894 0.14688427615206373
vn 0.7348849584890625 -0.3940815526483154 0.5519454933676164
vn 0.47514231646033367 -0.047270635665381276 0.8786383022111538
vn 0.985213453864341 -0.17074622132840872 -0.01414843548828027
vn 0.8784692003722167 -0.4202116592111448 0.22740717987876888
vn 0.6765095171893382 -0.35050378163629736 0.6476742794112667
vn 0.9682850108008377 -0.24963479889574394 0.010324971607862691
vn 0.8362109632053011 -0.4463210686437616 0.3186671126739519
vn 0.6135127086551871 -0.287056720762364 0.735663370967818
vn 0.9447335711308955 -0.3233678080696032 0.05396054375676161
vn 0.7882402779465691 -0.4527406532452209 0.4167771168404114
vn 0.5463249714355273 -0.2056120943759852 0.8119437740584573
vn 0.9953536877832054 -0.09228335964511006 -0.027473946731117596
vn 0.9147261209555249 -0.3872760163613926 0.11529705457169728
vn 0.7348849769558268 -0.4383148250668492 0.5175173279912967
vn 0.4754052043474663 -0.10882069643837389 0.8730108519978494
vn 0.9852134569485067 -0.16899464997205596 -0.028200222133795243
vn 0.8784692068813862 -0.4375555406391584 0.19192967831255872
vn 0.6765095375544493 -0.40279112960309227 0.6165177625267011
vn 0.968285014402711 -0.24963478492318644 -0.010324971646270017
vn 0.8362109520200477 -0.4711119751225846 0.2807218385124731
vn 0.6135127456985365 -0.3468269060307559 0.7094457048418686
vn 0.9447335594652937 -0.3267194030524897 0.02707274070095524
vn 0.7882402685320521 -0.4856115073546388 0.37796658977914205
vn 0.5463249683011262 -0.27195960281443216 0.792191266960063
vn 0.9953536882966973 -0.0896993791595018 -0.03500080817011124
vn 0.9147261316807768 -0.39547440131484995 0.08292226435031375
vn 0.7348849762422648 -0.4795539967998421 0.4795539967998421
vn 0.4754052115739637 -0.1805416924010034 0.8610427295513831
vn 0.9852134581177209 -0.16608868532247284 -0.04205936936729812
vn 0.8784691884693447 -0.4519105355040367 0.15514107389877685
vn 0.6765095434171617 -0.4523270322957815 0.5811498029940252
vn 0.4012379009574863 -0.07564052117667919 0.9128453638987004
vn 0.9682850108934976 -0.2479295398583057 -0.03090438390629822
vn 0.8362109532334325 -0.49268471435987354 0.24085890875897467
vn 0.613512745459706 -0.4042278767065835 0.6783818503260394
vn 0.9447335606872125 -0.32783913633253264 0
vn 0.7882402703195843 -0.5151651012756042 0.33657420381574876
vn 0.5463249805517575 -0.33644936240873435 0.767027276020793
vn 0.9953536879676217 -0.08650267030639927 -0.0422885785894561
vn 0.9147261321852211 -0.40097132065242946 0.04998102751756621
vn 0.7348849769558268 -0.5175173279912967 0.4383148250668492
vn 0.4754052186165898 -0.2510293734823106 0.8431928200365507
vn 0.9852134549427162 -0.16204819024077563 -0.055631216412423475
vn 0.8784692063312488 -0.4631784440120883 0.11729272155716455
vn 0.6765095038299003 -0.49877307134518045 0.5418120656913407
vn 0.401237955650495 -0.15076434274866332 0.9034811652165058
vn 0.9682850135681954 -0.24453066021785275 -0.0512726897349918
vn 0.8362109637067329 -0.5108919128992342 0.19935063960473906
vn 0.6135127080620445 -0.4588675597887125 0.6426839967043904
vn 0.32413393474950103 -0.05082460526702996 0.9446449342706796
vn 0.9447335686165212 -0.3267193764149573 -0.0270727428258424
vn 0.7882402760337576 -0.5411996397179004 0.29288259970070035
vn 0.5463250239441082 -0.3986408085256794 0.7366236990420971
vn 0.9953536878678565 -0.08271505593390929 -0.04928747883294247
vn 0.9147261224070881 -0.40372922323257093 0.016698362019013115
vn 0.734884967119952 -0.5519454998499651 0.394081527474302
vn 0.47540519073572335 -0.3198022871474372 0.8195830658065102
vn 0.9852134536644865 -0.15690073293319232 -0.06882303919125989
vn 0.8784691940093183 -0.4712824358845742 0.0786431230516769
vn 0.6765095055653638 -0.5418120074766168 0.49877313222933845
vn 0.4012379400361363 -0.22485828691539014 0.8879453059063007
vn 0.9682850125415756 -0.23946140419059062 -0.07129074547534962
vn 0.836210965538148 -0.5256091948728034 0.15648065496706562
vn 0.6135127082919818 -0.5103727691058084 0.6025958789433485
vn 0.32432967325120504 -0.11700630152174499 0.9386798114655333
vn 0.9447335713208047 -0.3233678081346062 -0.05396054004231835
vn 0.788240309410555 -0.5635371774786416 0.24719034006157797
vn 0.5463250115401046 -0.458109186246752 0.7011882452252343
vn 0.9953536875448539 -0.07836241932067808 -0.05594969105430089
vn 0.9147261224070881 -0.40372922323257093 -0.016698362019013115
vn 0.7348849616504831 -0.5826033229416394 0.3471562490253168
vn 0.47540521162696364 -0.38639065250219956 0.7903746886235961
vn 0.9852134558015305 -0.15068146544564928 -0.08154472686052257
vn 0.8784692068264016 -0.4761670411037082 0.039456325530033774
vn 0.6765095434171617 -0.5811498029940252 0.4523270322957815
vn 0.4012379144919144 -0.29741624699384384 0.8663438762975566
vn 0.9682850105177017 -0.23275638788683645 -0.0908218162371069
vn 0.8362109541210809 -0.5367360634143351 0.11254171865754714
vn 0.613512736047795 -0.5583914947002455 0.5583914947002455
vn 0.3243297092739621 -0.19412224307628095 0.92581142487296
vn 0.9447335706294129 -0.3178073203271193 -0.0804797345441456
vn 0.7882403092098355 -0.5820252267409542 0.19980953524275025
vn 0.5463249759067779 -0.5144481730206999 0.660963008023991
vn 0.24520595726267824 -0.08005827781085686 0.9661597749217534
vn 0.9953536875314625 -0.0734744808751687 -0.062229714587521245
vn 0.9147261323555377 -0.4009713207270879 -0.0499810238015821
vn 0.7348849771950041 -0.6092813609822653 0.2978595196610256
vn 0.47540520380073376 -0.4503395737810185 0.7557672660852106
vn 0.9852134554038441 -0.14343289985326663 -0.09370939403763366
vn 0.8784691849702512 -0.4777990069660072 0
vn 0.6765095375544493 -0.6165177625267011 0.40279112960309227
vn 0.4012379077928869 -0.36794248477080815 0.8388244567552082
vn 0.9682850130887638 -0.22446138900030785 -0.10973248505226292
vn 0.8362109452233467 -0.5441964728801402 0.06783401796659114
vn 0.6135127082919818 -0.6025958789433485 0.5103727691058084
vn 0.32432970067823813 -0.26991212087720445 0.9066188241270604
vn 0.9447335609346318 -0.310075909178072 -0.10644918689761045
vn 0.7882402822518045 -0.5965374922549479 0.15106382018793724
vn 0.5463250171613044 -0.5672729499449327 0.6162226674542851
vn 0.24520597925486057 -0.15956967791548324 0.9562486839873893
vn 0.995353687478876 -0.0680846415214324 -0.0680846415214324
vn 0.9147261316807768 -0.39547440131484995 -0.08292226435031375
vn 0.7348849104289321 -0.6317974862220193 0.24652810149635665
vn 0.47540521140884917 -0.5112121649537148 0.7159972118441825
vn 0.1643025441810971 -0.052996531572533076 0.9849853002034599
vn 0.98521345426925 -0.13520455301830173 -0.10523392214478086
vn 0.8784692068264016 -0.4761670411037082 -0.039456325530033774
vn 0.6765095171893382 -0.6476742794112667 0.35050378163629736
vn 0.40123793974083655 -0.4359553807711042 0.8055749634200721
vn 0.9682850129213184 -0.21463310469280847 -0.1278935656000256
vn 0.8362109675523473 -0.5479394206913676 0.02266294326816344
vn 0.6135127385097887 -0.6426840257657831 0.45886747837660724
vn 0.3243296812297464 -0.3438581898367163 0.8812331151038457
vn 0.9447335701337596 -0.30022630414811363 -0.13169148704409606
vn 0.7882402653715308 -0.606974789373552 0.10128617433761973
vn 0.5463250171613044 -0.6162226674542851 0.5672729499449327
vn 0.24520595619890476 -0.23799105229440246 0.9398054575668219
vn 0.9953536879929555 -0.062229707165793374 -0.07347448090923495
vn 0.9147261209555249 -0.3872760163613926 -0.11529705457169728
vn 0.7348849354680774 -0.6499976672607766 0.1935126977167875
vn 0.47540526127353994 -0.5685927454285492 0.6713360763428868
vn 0.1644071778665377 -0.12200948529726796 0.978817636418274
vn 0.9852134567808603 -0.12605258799958766 -0.11603960374162862
vn 0.8784692194402183 -0.471282387748672 -0.07864312744292422
vn 0.6765095236167434 -0.6744064928603178 0.29582215407858314
vn 0.40123790418486677 -0.5009902109140516 0.7668226345209365
vn 0.968285010134618 -0.20333866480376306 -0.145181013030029
vn 0.8362109675876461 -0.5479394207144977 -0.022662941406474957
vn 0.613512745459706 -0.6783818503260394 0.4042278767065835
vn 0.3243296770830035 -0.41545543438284016 0.8498276546482822
vn 0.9447335647108045 -0.28832590721153756 -0.15603417234522687
vn 0.7882402591962271 -0.6132658164978658 0.05081665177351343
vn 0.5463249543835049 -0.6609630415890281 0.5144481527532603
vn 0.2452059646602481 -0.3147866973131599 0.9169424028202154
vn 0.9953536881259866 -0.05594969108696686 -0.0783624119158491
vn 0.9147261299512887 -0.37643208763815894 -0.14688427615206373
vn 0.7348849594029585 -0.6637577252496618 0.1391753520372993
vn 0.4754051734288439 -0.6220891901797889 0.6220891901797889
vn 0.16440717656250206 -0.20242288438176848 0.9653990139695149
vn 0.9852134557820829 -0.11603959617341086 -0.1260526027729608
vn 0.878469207098942 -0.4631784444168594 -0.11729271420908612
vn 0.6765095252033059 -0.6965318586308631 0.23911970270438368
vn 0.40123791677650283 -0.5626027748844923 0.7228321048716096
vn 0.08077925978964978 -0.07540641529271476 0.9938755373388254
vn 0.9682850126006254 -0.19065519939626577 -0.1614767144704673
vn 0.8362109452233467 -0.5441964728801402 -0.06783401796659114
vn 0.6135127583813746 -0.7094457195078802 0.3468268535958876
vn 0.3243297099692799 -0.48421464254614077 0.8126170187580102
vn 0.9447335717525828 -0.2744559083501124 -0.1793109945745729
vn 0.7882402655792975 -0.6153676004791594 0
vn 0.5463249771845388 -0.7011882776315084 0.45810917761650666
vn 0.24520595156637282 -0.3894320394211843 0.8878157060948443
vn 0.9953536878678565 -0.04928747883294247 -0.08271505593390929
vn 0.9147261280274149 -0.36301678018781647 -0.17746810419352546
vn 0.7348849768567772 -0.6729836459496632 0.08388732368190475
vn 0.47540517709370483 -0.6713361608487032 0.5685927160362039
vn 0.16440719880424243 -0.281453558667229 0.9453857240803326
vn 0.9852134534967896 -0.10523392951285236 -0.13520455291229408
vn 0.8784691884693447 -0.4519105355040367 -0.15514107389877685
vn 0.6765095454143967 -0.7138991806947358 0.1807838343619017
vn 0.4012379440998015 -0.6203722501108504 0.6739038384717546
vn 0.08077926861064004 -0.15722246326566827 0.9842539341081679
vn 0.9682850076808994 -0.17666938600165105 -0.17666938600165105
vn 0.8362109541210809 -0.5367360634143351 -0.11254171865754714
vn 0.6135127086551871 -0.735663370967818 0.287056720762364
vn 0.32432970031033315 -0.5496662195786453 0.7698553711904138
vn 0.9447335663599487 -0.258711131145242 -0.20136295392738426
vn 0.7882402591962271 -0.6132658164978658 -0.05081665177351343
vn 0.5463250239441082 -0.7366236990420971 0.3986408085256794
vn 0.245205969856638 -0.46141720051122437 0.8526243014476247
vn 0.9953536878108163 -0.042288582308084334 -0.08650267029277187
vn 0.9147261224155887 -0.34712170958804384 -0.20683964731940413
vn 0.7348849484307639 -0.6776124568445655 0.028026253745109697
vn 0.47540521140884917 -0.7159972118441825 0.5112121649537148
vn 0.16440719519791266 -0.35856157876523403 0.9189145054903302
vn 0.9852134554038441 -0.09370939403763366 -0.14343289985326663
vn 0.8784691868435406 -0.43755559014925555 -0.19192965715486804
vn 0.67650954348015 -0.7263898681186699 0.12121302353633592
vn 0.40123794281955766 -0.6739038959261522 0.6203721885267612
vn 0.0807792710085202 -0.23796451583980308 0.9679088792734882
vn 0.9682850121796214 -0.16147669949909726 -0.19065521421453113
vn 0.836210965538148 -0.5256091948728034 -0.15648065496706562
vn 0.6135127577577636 -0.7568556111253316 0.22532571974047869
vn 0.3243297038958252 -0.6113629934336434 0.7218348380555633
vn 0.9447335745827455 -0.2411990649758589 -0.2220393751362117
vn 0.7882402653715308 -0.606974789373552 -0.10128617433761973
vn 0.5463250168881584 -0.7670272433527339 0.33644937788151663
vn 0.24520595922195315 -0.5302503824062634 0.8116086307574933
vn 0.9953536882966973 -0.03500080817011124 -0.0896993791595018
vn 0.9147261267748562 -0.3288554210425027 -0.23479826457286243
vn 0.7348849780735579 -0.6776124245725346 -0.028026256738239927
vn 0.4754052165617166 -0.755767286371764 0.45033952626453666
vn 0.16440718291343243 -0.43322024843911455 0.886166177727869
vn 0.9852134558015305 -0.08154472686052257 -0.15068146544564928
vn 0.8784692003722167 -0.4202116592111448 -0.22740717987876888
vn 0.6765095337573036 -0.7339185796825242 0.06081421817520997
vn 0.4012379456128804 -0.7228320435268074 0.5626028331347211
vn 0.08077927107473523 -0.3170810111997043 0.9449520314286899
vn 0.968285010134618 -0.145181013030029 -0.20333866480376306
vn 0.8362109612227212 -0.5108919113816011 -0.19935065391371787
vn 0.6135127320466266 -0.7728778437795752 0.16205544178249268
vn 0.32432969809227574 -0.668883490204151 0.668883490204151
vn 0.9447335745827455 -0.2220393751362117 -0.2411990649758589
vn 0.7882402822518045 -0.5965374922549479 -0.15106382018793724
vn 0.5463250359120386 -0.7921912189647982 0.2719596067999376
vn 0.2452059608946278 -0.5954614455951207 0.7650488242926142
vn 0.9953536877832054 -0.027473946731117596 -0.09228335964511006
vn 0.9147261341595739 -0.3083427237052277 -0.2611529517802216
vn 0.7348849768567772 -0.6729836459496632 -0.08388732368190475
vn 0.47540521162696364 -0.7903746886235961 0.38639065250219956
vn 0.16440718030353277 -0.5049195933075572 0.8473644336168309
vn 0.9852134564731081 -0.06882303193687829 -0.1569007184793198
vn 0.8784692074075579 -0.39999728423367953 -0.26133125385689676
vn 0.6765095203536501 -0.7364338862863891 0
vn 0.40123792918925744 -0.7668226253514082 0.5009902049233
vn 0.08077926836016239 -0.3940315198901165 0.9155402072745258
vn 0.9682850098244694 -0.12789356519098585 -0.21463311890751216
vn 0.8362109469576738 -0.4926847404645991 -0.24085887714900817
vn 0.6135127312940123 -0.7836205067633274 0.09767819572528541
vn 0.3243297038958252 -0.7218348380555633 0.6113629934336434
vn 0.944733569194661 -0.20136293963042085 -0.25871113192151557
vn 0.7882403092098355 -0.5820252267409542 -0.19980953524275025
vn 0.5463250132499139 -0.8119437476187213 0.20561208768053454
vn 0.24520597634509936 -0.6566048471406791 0.713262997691603
vn 0.9953536876863174 -0.019759410773020146 -0.09423694655044774
vn 0.9147261341933443 -0.2857237445979607 -0.2857237147956384
vn 0.7348849884772439 -0.6637576919052918 -0.13917535754349977
vn 0.4754052092714035 -0.8195830463831866 0.3198023093707552
vn 0.16440718167653395 -0.5731698376305853 0.8027743243550503
vn 0.9852134549427162 -0.055631216412423475 -0.16204819024077563
vn 0.8784691974428707 -0.3770505311375864 -0.2934702133316817
vn 0.6765095337573036 -0.7339185796825242 -0.06081421817520997
vn 0.40123793974083655 -0.8055749634200721 0.4359553807711042
vn 0.0807792631145211 -0.4682904255021711 0.87987430240556
vn 0.9682850130887638 -0.10973248505226292 -0.22446138900030785
vn 0.8362109520200477 -0.4711119751225846 -0.2807218385124731
vn 0.6135127554931559 -0.7890102280805511 0.03263370698330215
vn 0.32432970031033315 -0.7698553711904138 0.5496662195786453
vn 0.9447335717525828 -0.1793109945745729 -0.2744559083501124
vn 0.788240309410555 -0.5635371774786416 -0.24719034006157797
vn 0.546325014366881 -0.8261498603568589 0.13786002651011608
vn 0.24520598075376113 -0.713262967170685 0.656604878648839
vn 0.9953536872768839 -0.01190989543948889 -0.09554680326903407
vn 0.9147261341595739 -0.2611529517802216 -0.3083427237052277
vn 0.734884937587165 -0.6499976691350863 -0.19351268337363212
vn 0.4754052611933503 -0.8431927898353925 0.25102939429335785
vn 0.16440717993784937 -0.6375048206241717 0.7527003938260073
vn 0.9852134579633541 -0.04205937308599841 -0.16608868529644946
vn 0.8784692169618622 -0.3515281034050234 -0.32360443038821307
vn 0.6765095117654343 -0.7263898980649771 -0.12121302108290974
vn 0.40123794405872243 -0.8388244106631245 0.3679425503026132
vn 0.08077926950284942 -0.539350451141893 0.8381979482625943
vn 0.9682850138760437 -0.09082181655210789 -0.2327563737929538
vn 0.8362109632053011 -0.4463210686437616 -0.3186671126739519
vn 0.6135127554931559 -0.7890102280805511 -0.03263370698330215
vn 0.3243297099692799 -0.8126170187580102 0.48421464254614077
vn 0.9447335647108045 -0.15603417234522687 -0.28832590721153756
vn 0.7882402506066921 -0.5411996818645196 -0.2928825902528895
vn 0.5463250353343158 -0.834712516634054 0.06916625146270931
vn 0.24520597772355082 -0.7650488434199244 0.5954614140903453
vn 0.9950810731824268 -0.005118305360594802 -0.09893159628928144
vn 0.9147261178099406 -0.23479826227168554 -0.3288554476218258
vn 0.7348849628184406 -0.6317974204143578 -0.24652811397709287
vn 0.4754052115739637 -0.8610427295513831 0.1805416924010034
vn 0.16440719696932327 -0.69748486491991 0.69748486491991
vn 0.9852134594294872 -0.0282002222048095 -0.16899463549645982
vn 0.8784691941514524 -0.32360444394222015 -0.3515281479309226
vn 0.6765095454143967 -0.7138991806947358 -0.1807838343619017
vn 0.4012379144919144 -0.8663438762975566 0.29741624699384384
vn 0.08077926805977097 -0.6067261599881109 0.7907958501647621
vn 0.9682850125415756 -0.07129074547534962 -0.23946140419059062
vn 0.8362109636916727 -0.41848131893238055 -0.35443562166698084
vn 0.6135127312940123 -0.7836205067633274 -0.09767819572528541
vn 0.32432970776612724 -0.8498276569562089 0.4154554057087941
vn 0.9447335719876632 -0.13169147240136025 -0.3002263047372645
vn 0.7882402782261803 -0.515165106443067 -0.33657417738949785
vn 0.5463249719068198 -0.8375732953425702 0
vn 0.24520595922195315 -0.8116086307574933 0.5302503824062634
vn 0.9147261252349125 -0.20683963305575412 -0.34712171065792524
vn 0.7348849771950041 -0.6092813609822653 -0.2978595196610256
vn 0.47540518243711327 -0.8730108664902754 0.10882067589311141
vn 0.16440717880899766 -0.7527004482624646 0.6375047566422947
vn 0.985213453877323 -0.01414843455714413 -0.17074622133065862
vn 0.8784692110501258 -0.2934701979653337 -0.3770505113949025
vn 0.6765095252033059 -0.6965318586308631 -0.23911970270438368
vn 0.4012379386917285 -0.887945302931107 0.22485830106313012
vn 0.08077926744069426 -0.6699572644262216 0.7379918521191672
vn 0.9682850169114754 -0.05127269363731564 -0.24453064616100345
vn 0.8362109440165363 -0.38778298068677447 -0.3877829508844529
vn 0.6135127603093845 -0.7728778197791777 -0.16205544924791837
vn 0.3243297045735132 -0.881233097555365 0.3438582127916011
vn 0.9447335609346318 -0.10644918689761045 -0.310075909178072
vn 0.7882402685320521 -0.4856115073546388 -0.37796658977914205
vn 0.5463250353343158 -0.834712516634054 -0.06916625146270931
vn 0.245205969856638 -0.8526243014476247 0.46141720051122437
vn 0.9147261280274149 -0.17746810419352546 -0.36301678018781647
vn 0.7348849616504831 -0.5826033229416394 -0.3471562490253168
vn 0.47540525059277977 -0.8790153945607448 0.03635634516881831
vn 0.16440717605979518 -0.8027742969294013 0.5731698776536924
vn 0.8784692074075579 -0.26133125385689676 -0.39999728423367953
vn 0.6765095236167434 -0.6744064928603178 -0.29582215407858314
vn 0.40123793064610513 -0.9034811760201731 0.15076434455147655
vn 0.0807792612880646 -0.7286118810983784 0.6801466295351591
vn 0.9682850108377594 -0.030904385767164373 -0.24792953984403396
vn 0.8362109532626877 -0.3544356172465607 -0.41848134351552263
vn 0.6135126949712645 -0.7568556668047046 -0.22532570367071325
vn 0.324329676619725 -0.9066188401830856 0.26991209585496767
vn 0.9447335611149845 -0.0804797411842134 -0.31780734692879864
vn 0.7882402779465691 -0.4527406532452209 -0.4167771168404114
vn 0.5463250132445794 -0.8261498586597202 -0.13786004112807454
vn 0.2452059627257318 -0.887815692546925 0.3894320632808382
vn 0.9147261299512887 -0.14688427615206373 -0.37643208763815894
vn 0.7348849826656857 -0.5519454519211578 -0.39408156561301294
vn 0.4754052026823757 -0.8790154206838828 -0.03635634005872285
vn 0.16440718030353277 -0.8473644336168309 0.5049195933075572
vn 0.8784692003722167 -0.22740717987876888 -0.4202116592111448
vn 0.6765095171893382 -0.6476742794112667 -0.35050378163629736
vn 0.4012379725714285 -0.9128453316160756 0.07564053089122709
vn 0.0807792569017544 -0.7822894096698899 0.6176552364974617
vn 0.9680342349440147 -0.013410771641379195 -0.25045932041019964
vn 0.8362109632053011 -0.3186671126739519 -0.4463210686437616
vn 0.613512740576196 -0.735663337772359 -0.28705673761177825
vn 0.3243297102121334 -0.9258114275510055 0.1941222287366466
vn 0.9447335711308955 -0.05396054375676161 -0.3233678080696032
vn 0.7882402779465691 -0.4167771168404114 -0.4527406532452209
vn 0.5463250132499139 -0.8119437476187213 -0.20561208768053454
vn 0.2452059646602481 -0.9169424028202154 0.3147866973131599
vn 0.9147261209555249 -0.11529705457169728 -0.3872760163613926
vn 0.7348849769558268 -0.5175173279912967 -0.4383148250668492
vn 0.4754052043474663 -0.8730108519978494 -0.10882069643837389
vn 0.16440719741181967 -0.8861661755568875 0.43322024737778636
vn 0.8784692068813862 -0.19192967831255872 -0.4375555406391584
vn 0.6765095375544493 -0.6165177625267011 -0.40279112960309227
vn 0.4012379428852753 -0.9159738605381667 0
vn 0.08077926104467285 -0.8306230220004447 0.5509447397951317
vn 0.8362109520200477 -0.2807218385124731 -0.4711119751225846
vn 0.6135127520399558 -0.7094457121748746 -0.34682687981332216
vn 0.32432967325120504 -0.9386798114655333 0.11700630152174499
vn 0.9447335594652937 -0.02707274070095524 -0.3267194030524897
vn 0.7882402685320521 -0.37796658977914205 -0.4856115073546388
vn 0.5463249683011262 -0.792191266960063 -0.27195960281443216
vn 0.24520595619890476 -0.9398054575668219 0.23799105229440246
vn 0.9147261208997635 -0.0829222633729873 -0.3954744264560884
vn 0.7348849762422648 -0.4795539967998421 -0.4795539967998421
vn 0.4754052115739637 -0.8610427295513831 -0.1805416924010034
vn 0.16440719519791266 -0.9189145054903302 0.35856157876523403
vn 0.8784691864385152 -0.15514108844128593 -0.45191053445931795
vn 0.6765095434171617 -0.5811498029940252 -0.4523270322957815
vn 0.4012379725714285 -0.9128453316160756 -0.07564053089122709
vn 0.08077926953997398 -0.8732826731619565 0.48047068835434276
vn 0.8362109685128679 -0.2408588982588418 -0.4926846935599974
vn 0.6135127528506507 -0.6783818584984574 -0.4042278517739658
vn 0.3243297119875288 -0.9451360337886694 0.03909111863722683
vn 0.7882403087036982 -0.3365741351500561 -0.5151650874066392
vn 0.5463250168881584 -0.7670272433527339 -0.33644937788151663
vn 0.24520597925486057 -0.9562486839873893 0.15956967791548324
vn 0.9147261321852211 -0.04998102751756621 -0.40097132065242946
vn 0.7348849673561713 -0.43831484914355234 -0.5175173212310713
vn 0.4754052186165898 -0.8431928200365507 -0.2510293734823106
vn 0.16440719091904127 -0.9453857383429435 0.28145351536599744
vn 0.8784692063312488 -0.11729272155716455 -0.4631784440120883
vn 0.6765095055653638 -0.5418120074766168 -0.49877313222933845
vn 0.4012379065431209 -0.9034811888535681 -0.1507643317918302
vn 0.08077927510885902 -0.9099769403103816 0.40671449054126846
vn 0.8362109637067329 -0.19935063960473906 -0.5108919128992342
vn 0.6135127080620445 -0.6426839967043904 -0.4588675597887125
vn 0.3243297119875288 -0.9451360337886694 -0.03909111863722683
vn 0.7882402760337576 -0.29288259970070035 -0.5411996397179004
vn 0.5463249756391497 -0.736623714277748 -0.39864084657312404
vn 0.24520595711641763 -0.9661597743454579 0.08005828521368435
vn 0.9144532426894698 -0.021707493209804668 -0.4041089601496854
vn 0.734884967119952 -0.394081527474302 -0.5519454998499651
vn 0.4754052092714035 -0.8195830463831866 -0.3198023093707552
vn 0.16440717656250206 -0.9653990139695149 0.20242288438176848
vn 0.8784691940093183 -0.0786431230516769 -0.4712824358845742
vn 0.6765095055653638 -0.49877313222933845 -0.5418120074766168
vn 0.4012379400361363 -0.8879453059063007 -0.22485828691539014
vn 0.08077926021385791 -0.9404551192032671 0.33018007190572624
vn 0.8362109674879772 -0.1564806404307771 -0.5256091960983892
vn 0.6135127082919818 -0.6025958789433485 -0.5103727691058084
vn 0.32432967325120504 -0.9386798114655333 -0.11700630152174499
vn 0.7882403065071323 -0.24719035405223239 -0.5635371754028957
vn 0.5463250115401046 -0.7011882452252343 -0.458109186246752
vn 0.24520596133823366 -0.9694710086042763 0
vn 0.7348849616504831 -0.3471562490253168 -0.5826033229416394
vn 0.47540521162696364 -0.7903746886235961 -0.38639065250219956
vn 0.1644071778665377 -0.978817636418274 0.12200948529726796
vn 0.8784692068264016 -0.039456325530033774 -0.4761670411037082
vn 0.6765095434171617 -0.4523270322957815 -0.5811498029940252
vn 0.40123794305275606 -0.866343873616978 -0.29741621627127696
vn 0.08077926401878964 -0.9645090357677539 0.2513901955664547
vn 0.8362109534199171 -0.11254172601376126 -0.5367360629642813
vn 0.613512736047795 -0.5583914947002455 -0.5583914947002455
vn 0.3243297092739621 -0.92581142487296 -0.19412224307628095
vn 0.7882403092098355 -0.19980953524275025 -0.5820252267409542
vn 0.5463249759067779 -0.660963008023991 -0.5144481730206999
vn 0.24520595726267824 -0.9661597749217534 -0.08005827781085686
vn 0.7348849771950041 -0.2978595196610256 -0.6092813609822653
vn 0.4754052165617166 -0.755767286371764 -0.45033952626453666
vn 0.16440718105873728 -0.9855499405402965 0.04076264855645982
vn 0.6765095375544493 -0.40279112960309227 -0.6165177625267011
vn 0.4012379077928869 -0.8388244567552082 -0.36794248477080815
vn 0.08077927154564431 -0.9819743901679446 0.1708830194690165
vn 0.8362109452233467 -0.06783401796659114 -0.5441964728801402
vn 0.6135127082919818 -0.5103727691058084 -0.6025958789433485
vn 0.324329676619725 -0.9066188401830856 -0.26991209585496767
vn 0.7882402822518045 -0.15106382018793724 -0.5965374922549479
vn 0.5463250171613044 -0.6162226674542851 -0.5672729499449327
vn 0.24520597925486057 -0.9562486839873893 -0.15956967791548324
vn 0.7348849104289321 -0.24652810149635665 -0.6317974862220193
vn 0.47540521140884917 -0.7159972118441825 -0.5112121649537148
vn 0.16440718105873728 -0.9855499405402965 -0.04076264855645982
vn 0.6765095242560393 -0.35050375549527557 -0.6476742861767598
vn 0.40123793974083655 -0.8055749634200721 -0.4359553807711042
vn 0.0807792758224912 -0.9927318573522891 0.08920856458585194
vn 0.8359139527255042 -0.029466971633770347 -0.5480689383841766
vn 0.6135127080620445 -0.4588675597887125 -0.6426839967043904
vn 0.3243296812297464 -0.8812331151038457 -0.3438581898367163
vn 0.7882402653715308 -0.10128617433761973 -0.606974789373552
vn 0.5463250372276762 -0.5672729707807165 -0.6162226304833331
vn 0.24520595619890476 -0.9398054575668219 -0.23799105229440246
vn 0.7348849354680774 -0.1935126977167875 -0.6499976672607766
vn 0.47540517709370483 -0.6713361608487032 -0.5685927160362039
vn 0.1644071778665377 -0.978817636418274 -0.12200948529726796
vn 0.6765095236167434 -0.29582215407858314 -0.6744064928603178
vn 0.40123792918925744 -0.7668226253514082 -0.5009902049233
vn 0.07512560446676199 -0.9971740788616116 0
vn 0.613512745459706 -0.4042278767065835 -0.6783818503260394
vn 0.32432970776612724 -0.8498276569562089 -0.4154554057087941
vn 0.7882402591962271 -0.05081665177351343 -0.6132658164978658
vn 0.5463250129501259 -0.5144480921711612 -0.6609630403331925
vn 0.2452059646602481 -0.9169424028202154 -0.3147866973131599
vn 0.7348849594029585 -0.1391753520372993 -0.6637577252496618
vn 0.4754051734288439 -0.6220891901797889 -0.6220891901797889
vn 0.16440717656250206 -0.9653990139695149 -0.20242288438176848
vn 0.676509534263676 -0.23911965503663557 -0.6965318661952982
vn 0.40123791677650283 -0.7228321048716096 -0.5626027748844923
vn 0.08870716493343446 -0.9926557057140767 -0.08225380722350263
vn 0.6135127520399558 -0.34682687981332216 -0.7094457121748746
vn 0.3243297099692799 -0.8126170187580102 -0.48421464254614077
vn 0.5463249771845388 -0.45810917761650666 -0.7011882776315084
vn 0.24520595156637282 -0.8878157060948443 -0.3894320394211843
vn 0.7348849199635663 -0.0838873239914157 -0.6729837080373509
vn 0.47540517709370483 -0.5685927160362039 -0.6713361608487032
vn 0.16440719880424243 -0.9453857240803326 -0.281453558667229
vn 0.6765095454143967 -0.1807838343619017 -0.7138991806947358
vn 0.4012379440998015 -0.6739038384717546 -0.6203722501108504
vn 0.08077926861064004 -0.9842539341081679 -0.15722246326566827
vn 0.6135127086551871 -0.287056720762364 -0.735663370967818
vn 0.32432970031033315 -0.7698553711904138 -0.5496662195786453
vn 0.5463250239441082 -0.3986408085256794 -0.7366236990420971
vn 0.245205969856638 -0.8526243014476247 -0.46141720051122437
vn 0.7345751177235231 -0.03644178931416557 -0.6775480738759826
vn 0.47540521140884917 -0.5112121649537148 -0.7159972118441825
vn 0.16440719519791266 -0.9189145054903302 -0.35856157876523403
vn 0.67650954348015 -0.12121302353633592 -0.7263898681186699
vn 0.40123794281955766 -0.6203721885267612 -0.6739038959261522
vn 0.08077927841048375 -0.96790887869095 -0.23796451569658356
vn 0.6135127577577636 -0.22532571974047869 -0.7568556111253316
vn 0.3243297038958252 -0.7218348380555633 -0.6113629934336434
vn 0.5463249750737718 -0.33644938883748854 -0.7670272683298314
vn 0.24520595922195315 -0.8116086307574933 -0.5302503824062634
vn 0.4754052165617166 -0.45033952626453666 -0.755767286371764
vn 0.16440717422950762 -0.886166190525552 -0.433220225556586
vn 0.6765095337573036 -0.06081421817520997 -0.7339185796825242
vn 0.4012379456128804 -0.5626028331347211 -0.7228320435268074
vn 0.08077926367277166 -0.9449520319974114 -0.31708101139054023
vn 0.6135127320466266 -0.16205544178249268 -0.7728778437795752
vn 0.32432969809227574 -0.668883490204151 -0.668883490204151
vn 0.5463250314840588 -0.27195963439801984 -0.792191212544066
vn 0.2452059608946278 -0.7650488242926142 -0.5954614455951207
vn 0.47540521162696364 -0.38639065250219956 -0.7903746886235961
vn 0.16440717535560764 -0.8473644081149291 -0.5049196377163659
vn 0.40123790418486677 -0.5009902109140516 -0.7668226345209365
vn 0.08077926741156705 -0.9155401965232872 -0.3940315450653046
vn 0.6135127312940123 -0.09767819572528541 -0.7836205067633274
vn 0.3243297038958252 -0.6113629934336434 -0.7218348380555633
vn 0.5463250132499139 -0.20561208768053454 -0.8119437476187213
vn 0.24520597634509936 -0.713262997691603 -0.6566048471406791
vn 0.475405255562099 -0.31980232046238716 -0.819583015203956
vn 0.1644071984249143 -0.8027742737700814 -0.5731699036751576
vn 0.40123791473644543 -0.4359553859841812 -0.8055749730529943
vn 0.0807792693891176 -0.8798742895963543 -0.4682904484871238
vn 0.6132120643134525 -0.042431955353562985 -0.788777847904787
vn 0.32432970031033315 -0.5496662195786453 -0.7698553711904138
vn 0.546325014366881 -0.13786002651011608 -0.8261498603568589
vn 0.24520598075376113 -0.656604878648839 -0.713262967170685
vn 0.4754052186165898 -0.2510293734823106 -0.8431928200365507
vn 0.16440717993784937 -0.7527003938260073 -0.6375048206241717
vn 0.40123794405872243 -0.3679425503026132 -0.8388244106631245
vn 0.080779262100886 -0.8381979487670658 -0.5393504514665023
vn 0.3243297099692799 -0.48421464254614077 -0.8126170187580102
vn 0.5463249663387608 -0.06916625027379425 -0.8347125618906276
vn 0.24520597772355082 -0.5954614140903453 -0.7650488434199244
vn 0.4754052115739637 -0.1805416924010034 -0.8610427295513831
vn 0.16440719696932327 -0.69748486491991 -0.69748486491991
vn 0.4012379144919144 -0.29741624699384384 -0.8663438762975566
vn 0.08077926357908438 -0.790795879238806 -0.6067261226900854
vn 0.32432970776612724 -0.4154554057087941 -0.8498276569562089
vn 0.24520595922195315 -0.5302503824062634 -0.8116086307574933
vn 0.47540520511836176 -0.10882068171367174 -0.8730108534134843
vn 0.16440717880899766 -0.6375047566422947 -0.7527004482624646
vn 0.4012379386917285 -0.22485830106313012 -0.887945302931107
vn 0.07512560188039402 -0.7336448139264397 -0.6753676265123673
vn 0.3243297045735132 -0.3438582127916011 -0.881233097555365
vn 0.245205969856638 -0.46141720051122437 -0.8526243014476247
vn 0.47514227031204603 -0.04727063700411818 -0.8786383270947946
vn 0.1644071984249143 -0.5731699036751576 -0.8027742737700814
vn 0.40123790564171435 -0.15076434635428973 -0.90348118682384
vn 0.08870716400431265 -0.674611569016532 -0.7328234917109065
vn 0.324329676619725 -0.26991209585496767 -0.9066188401830856
vn 0.2452059757015263 -0.3894320838887808 -0.8878156799236564
vn 0.16440718030353277 -0.5049195933075572 -0.8473644336168309
vn 0.4012379257357529 -0.07564052768013536 -0.9128453524686102
vn 0.08077926952446618 -0.6176553382852465 -0.7822893280000894
vn 0.3243297102121334 -0.1941222287366466 -0.9258114275510055
vn 0.24520596235987902 -0.3147867241623495 -0.916942394218035
vn 0.16440717422950762 -0.433220225556586 -0.886166190525552
vn 0.08077926844663617 -0.5509447394635443 -0.8306230215005322
vn 0.32432969907041076 -0.11700632243652356 -0.9386797999375385
vn 0.24520595619890476 -0.23799105229440246 -0.9398054575668219
vn 0.16440719519791266 -0.35856157876523403 -0.9189145054903302
vn 0.08077926329470031 -0.4804706657211204 -0.8732826861922025
vn 0.32413393474950103 -0.05082460526702996 -0.9446449342706796
vn 0.24520597925486057 -0.15956967791548324 -0.9562486839873893
vn 0.16440716192226768 -0.28145351674503954 -0.9453857429750645
vn 0.0807792637071785 -0.4067145379630816 -0.90997692012732
vn 0.24520595711641763 -0.08005828521368435 -0.9661597743454579
vn 0.16440717656250206 -0.20242288438176848 -0.9653990139695149
vn 0.08077926021385791 -0.33018007190572624 -0.9404551192032671
vn 0.1644071778665377 -0.12200948529726796 -0.978817636418274
vn 0.08077926401878964 -0.2513901955664547 -0.9645090357677539
vn 0.1643025585502453 -0.052996546302091115 -0.9849852970140689
vn 0.08077927154564431 -0.1708830194690165 -0.9819743901679446
vn 0.07512561295237531 -0.08234597812035538 -0.993768223564193
vn 0.03277366175100758 0.03277365802571735 0.9989253097379422
vn 0.07844327334912991 0.02007500068107052 0.9967164326998571
vn 0.15627011577060043 0.033157940784857315 0.9871576378066226
vn 0.23340059146175954 0.01958087961735747 0.9721834976272284
vn 0.30869286378622984 0.03192979752042135 0.9506256907309844
vn 0.3826171968154014 0.018604762435670535 0.9237196238663747
vn 0.45351536627004263 0.029916652462926047 0.8907462076609485
vn 0.5224214756480096 0.01717060978874439 0.8525144995489747
vn 0.5871718368292014 0.02716833093859397 0.8090062520330932
vn 0.6493718808384311 0.01531364439669321 0.7603168107254042
vn 0.7063710489226214 0.023752984848544472 0.7074430980331494
vn 0.7603409282042396 0.013079504468219637 0.6493924849121534
vn 0.8081776625627383 0.019755710224061813 0.5886073204167376
vn 0.8525929489911404 0.010523133959232702 0.5224696421633194
vn 0.8900839838224587 0.015277254655786865 0.4555404561978259
vn 0.9238520984520767 0.007707450642197385 0.3826720467845705
vn 0.9500713333569218 0.010434720648940105 0.3118582661055813
vn 0.9723591727404545 0.004701802935422856 0.2334427815047093
vn 0.986650900259363 0.005380812188912389 0.16276070741298826
vn 0.9969160888055936 0.001580253317889698 0.07845899999368633
vn 0.9993736170123292 0.025023724939489286 0.025023724939489286
vn 0.9993736167794236 0.02502372679630262 -0.02502373238423808
vn 0.9969160888055936 0.001580253317889698 -0.07845899999368633
vn 0.986650900259363 0.005380812188912389 -0.16276070741298826
vn 0.9723591727404545 0.004701802935422856 -0.2334427815047093
vn 0.9500713333569218 0.010434720648940105 -0.3118582661055813
vn 0.9238520984520767 0.007707450642197385 -0.3826720467845705
vn 0.8900839959190486 0.015277253932088137 -0.45554043258647586
vn 0.8525929489911404 0.010523133959232702 -0.5224696421633194
vn 0.808177662532999 0.019755712085980023 -0.588607320395078
vn 0.7603409282042396 0.013079504468219637 -0.6493924849121534
vn 0.7063710489226214 0.023752984848544472 -0.7074430980331494
vn 0.6493718808384311 0.01531364439669321 -0.7603168107254042
vn 0.5871718368292014 0.02716833093859397 -0.8090062520330932
vn 0.5224214756480096 0.01717060978874439 -0.8525144995489747
vn 0.45351536627004263 0.029916652462926047 -0.8907462076609485
vn 0.3826171968154014 0.018604762435670535 -0.9237196238663747
vn 0.30869280989810655 0.031929794386422225 -0.9506257083351218
vn 0.23340059146175954 0.01958087961735747 -0.9721834976272284
vn 0.15627011577060043 0.033157940784857315 -0.9871576378066226
vn 0.07844327334912991 0.02007500068107052 -0.9967164326998571
vn 0.03277366175100758 0.03277365802571735 -0.9989253097379422
vn 0.03628110942088429 0.07908648375578244 -0.9962073123533758
vn 0.03630603865709954 0.15767672726681847 -0.9868231458754171
vn 0.036347589838581155 0.2352776342902644 -0.9712483140349346
vn 0.03640576541662949 0.311402239122866 -0.9495805735764052
vn 0.03648055680344532 0.38557299580469595 -0.9219558741509827
vn 0.036571972687388536 0.45732442313906857 -0.8885476142640141
vn 0.03667999770734497 0.5262063693933123 -0.8495654386673803
vn 0.03680465302978227 0.5917866717622354 -0.8052539677890036
vn 0.03694592444871216 0.6536538055447823 -0.7558913289378666
vn 0.037103810868885215 0.7114197294278728 -0.7017872012225488
vn 0.0372783200206348 0.7647219173147641 -0.6432812106962786
vn 0.037469442882456884 0.813225983459075 -0.5807405106216532
vn 0.0376771809407309 0.8566276639965873 -0.5145575529638152
vn 0.03790153591232372 0.8946546978781609 -0.445147666668066
vn 0.038142498915708554 0.9270685396095119 -0.37294647423290117
vn 0.03840008437262552 0.9536659268620191 -0.298406992985388
vn 0.038674272247687186 0.9742800505418768 -0.22199703552577008
vn 0.03896507949747588 0.988781679535356 -0.1441960914692075
vn 0.03927249003596065 0.9970799467990542 -0.0654923752628568
vn 0.03925981460472055 0.9992290362860773 0
vn 0.03628110942088429 0.07908648375578244 0.9962073123533758
vn 0.03630603865709954 0.15767672726681847 0.9868231458754171
vn 0.036347589838581155 0.2352776342902644 0.9712483140349346
vn 0.036405761358412475 0.31140226607745014 0.9495805648925968
vn 0.036480556384248304 0.3855730211764096 0.9219558635568146
vn 0.036571972687388536 0.45732442313906857 0.8885476142640141
vn 0.03667999770734497 0.5262063693933123 0.8495654386673803
vn 0.03680465675002628 0.5917866716810967 0.8052539676785968
vn 0.03694592444871216 0.6536538055447823 0.7558913289378666
vn 0.037103810868885215 0.7114197294278728 0.7017872012225488
vn 0.0372783200206348 0.7647219173147641 0.6432812106962786
vn 0.037469442882456884 0.813225983459075 0.5807405106216532
vn 0.037677179785170954 0.8566276377237986 0.5145575967869686
vn 0.03790153591232372 0.8946546978781609 0.445147666668066
vn 0.038142503059520515 0.9270685497818447 0.3729464485227629
vn 0.03840008437262552 0.9536659268620191 0.298406992985388
vn 0.038674272247687186 0.9742800505418768 0.22199703552577008
vn 0.03896507949747588 0.988781679535356 0.1441960914692075
vn 0.0392724863355793 0.9970799474314597 0.0654923678538154
vn 0.07867624486309158 0.05204991168961717 -0.9955404839519818
vn 0.07865698115525092 0.11967158659896687 -0.9896927759039311
vn 0.07863942428557916 0.19859745832911152 -0.9769211280821238
vn 0.15627373344467288 0.07947794884281245 -0.9845109323329034
vn 0.07861307174322611 0.2762463061511185 -0.9578663598273804
vn 0.15627372562601927 0.1584404290106917 -0.9749231524247804
vn 0.23306964616740156 0.050906751914065844 -0.9711266872272443
vn 0.0785779261682283 0.35211887025004346 -0.9326509586833296
vn 0.1562737220313672 0.23637536074734383 -0.9590126238136941
vn 0.23320546678006607 0.11721317435771375 -0.9653373928429789
vn 0.07853401991640525 0.4257272668421975 -0.9014370205304649
vn 0.15627372638728784 0.3127773478949743 -0.9368825182939521
vn 0.23320548089226312 0.19451048847493765 -0.952775353142098
vn 0.3086993664804051 0.07653653548530169 -0.9480753450388337
vn 0.07848132461365018 0.4965980984768251 -0.8644252485183945
vn 0.15627373450581258 0.387150846331203 -0.9086763681799146
vn 0.23320546286447982 0.2705463117662239 -0.9340342099087469
vn 0.30869940736345763 0.15257673367386557 -0.9388423809324248
vn 0.38208142662825834 0.048375115735297555 -0.9228616535555648
vn 0.07841985702867117 0.5642757437469582 -0.8218535216462967
vn 0.15627372461941544 0.459013497657671 -0.8745771160747612
vn 0.23320547086049953 0.3448275377926176 -0.9092354906956797
vn 0.3086993715010669 0.22762739811031177 -0.9235206904365358
vn 0.3822900944602446 0.1113810015867635 -0.9173050507672498
vn 0.07834958187741964 0.6283249180924091 -0.7739955686719406
vn 0.15627372178336213 0.5278992623664268 -0.8348059011967744
vn 0.23320546767837352 0.41687241235214323 -0.8785400398755971
vn 0.30869940480892233 0.3012017960118409 -0.9022095962412827
vn 0.3822900859288078 0.18483222578056965 -0.9053680679776294
vn 0.07827053259798537 0.6883337533520268 -0.7211590446795622
vn 0.4535238165018245 0.07171537010896435 -0.8883541262107999
vn 0.15627372634112024 0.5933613917362506 -0.7896206565511572
vn 0.23320548963923673 0.48621372778789196 -0.8421469055412633
vn 0.3086993961203437 0.3728228471835541 -0.8750473172651199
vn 0.38229007505235385 0.2570847040509952 -0.8875594365784625
vn 0.07818269628839204 0.7439162635282172 -0.6636837039277768
vn 0.45352380442623 0.14296561156392934 -0.8797027865869872
vn 0.15627373576450182 0.6549754067936471 -0.7393143688619228
vn 0.521702537421779 0.044655834199815704 -0.8519579325997239
vn 0.23320547304266467 0.5524017346953404 -0.8002921534343104
vn 0.3086994006241574 0.44202590187927393 -0.8422100581933823
vn 0.38229007386944447 0.32766995569435736 -0.8639946177819352
vn 0.07808607986743807 0.794715064189097 -0.6019389760447943
vn 0.45352377993607956 0.2132886773958267 -0.8653462434928747
vn 0.1562737212817605 0.7123416003864234 -0.68421339390256
vn 0.5219613407165976 0.10281408017254695 -0.8467500361473892
vn 0.23320548977574776 0.6150072412457387 -0.7532471657787765
vn 0.3086993983474883 0.508362291785382 -0.8039107299636029
vn 0.3822900750963788 0.3961300653520394 -0.8348264908392605
vn 0.07798065933188035 0.8404034314691862 -0.5363218149068542
vn 0.45352381401208186 0.28222849923643384 -0.8453775631885938
vn 0.15627371816578647 0.7650879998080694 -0.624675017557392
vn 0.5219613268448154 0.17061574609264452 -0.8357312010830099
vn 0.23320547544663336 0.6736241809679813 -0.7013170959251785
vn 0.587180791783131 0.06513413025166197 -0.8068310001712223
vn 0.30869939983185135 0.5714018355966385 -0.760397674128641
vn 0.38229009816679016 0.4620211757641054 -0.800244158984731
vn 0.07786648962952271 0.8806874430213952 -0.46725414658107844
vn 0.4535237825827773 0.34933796348370383 -0.8199263173608151
vn 0.15627371840869242 0.8128725069754592 -0.5610853877425013
vn 0.5219613385746301 0.2373108896597978 -0.8192923182126484
vn 0.23320546706988318 0.7278724300526835 -0.6448386896720132
vn 0.5871808390960609 0.12984583966876137 -0.7989735415638995
vn 0.3086993988765611 0.6307355158201569 -0.7119532219298754
vn 0.6484966877627681 0.039840921781139044 -0.7601741556461573
vn 0.38229007668285625 0.5249158896496974 -0.7604719627067671
vn 0.07774350113949183 0.915308006526316 -0.3951799605488556
vn 0.4535238117714237 0.4141818258442263 -0.7891575047458277
vn 0.15627372547640156 0.8553851997662633 -0.4938569456295579
vn 0.5219613327683099 0.3024670191776079 -0.7975400111621624
vn 0.23320548022824336 0.7774001288753214 -0.5841782635601467
vn 0.5871807899337506 0.19371545204216326 -0.7859345033607298
vn 0.308699393133244 0.68597869709708 -0.6588914264187685
vn 0.6487800255031171 0.09172551762403308 -0.7554276324869101
vn 0.3822901360853973 0.5844063333898771 -0.7157677621586546
vn 0.07761172042591105 0.9440423648441089 -0.32056268377974484
vn 0.4535238009955944 0.4763395642576016 -0.7532707225515848
vn 0.1562737225116454 0.8923504344748056 -0.4234255846603734
vn 0.5219613777786632 0.36566152244405714 -0.7706153198005433
vn 0.23320546860711847 0.8218860666559096 -0.5197292591807893
vn 0.5871808111302077 0.25632873956529445 -0.7677983278917314
vn 0.3086994029721041 0.7367729633884033 -0.6015565468221064
vn 0.648780033054735 0.1522147620672753 -0.7455971666512017
vn 0.3822901068792651 0.6401066381428864 -0.6664216127855187
vn 0.7063792751328536 0.05695693412076632 -0.705538253618007
vn 0.0774711803614019 0.9667056029578466 -0.24388213018447566
vn 0.45352382696800425 0.535408034528282 -0.7124986841635974
vn 0.1562737198584303 0.9235284163569244 -0.3502481815268715
vn 0.5219613403332481 0.4264845623317734 -0.7386929519700285
vn 0.23320547310236592 0.8610418051098789 -0.45190952321036887
vn 0.5871808527643186 0.3172796367919747 -0.7446826694801755
vn 0.30869939610652136 0.782789043605075 -0.5403202717419744
vn 0.6487800417641225 0.21171682873022646 -0.7309312155332808
vn 0.38229008994163227 0.6916556265175255 -0.6127534426170675
vn 0.7063792514512189 0.113544489141091 -0.6986673043050637
vn 0.07732181809681674 0.983151888985096 -0.16563121575125964
vn 0.4535237850480853 0.5910041930535528 -0.6671058538109053
vn 0.7593386955639764 0.03405016744250902 -0.6498040716372404
vn 0.15627371995857384 0.9487169817693644 -0.274799222984231
vn 0.5219613401756845 0.4845417223681658 -0.7019798278059667
vn 0.2332054741165462 0.8946132915170384 -0.3811591078317919
vn 0.5871808089959768 0.37617285066012435 -0.7167375279508296
vn 0.30869939768328525 0.823728438057206 -0.4755797958343191
vn 0.6487800471454543 0.2698458132016589 -0.7115249029538443
vn 0.3822900948922584 0.7387189861274506 -0.5551112887359612
vn 0.7063792662881039 0.16939566355438543 -0.6872651899574498
vn 0.07716368922167911 0.993275289699786 -0.08631317360349192
vn 0.4535237886689738 0.6427674943323193 -0.6173865250724959
vn 0.7596233833478334 0.0783926222781819 -0.6456213381259487
vn 0.15627371968244064 0.9677527363196672 -0.19756812972342075
vn 0.5219613168840753 0.5394564121284482 -0.660714131141558
vn 0.23320547410580963 0.9223829174538382 -0.3079366175634699
vn 0.5871808007233015 0.43262646150242473 -0.6841440287467497
vn 0.30869940115090677 0.8593255930887301 -0.40775507941872857
vn 0.6487800069173677 0.32622472388451806 -0.6875041324608677
vn 0.3822900964260638 0.7809914377786783 -0.4938690679633051
vn 0.7063792549063997 0.224148220246453 -0.6714059305652783
vn 0.07183221691372783 0.9974167296638147 4.462392099972791e-10
vn 0.4535238126246197 0.6903621523114843 -0.5636632416951487
vn 0.759623400763818 0.13008935620169032 -0.6372197803074241
vn 0.15627371962407832 0.9805122424137221 -0.11905573078045825
vn 0.5219613405183302 0.5908725365277869 -0.6151633966528948
vn 0.8081840423522013 0.0473891803289632 -0.587020288640013
vn 0.23320546249961357 0.9441705145175291 -0.2327171067542005
vn 0.587180835099794 0.4862742574704606 -0.647113601628849
vn 0.3086994040843263 0.889349712997239 -0.3372858815748305
vn 0.6487800430833061 0.38048800543969336 -0.6590245317234763
vn 0.38229009979828504 0.818198869766704 -0.42942390374629297
vn 0.706379255832224 0.2774471127185553 -0.6511923268697587
vn 0.07716368922167911 0.993275289699786 0.08631317360349192
vn 0.4535238328692931 0.7334795406428275 -0.5062844027598836
vn 0.7596233947813095 0.18094241296676267 -0.6246856339717478
vn 0.15627374043120354 0.986912745552948 -0.03977122976201555
vn 0.5219613737670905 0.6384565619780751 -0.5656231455327017
vn 0.808184028206593 0.0944710225491986 -0.5813035372765885
vn 0.23320546499002623 0.9598348038952023 -0.1559883339556015
vn 0.5871807449134193 0.5367685063048439 -0.6058864113364724
vn 0.8514927407866862 0.027429444013808223 -0.523648487048965
vn 0.3086993900187518 0.913606079965483 -0.26462920710336174
vn 0.6487800325232513 0.432283599864267 -0.62627099460818
vn 0.38229011741147256 0.8500999641940266 -0.36219375616765853
vn 0.7063792529441068 0.3289466584818589 -0.6267554921049713
vn 0.07732181809681674 0.983151888985096 0.16563121575125964
vn 0.45352378476263644 0.7718400953273108 -0.4456220864137029
vn 0.7596233892331196 0.2306219877476714 -0.608100160579901
vn 0.15627374043120354 0.986912745552948 0.03977122976201555
vn 0.5219613875680579 0.6818999603622655 -0.5124146308859343
vn 0.8081840217562998 0.14094018832995858 -0.5718167978394203
vn 0.23320547658911403 0.969274198849828 -0.0782478953893877
vn 0.5871807898270223 0.5837814773508581 -0.5607297983522578
vn 0.8517618552615956 0.0631526915604704 -0.520109103429264
vn 0.3086993982824012 0.9319373340523242 -0.19025637150836872
vn 0.6487800113047016 0.481275754359132 -0.5894558042784208
vn 0.3822900735801467 0.8764878701532892 -0.29261461534967237
vn 0.706379273095547 0.37831284455143277 -0.5982538877336361
vn 0.0774711803614019 0.9667056029578466 0.24388213018447566
vn 0.453523799735079 0.8051949407223009 -0.38206971943490387
vn 0.7596233458749926 0.27880591049937514 -0.5875709630949233
vn 0.15627371962407832 0.9805122424137221 0.11905573078045825
vn 0.5219613885065972 0.7209210361759516 -0.45588284515570143
vn 0.8081840312600093 0.18649529003451118 -0.558621587849292
vn 0.2332054665001389 0.972427483360303 -7.918907285431276e-16
vn 0.587180846144114 0.6270084309068867 -0.5119365990952064
vn 0.8517618523414547 0.10479929733221698 -0.5133408752228167
vn 0.30869939039010824 0.9442246285806999 -0.11464962779884998
vn 0.6487800717294194 0.5271465972022178 -0.5488177143504864
vn 0.8900880358014736 0.036675744337449113 -0.4543106627632342
vn 0.3822900828333782 0.8971913765293946 -0.22113779968277447
vn 0.7063792868293667 0.42522555134213713 -0.5658723651356466
vn 0.07761172042591105 0.9440423648441089 0.32056268377974484
vn 0.45352378892491746 0.8333277776730814 -0.31603953524461154
vn 0.7596233954679847 0.32518162773334075 -0.5632310414407082
vn 0.15627371968244064 0.9677527363196672 0.19756812972342075
vn 0.5219613229201484 0.7552666541892306 -0.39639457418745516
vn 0.8081840423625928 0.23084092559809227 -0.541803489043283
vn 0.23320547658911403 0.969274198849828 0.0782478953893877
vn 0.5871808439590523 0.6661690372232869 -0.45982330338134686
vn 0.8517618374654811 0.14576623178026324 -0.5032434578909196
vn 0.3086994278118345 0.9503882489688219 -0.03829934060297003
vn 0.6487800316726854 0.569598720137672 -0.5046204202371475
vn 0.8900880363803069 0.07311364383429582 -0.44988629961126997
vn 0.3822901021896114 0.9120762517538498 -0.1482268152343041
vn 0.7063792543604793 0.46938051093624905 -0.5298209933197806
vn 0.07774350113949183 0.915308006526316 0.3951799605488556
vn 0.9226802100598992 0.020150829344916948 -0.3850391850715098
vn 0.45352381560343114 0.8560561555207112 -0.24795968881172012
vn 0.7596233966259345 0.36944838789698736 -0.5352384365671019
vn 0.15627371995857384 0.9487169817693644 0.274799222984231
vn 0.5219613299777087 0.7847141006556618 -0.33433538586287465
vn 0.8081840329083918 0.27368945060681926 -0.5214716229848608
vn 0.2332054655320907 0.9598348061262493 0.15598831941702085
vn 0.5871808359838949 0.7010092533455835 -0.40472792413808295
vn 0.8517618550121576 0.1857878516657165 -0.48988224760618343
vn 0.30869937397532127 0.9503882667270837 0.038299333868022874
vn 0.6487800293168214 0.6083567564340504 -0.4571504461998323
vn 0.8900880339718292 0.10907736570341961 -0.4425442577543699
vn 0.38229005454206694 0.9210459927091301 -0.0743545123894728
vn 0.7063792460471804 0.5104912600803365 -0.49033359474485066
vn 0.07786648962952271 0.8806874430213952 0.46725414658107844
vn 0.9229260893945364 0.04640387104684779 -0.382170268685014
vn 0.4535238266578331 0.8732326857438386 -0.17827174538394563
vn 0.7596233859154587 0.41131921389629095 -0.5037745684828396
vn 0.1562737198584303 0.9235284163569244 0.3502481815268715
vn 0.5219613792019782 0.8090722974484296 -0.2701080082542696
vn 0.8081840253933643 0.31476297885847837 -0.4977578208718723
vn 0.2332054616909141 0.9441705112433768 0.23271712084835533
vn 0.5871808536705924 0.7313031563943796 -0.34700769232149886
vn 0.8517618516796159 0.22460452530423355 -0.473344013626635
vn 0.30869939091749415 0.9442246301938252 0.11464961309355805
vn 0.6487800530634283 0.6431693485967215 -0.4067156645282844
vn 0.8900880275529515 0.14433366154271032 -0.43233216090474985
vn 0.38229010073307307 0.9240423577312333 -5.242807383802255e-16
vn 0.7063792402606807 0.548291389419516 -0.4476660822724455
vn 0.07798065933188035 0.8404034314691862 0.5363218149068542
vn 0.9229260832009251 0.0770053279906709 -0.3771970630962661
vn 0.4535237555702886 0.8847460160409248 -0.1074276046141437
vn 0.7596233865739691 0.45052243969701417 -0.4690435394495319
vn 0.15627372448367377 0.8923504457354342 0.4234255602012859
vn 0.950073100891383 0.025107774299815616 -0.3110155986961775
vn 0.521961332823732 0.8281834148624596 -0.20412887689797507
vn 0.8081840397452703 0.3537951760693405 -0.4708158146144624
vn 0.23320547410580963 0.9223829174538382 0.3079366175634699
vn 0.5871808500082438 0.7568542920160953 -0.28703698375019787
vn 0.8517618552824776 0.26196458251293087 -0.45373593575402166
vn 0.3086993721952756 0.9319373452681893 0.1902563588969427
vn 0.6487800359094039 0.673810767601888 -0.3536432022097233
vn 0.8900880376750612 0.1786539288526219 -0.4193161800995535
vn 0.38229007552926353 0.9210459836686381 0.07435451647143296
vn 0.7063792600866252 0.5825355857603588 -0.4020953024375039
vn 0.07808607986743807 0.794715064189097 0.6019389760447943
vn 0.9229260748651629 0.10710738675421118 -0.36977759266438476
vn 0.4535238186813555 0.8905213553831882 -0.03588678719487442
vn 0.7596233880933576 0.48680387631393385 -0.43127055808076736
vn 0.15627371980884613 0.8553852283487821 0.4938568979166013
vn 0.9500731024315756 0.05005271624561291 -0.30798672963697166
vn 0.5219613331220365 0.8419234184909365 -0.13682588980891633
vn 0.8081840258543953 0.39053285034095936 -0.4408204545598444
vn 0.2332054741165462 0.8946132915170384 0.3811591078317919
vn 0.9711344618122931 0.012426580020881654 -0.23820881005859654
vn 0.5871808110772232 0.7774969574955943 -0.22520474281814806
vn 0.8517618579471771 0.2976256540512348 -0.4311852355971244
vn 0.30869940439445037 0.913606062906194 0.2646292492290965
vn 0.6487800258828084 0.7000822783422938 -0.29827718914889506
vn 0.8900880299058984 0.2118155379618154 -0.4035808182956456
vn 0.3822901021896114 0.9120762517538498 0.1482268152343041
vn 0.7063792503363527 0.6130018369158522 -0.3539168018504394
vn 0.07818269628839204 0.7439162635282172 0.6636837039277768
vn 0.9229260727496336 0.13651479846402534 -0.3599599617169453
vn 0.4535238186813555 0.8905213553831882 0.03588678719487442
vn 0.7596233595612072 0.5199282243593708 -0.3907006438738698
vn 0.15627371840869242 0.8128725069754592 0.5610853877425013
vn 0.9500730955366761 0.0746730395444904 -0.30296047646936525
vn 0.5219613389257445 0.8502032283872499 -0.06863549451079705
vn 0.8081840380491732 0.42473778674001794 -0.40796614217079774
vn 0.23320548091152934 0.8610417789247882 0.4519095690720198
vn 0.9713603556969896 0.028640859815335262 -0.23587869876115575
vn 0.5871807864053262 0.7930972483213528 -0.16191194761820765
vn 0.8517618287178774 0.3313565594193897 -0.405838166846
vn 0.3086994040843263 0.889349712997239 0.3372858815748305
vn 0.6487800519075202 0.7218134447887289 -0.24097675234159835
vn 0.890088035133797 0.2436034567016349 -0.3852280436243853
vn 0.3822900828333782 0.8971913765293946 0.22113779968277447
vn 0.7063792492540047 0.6394925248429564 -0.3034430208347681
vn 0.07827053259798537 0.6883337533520268 0.7211590446795622
vn 0.9229260895796064 0.16503686093227707 -0.3478078028263832
vn 0.45352377887975626 0.8847460033744944 0.10742761052674128
vn 0.7596233573597243 0.5496805968865994 -0.34759688773050385
vn 0.15627371816578647 0.7650879998080694 0.624675017557392
vn 0.9500731120443487 0.09880908464920396 -0.2959693338188143
vn 0.521961348571944 0.8529691381269063 -5.201221865921096e-16
vn 0.8081840265455873 0.456188111861619 -0.37246608682226684
vn 0.23320546860711847 0.8218860666559096 0.5197292591807893
vn 0.9713603569210435 0.047528340018200645 -0.23280917915180463
vn 0.5871808468970449 0.8035539306643136 -0.09756912191467552
vn 0.8517618489023477 0.3629384812889975 -0.37785898368847914
vn 0.30869940490223685 0.8593256035312963 0.4077550545714651
vn 0.9866510564242533 0.013103874313384115 -0.16232061278495702
vn 0.6487800107979044 0.7388634341999354 -0.18211348986648032
vn 0.8900880364322167 0.2738114938586244 -0.3643769383909327
vn 0.38229012114003086 0.8764878425379081 0.2926146359326266
vn 0.7063792571712807 0.6618358702543196 -0.25100124677550356
vn 0.07834958187741964 0.6283249180924091 0.7739955686719406
vn 0.9229260801484066 0.1924885983132141 -0.33340004514293514
vn 0.45352377938003074 0.8732327117005028 0.17827173851466072
vn 0.7596234039367991 0.5758680071998901 -0.3022388500426409
vn 0.1562737212817605 0.7123416003864234 0.68421339390256
vn 0.9500731027788705 0.12230432518567767 -0.2870587943558007
vn 0.5219613386588269 0.8502032279524778 0.06863550192627933
vn 0.8081840342750072 0.4846798817180584 -0.3345504132425228
vn 0.23320548022824336 0.7774001288753214 0.5841782635601467
vn 0.9713603522445379 0.0661075803744344 -0.22822982693855995
vn 0.5871808019723327 0.8087993383854971 -0.03259349662601775
vn 0.8517618306095048 0.3921666203693649 -0.34742931048605474
vn 0.30869939768328525 0.823728438057206 0.4755797958343191
vn 0.9866510580270934 0.026122765484835084 -0.16073982337131373
vn 0.6487800288710673 0.7511215585775923 -0.12206915408089727
vn 0.8900880314967997 0.30224377247676504 -0.34116271511577245
vn 0.38229011741147256 0.8500999641940266 0.36219375616765853
vn 0.9955602846519828 0.004738418367408328 -0.09400673920011633
vn 0.7063792547285098 0.6798869563313754 -0.1969316508326009
vn 0.07841985702867117 0.5642757437469582 0.8218535216462967
vn 0.9229260740370668 0.21869199113748483 -0.31683004099177375
vn 0.4535238139277117 0.8560561523576801 0.24795970279669816
vn 0.7596233680331451 0.5983207974022631 -0.25492069773539544
vn 0.1562737273281091 0.6549753742841782 0.7393143994460547
vn 0.9500731035547629 0.14500637056013224 -0.27628653676717246
vn 0.521961334186245 0.8419234202075044 0.1368258751867245
vn 0.8081840062096984 0.5100284083345122 -0.29446499757799105
vn 0.23320546706988318 0.7278724300526835 0.6448386896720132
vn 0.971360352152294 0.08425808181351546 -0.22217029935542304
vn 0.5871808019723327 0.8087993383854971 0.03259349662601775
vn 0.8517618406157609 0.4188513569321203 -0.31474641803676306
vn 0.30869939610652136 0.782789043605075 0.5403202717419744
vn 0.9866510589649712 0.03897223978334383 -0.15811657841469523
vn 0.6487799792750553 0.7585084332940611 -0.06123312105100825
vn 0.8900880364494401 0.3287158960726623 -0.3157358817726091
vn 0.3822901046907686 0.8181988802378736 0.42942387943966376
vn 0.9958062109650679 0.011027618242370398 -0.0908206025045816
vn 0.7063792410822339 0.6935287179727844 -0.1415849042628243
vn 0.07848132345214409 0.49659812092960626 0.8644252357250938
vn 0.9229260881796704 0.24347705173259496 -0.2982052330811359
vn 0.45352378892491746 0.8333277776730814 0.31603953524461154
vn 0.7596233847670517 0.6168932127432765 -0.20594921069605088
vn 0.15627372634112024 0.5933613917362506 0.7896206565511572
vn 0.9500731063211927 0.16676799660600305 -0.2637224449174167
vn 0.521961332823732 0.8281834148624596 0.20412887689797507
vn 0.8081840276592117 0.5320690870202067 -0.2524699270685882
vn 0.2332054660831698 0.6736242135258531 0.7013170677665042
vn 0.9713603502430732 0.10186214256170639 -0.21466991845247582
vn 0.5871808082698171 0.8035539593718017 0.09756911794981524
vn 0.851761841160553 0.44281972662235436 -0.2800222413610895
vn 0.3086994029721041 0.7367729633884033 0.6015565468221064
vn 0.9866510561944961 0.05156896600500783 -0.1544679094681463
vn 0.6487800322366509 0.7609759981569787 -5.150696054878398e-16
vn 0.8900880386976108 0.35305613951367815 -0.28826141906113445
vn 0.3822900964260638 0.7809914377786783 0.4938690679633051
vn 0.9958062107164304 0.01829988497513509 -0.08963874669182477
vn 0.7063792427768794 0.7026726682949717 -0.0853199074377569
vn 0.07853402190923124 0.42572721804051894 0.9014370434047189
vn 0.9229260730233043 0.26668310301714515 -0.27764651321226613
vn 0.45352383675185376 0.8051949006193606 0.3820697600104674
vn 0.7596233966020179 0.6314648292426491 -0.15564210472865414
vn 0.15627372178336213 0.5278992623664268 0.8348059011967744
vn 0.9500731031663823 0.18744803574207228 -0.2494480557876517
vn 0.5219613792019782 0.8090722974484296 0.2701080082542696
vn 0.8081840349871912 0.550659125067214 -0.20883748124326917
vn 0.2332054812270667 0.615007278305885 0.7532471381667774
vn 0.971360356001784 0.11880556879271244 -0.20577729615272763
vn 0.5871808518001007 0.793097196537359 0.161911964115966
vn 0.8517618455968945 0.46391622738807675 -0.24348201648455778
vn 0.30869939363164645 0.6859786385999651 0.6588914870872079
vn 0.9866510572170727 0.06383123956684926 -0.14981743606066722
vn 0.6487800428269418 0.7585083783042579 0.061233128874137205
vn 0.8900880311426539 0.3751066962702621 -0.2589174834378773
vn 0.3822900822433453 0.7387189616852994 0.5551113299735194
vn 0.995806211065044 0.025453461177459294 -0.08787554448405324
vn 0.7063792594273989 0.7072595008521423 -0.02850158425733613
vn 0.07857793357280517 0.352118870043895 0.932650958137308
vn 0.922926084790556 0.288159584185502 -0.2552870855629282
vn 0.45352378476263644 0.7718400953273108 0.4456220864137029
vn 0.7596234205226189 0.6419411404755088 -0.10432560164465801
vn 0.15627372675718817 0.4590134741345003 0.874577128038686
vn 0.9500730998657684 0.20691243800823958 -0.233555877487457
vn 0.5219613299777087 0.7847141006556618 0.33433538586287465
vn 0.8081840080414479 0.5656779867101124 -0.16385061640913906
vn 0.23320547304266467 0.5524017346953404 0.8002921534343104
vn 0.9713603494101544 0.13497853607011623 -0.19555016337030107
vn 0.5871808110772232 0.7774969574955943 0.22520474281814806
vn 0.851761844825361 0.48200406165875304 -0.20536271386053098
vn 0.3086993988765611 0.6307355158201569 0.7119532219298754
vn 0.9866510589479659 0.07567954777658531 -0.14419533253607525
vn 0.6487800288710673 0.7511215585775923 0.12206915408089727
vn 0.8900880351295297 0.3947245537940705 -0.22789430960716242
vn 0.38229008994163227 0.6916556265175255 0.6127534426170675
vn 0.9958062108560756 0.03244196975446019 -0.08554243987001797
vn 0.7063792594273989 0.7072595008521423 0.02850158425733613
vn 0.0786130643386903 0.2762463063129195 0.9578663603884153
vn 0.9229260739298359 0.30776724406860734 -0.23127210281154345
vn 0.45352376185189425 0.7334795703840938 0.5062844232887989
vn 0.7596233763047274 0.6482542988685068 -0.05233249630876593
vn 0.15627373450581258 0.387150846331203 0.9086763681799146
vn 0.9500730977084071 0.22503493127711305 -0.21614899656453768
vn 0.5219613290863272 0.7552666631115569 0.39639454906793165
vn 0.8081840463496004 0.5770281090577843 -0.11780113999102278
vn 0.23320548963923673 0.48621372778789196 0.8421469055412633
vn 0.9713603505112305 0.1502760835948425 -0.1840547966071393
vn 0.5871808500082438 0.7568542920160953 0.28703698375019787
vn 0.8517618705390524 0.49696585127716636 -0.16591159863064506
vn 0.30869939983185135 0.5714018355966385 0.760397674128641
vn 0.9866510568625726 0.08703704869555542 -0.1376380911896705
vn 0.6487800107979044 0.7388634341999354 0.18211348986648032
vn 0.8900880343477952 0.41178244934912517 -0.1953932074533636
vn 0.3822900922936247 0.6401066733253312 0.6664215873593152
vn 0.9958062103339126 0.039220075784164005 -0.08265456500336604
vn 0.7063792427768794 0.7026726682949717 0.0853199074377569
vn 0.07863942451829938 0.19859744401566645 0.9769211309731585
vn 0.9229260895965178 0.3253789023119213 -0.2057571458597962
vn 0.4535238126246197 0.6903621523114843 0.5636632416951487
vn 0.7596233742546946 0.6503632287313853 -2.5421810118319725e-16
vn 0.15627372638728784 0.3127773478949743 0.9368825182939521
vn 0.9500731020368223 0.2416979617249846 -0.19734030527015414
vn 0.5219613885065972 0.7209210361759516 0.45588284515570143
vn 0.8081840423180466 0.5846360431763362 -0.07098768035074081
vn 0.23320547057566365 0.41687238772894564 0.8785400507903728
vn 0.9713603502026674 0.16459905024393748 -0.17136575711893254
vn 0.587180795094261 0.7313032172797356 0.3470076631268814
vn 0.8517618544690744 0.5087047081507319 -0.12538446146425855
vn 0.3086993889936637 0.5083623359862639 0.8039107056045015
vn 0.986651058676317 0.09783008652120974 -0.13018818143040378
vn 0.6487800565668421 0.7218134499725524 0.24097672426989025
vn 0.8900880558907162 0.42616974088014486 -0.16162488892133944
vn 0.3822901360853973 0.5844063333898771 0.7157677621586546
vn 0.9958062111660366 0.04574382277456748 -0.07923062842810134
vn 0.7063792709458502 0.6935286887728097 0.14158489830160664
vn 0.07865699582395544 0.11967160114645986 0.989692772979066
vn 0.9229260746325583 0.34088039631864314 -0.17890784267041535
vn 0.45352382971681177 0.6427674506656486 0.6173865403811288
vn 0.7596234013677505 0.6482542693910643 0.05233249765439107
vn 0.1562737220313672 0.23637536074734383 0.9590126238136941
vn 0.9500731012252988 0.2567935229156876 -0.17725176703405132
vn 0.5219613229875117 0.681900013466299 0.512414626001042
vn 0.8081840303169239 0.5884524007029571 -0.023713819760211204
vn 0.23320547086049953 0.3448275377926176 0.9092354906956797
vn 0.9713603501805517 0.17785451262315047 -0.1575653592535413
vn 0.5871808359838949 0.7010092533455835 0.40472792413808295
vn 0.8517618238791661 0.5171444452153388 -0.0840441441443483
vn 0.30869940469077756 0.4420258778999343 0.8422100692881509
vn 0.9866510551280308 0.10798864725879175 -0.12189400099250179
vn 0.6487800529552018 0.7000822479507901 0.2982772015954518
vn 0.8900880419632408 0.4377932349893662 -0.12680836309798238
vn 0.38229010212969766 0.5249158836692611 0.7604719540426093
vn 0.995806210756545 0.05197090994499423 -0.07529286246504982
vn 0.7063792825192484 0.6798869257106303 0.19693165686435518
vn 0.07867624486309158 0.05204991168961717 0.9955404839519818
vn 0.9229260860947018 0.35417110410498676 -0.1508982061621998
vn 0.4535237850480853 0.5910041930535528 0.6671058538109053
vn 0.7596234205226189 0.6419411404755088 0.10432560164465801
vn 0.15627372562601927 0.1584404290106917 0.9749231524247804
vn 0.9500730999510337 0.2702236706088721 -0.1560136936044422
vn 0.5219613737670905 0.6384565619780751 0.5656231455327017
vn 0.8081840303169239 0.5884524007029571 0.023713819760211204
vn 0.23320546286447982 0.2705463117662239 0.9340342099087469
vn 0.9713603505420517 0.1899565357644991 -0.14274306958718813
vn 0.5871808439590523 0.6661690372232869 0.45982330338134686
vn 0.8517618565222337 0.5222301950356899 -0.04215878516730233
vn 0.3086993926903888 0.3728228728434461 0.8750473075424806
vn 0.9866510570567494 0.117446861457819 -0.11280924759303651
vn 0.6487800359094039 0.673810767601888 0.3536432022097233
vn 0.8900880179712899 0.4465774874775847 -0.09116944631919369
vn 0.38229009816679016 0.4620211757641054 0.800244158984731
vn 0.9958062114286883 0.05786093663455048 -0.07086678553324659
vn 0.7063792571712807 0.6618358702543196 0.25100124677550356
vn 0.9229260800302395 0.3651649104253388 -0.1219099626530602
vn 0.45352382696800425 0.535408034528282 0.7124986841635974
vn 0.7596233966020179 0.6314648292426491 0.15564210472865414
vn 0.15627373344467288 0.07947794884281245 0.9845109323329034
vn 0.9500731112726227 0.2819012666779108 -0.13376381828487066
vn 0.5219613213797846 0.5908725148625023 0.6151634337015907
vn 0.8081840423180466 0.5846360431763362 0.07098768035074081
vn 0.23320546747742876 0.19451047481348213 0.9527753592145779
vn 0.9713603517517058 0.20082660555668677 -0.1269950453576101
vn 0.587180846144114 0.6270084309068867 0.5119365990952064
vn 0.8517618269626102 0.5239291842695124 -2.4939125155966963e-16
vn 0.3086993992668334 0.30120185020900153 0.902209580043889
vn 0.9866510595401335 0.12614338056164556 -0.10299288445718896
vn 0.6487800451995188 0.6431693408008198 0.40671568940077696
vn 0.89008802773806 0.4524654478445428 -0.05493925176236102
vn 0.3822900960300576 0.396130085964648 0.8348264714723473
vn 0.9958062116456095 0.06337571853853174 -0.06598111205295445
vn 0.7063792791176207 0.6394924979180929 0.3034430080587597
vn 0.9229260778676128 0.37379047661841713 -0.09213107174716584
vn 0.4535238009955944 0.4763395642576016 0.7532707225515848
vn 0.7596233870982464 0.616893214636449 0.20594919642692394
vn 0.9500731018053606 0.29175069277988375 -0.11064643911305433
vn 0.5219613168840753 0.5394564121284482 0.660714131141558
vn 0.8081840477682655 0.5770281100706844 0.11780112529664626
vn 0.23320546678006607 0.11721317435771375 0.9653373928429789
vn 0.9713603516425529 0.2103942390597481 -0.11042341883552498
vn 0.5871808288810991 0.5837814569192641 0.5607297787274427
vn 0.8517618565222337 0.5222301950356899 0.04215878516730233
vn 0.30869939741628644 0.22762741014521803 0.9235206788076824
vn 0.9866510573136849 0.1340218327713088 -0.0925085911816159
vn 0.6487800036397692 0.6083567882477314 0.45715044030393975
vn 0.8900880309648922 0.4554190086756566 -0.01835275646662131
vn 0.38229007386944447 0.32766995569435736 0.8639946177819352
vn 0.9958062103649501 0.0684794927907915 -0.06066754046203516
vn 0.7063792727494033 0.6130018046406764 0.35391681301867806
vn 0.9229260767407335 0.379991862670421 -0.061754685459662645
vn 0.4535238117714237 0.4141818258442263 0.7891575047458277
vn 0.7596233680331451 0.5983207974022631 0.25492069773539544
vn 0.9500731099809359 0.2997079450614383 -0.0868114817187354
vn 0.5219613401756845 0.4845417223681658 0.7019798278059667
vn 0.8081840080414479 0.5656779867101124 0.16385061640913906
vn 0.23306964616740156 0.050906751914065844 0.9711266872272443
vn 0.9713603490903877 0.21859740244655027 -0.09313564225698528
vn 0.5871808051727372 0.5367685069033091 0.605886352407354
vn 0.8517618238791661 0.5171444452153388 0.0840441441443483
vn 0.3086993638283842 0.1525767119852009 0.9388423987718791
vn 0.9866510550455421 0.14103110021395887 -0.08142434740272289
vn 0.6487799996692883 0.56959868476564 0.5046205013100153
vn 0.890088043015224 0.4554189850389598 0.01835275857773272
vn 0.38229007505235385 0.2570847040509952 0.8875594365784625
vn 0.995806209733198 0.07313915287297944 -0.054960503762478026
vn 0.7063792600866252 0.5825355857603588 0.4020953024375039
vn 0.9229260831426281 0.3837288381751542 -0.03097779539852548
vn 0.4535237825827773 0.34933796348370383 0.8199263173608151
vn 0.759623397094552 0.5758680020128051 0.3022388771225706
vn 0.9500731079973052 0.3057215165568975 -0.06241349032454318
vn 0.5219613770647359 0.42648457344488006 0.7386929195993578
vn 0.8081840375021961 0.5506591267808217 0.20883746699199357
vn 0.9713603506483388 0.2253828553365164 -0.07524385495636993
vn 0.5871808101843695 0.4862743160006896 0.6471135802541073
vn 0.8517618560604839 0.5087047091011824 0.1253844467973628
vn 0.3086993661283386 0.07653655029917408 0.9480753439575696
vn 0.9866510597829857 0.14712569070091222 -0.06981201447380611
vn 0.6487800505064697 0.5271465799581528 0.548817756002159
vn 0.8900880397404707 0.4524654241434996 0.05493925250319052
vn 0.3822900859288078 0.18483222578056965 0.9053680679776294
vn 0.9958062115238173 0.07732444957576227 -0.04889702024037654
vn 0.7063792795484474 0.5482913736495614 0.4476660395943537
vn 0.9229260841444705 0.38497719829329347 0
vn 0.4535238178266998 0.2822284718079533 0.8453775702991189
vn 0.7596233573597243 0.5496805968865994 0.34759688773050385
vn 0.9500731034837159 0.30975236853167565 -0.03761074614837609
vn 0.5219613777786632 0.36566152244405714 0.7706153198005433
vn 0.8081840276592117 0.5320690870202067 0.2524699270685882
vn 0.9713603508531025 0.23070662318331217 -0.05686407310323892
vn 0.5871808007233015 0.43262646150242473 0.6841440287467497
vn 0.8517618705390524 0.49696585127716636 0.16591159863064506
vn 0.9866510568323756 0.15226615870717805 -0.05774693900214078
vn 0.6487800113047016 0.481275754359132 0.5894558042784208
vn 0.8900880185758958 0.4465774877809293 0.09116943893054136
vn 0.38229006964789275 0.11138098813944038 0.9173050627406846
vn 0.9958062106911213 0.08100829220564958 -0.04251643615020497
vn 0.706379275062086 0.510491297578167 0.4903335139063222
vn 0.9229260831426281 0.3837288381751542 0.03097779539852548
vn 0.45352377993607956 0.2132886773958267 0.8653462434928747
vn 0.7596233595612072 0.5199282243593708 0.3907006438738698
vn 0.950073114634374 0.31177431071176104 -0.012564076931701595
vn 0.5219613327683099 0.3024670191776079 0.7975400111621624
vn 0.8081840062096984 0.5100284083345122 0.29446499757799105
vn 0.9713603516790905 0.23453416554798712 -0.038115513594635615
vn 0.5871808089959768 0.37617285066012435 0.7167375279508296
vn 0.8517618559739142 0.4820040342379049 0.20536273197992244
vn 0.986651058051275 0.15641909759816622 -0.045307345462685104
vn 0.6487800325232513 0.432283599864267 0.62627099460818
vn 0.8900880402813375 0.4377932341621156 0.12680837775952783
vn 0.38208142662825834 0.048375115735297555 0.9228616535555648
vn 0.9958062097004606 0.08416677203026358 -0.03586010607915486
vn 0.7063792543604793 0.46938051093624905 0.5298209933197806
vn 0.9229260767407335 0.379991862670421 0.061754685459662645
vn 0.4535237807537638 0.14296561349626144 0.8797027984771048
vn 0.7596233739027721 0.4868038756151654 0.4312705838642646
vn 0.950073114634374 0.31177431071176104 0.012564076931701595
vn 0.5219613348831024 0.237310917783759 0.8192923124182722
vn 0.8081840109272389 0.4846799273207011 0.3345504035776381
vn 0.9713603508725299 0.23684067145045926 -0.019119756789530148
vn 0.5871807820951248 0.31727966061563345 0.7446827150523813
vn 0.8517618338206212 0.46391625077639526 0.2434820131182286
vn 0.9866510571988176 0.15955760981764883 -0.032573923278208405
vn 0.6487800430833061 0.38048800543969336 0.6590245317234763
vn 0.890088043508253 0.42616976348989155 0.16162489749608666
vn 0.9958062103061589 0.0867793777543441 -0.028971211784375648
vn 0.7063792868293667 0.42522555134213713 0.5658723651356466
vn 0.9229260778676128 0.37379047661841713 0.09213107174716584
vn 0.4535238406589447 0.07171535431513187 0.888354115153082
vn 0.7596233865739691 0.45052243969701417 0.4690435394495319
vn 0.9500731034837159 0.30975236853167565 0.03761074614837609
vn 0.5219613268448154 0.17061574609264452 0.8357312010830099
vn 0.8081840155579495 0.4561881354618514 0.3724660817584171
vn 0.9713603521518935 0.23761116612514077 -1.1143224296071122e-16
vn 0.5871808066446205 0.25632876740947297 0.7677983220263723
vn 0.851761841160553 0.44281972662235436 0.2800222413610895
vn 0.9866510548402325 0.16166134045508884 -0.019629238011717044
vn 0.6487800069173677 0.32622472388451806 0.6875041324608677
vn 0.8900880369393627 0.41178245054806506 0.19539319312110623
vn 0.9958062113550425 0.0888291815675563 -0.021894426888007145
vn 0.706379273095547 0.37831284455143277 0.5982538877336361
vn 0.9229260791919456 0.3651649100936594 0.12190996999291005
vn 0.7596233700160105 0.4113192077593631 0.5037745974676863
vn 0.9500731079973052 0.3057215165568975 0.06241349032454318
vn 0.5219613836824994 0.10281408434568746 0.8467500091552456
vn 0.8081840282229978 0.424737781575912 0.40796616701292954
vn 0.9713603576658782 0.23684064367265337 0.019119755750019826
vn 0.5871807882388033 0.19371546638414816 0.7859345010920629
vn 0.8517618406157609 0.4188513569321203 0.31474641803676306
vn 0.9866510586796191 0.1627165966118477 -0.006557255023546954
vn 0.6487800074118192 0.269845851268893 0.7115249247466222
vn 0.8900880321068887 0.39472455245362936 0.22789432373441978
vn 0.995806211241836 0.09030290639072122 -0.01467565158923892
vn 0.7063792598690072 0.3289466319043227 0.6267554982492901
vn 0.9229260860947018 0.35417110410498676 0.1508982061621998
vn 0.7596233966259345 0.36944838789698736 0.5352384365671019
vn 0.9500731099809359 0.2997079450614383 0.0868114817187354
vn 0.521702537421779 0.044655834199815704 0.8519579325997239
vn 0.8081840258543953 0.39053285034095936 0.4408204545598444
vn 0.9713603516790905 0.23453416554798712 0.038115513594635615
vn 0.5871808390960609 0.12984583966876137 0.7989735415638995
vn 0.8517618306095048 0.3921666203693649 0.34742931048605474
vn 0.9866510586796191 0.1627165966118477 0.006557255023546954
vn 0.6487800417641225 0.21171682873022646 0.7309312155332808
vn 0.8900880311426539 0.3751066962702621 0.2589174834378773
vn 0.99580621014685 0.09119099314055142 -0.007361698377936991
vn 0.706379255832224 0.2774471127185553 0.6511923268697587
vn 0.9229260770930188 0.340880397227408 0.17890782824621063
vn 0.759623402829622 0.32518160108240807 0.5632310468990743
vn 0.9500731018053606 0.29175069277988375 0.11064643911305433
vn 0.8081840170653547 0.35379516614085355 0.4708158610066914
vn 0.9713603508531025 0.23070662318331217 0.05686407310323892
vn 0.587180791783131 0.06513413025166197 0.8068310001712223
vn 0.8517618584941014 0.3629384853760748 0.37785895814125564
vn 0.9866510572170171 0.16166132594336044 0.01962923805900273
vn 0.648780033054735 0.1522147620672753 0.7455971666512017
vn 0.8900880386976108 0.35305613951367815 0.28826141906113445
vn 0.995806211422466 0.0914876455726939 0
vn 0.7063792501876887 0.22414824855143495 0.6714059260801939
vn 0.9229260806468597 0.3253789289590294 0.20575714386455943
vn 0.7596233458749926 0.27880591049937514 0.5875709630949233
vn 0.9500731032907616 0.28190129411189196 0.13376381716107902
vn 0.8081840253933643 0.31476297885847837 0.4977578208718723
vn 0.9713603501037841 0.2253828552101644 0.07524386236476821
vn 0.8517618306085535 0.3313565899572326 0.40583813794452583
vn 0.9866510571988176 0.15955760981764883 0.032573923278208405
vn 0.6487800255031171 0.09172551762403308 0.7554276324869101
vn 0.8900880364494401 0.3287158960726623 0.3157358817726091
vn 0.99580621082684 0.09119098575224098 0.00736169791730267
vn 0.7063792662881039 0.16939566355438543 0.6872651899574498
vn 0.9229260834716622 0.30776724725051063 0.2312720604991046
vn 0.7596233944540646 0.23062195953043071 0.6081001647594162
vn 0.9500731076022503 0.27022364298274043 0.1560136948608661
vn 0.8081840329083918 0.27368945060681926 0.5214716229848608
vn 0.9713603490903877 0.21859740244655027 0.09313564225698528
vn 0.8517618579471771 0.2976256540512348 0.4311852355971244
vn 0.9866510559180927 0.15641911216114243 0.04530734163943839
vn 0.6484966877627681 0.039840921781139044 0.7601741556461573
vn 0.8900880405467172 0.30224377554981074 0.3411626887822012
vn 0.9958062105718485 0.09030291378054515 0.014675651579365007
vn 0.7063792514512189 0.113544489141091 0.6986673043050637
vn 0.9229260856947247 0.28815955466548215 0.2552871156153498
vn 0.7596233947813095 0.18094241296676267 0.6246856339717478
vn 0.9500731084962488 0.25679349507861743 0.17725176839056667
vn 0.8081840423625928 0.23084092559809227 0.541803489043283
vn 0.9713603516425529 0.2103942390597481 0.11042341883552498
vn 0.8517618552824776 0.26196458251293087 0.45373593575402166
vn 0.9866510572568803 0.15226615877269026 0.05774693157640573
vn 0.8900880388346175 0.27381152439998097 0.3643769095720849
vn 0.9958062113550425 0.0888291815675563 0.021894426888007145
vn 0.7063792751328536 0.05695693412076632 0.705538253618007
vn 0.9229260803585135 0.2666830753343598 0.27764651541893826
vn 0.7596233992913012 0.13008937085067537 0.6372197790721846
vn 0.9500730979870775 0.24169799049705382 0.19734028952781818
vn 0.8081840312600093 0.18649529003451118 0.558621587849292
vn 0.9713603488448617 0.20082661985686473 0.12699504497757114
vn 0.8517618636952076 0.22460452847267348 0.4733439905016588
vn 0.9866510597829857 0.14712569070091222 0.06981201447380611
vn 0.890088028145968 0.2436034398880119 0.3852280704023917
vn 0.9958062109500039 0.08677937035987134 0.028971211803107175
vn 0.9229260799774334 0.2434770495687635 0.2982052602332464
vn 0.7596233833478334 0.0783926222781819 0.6456213381259487
vn 0.9500730977084071 0.22503493127711305 0.21614899656453768
vn 0.8081840217562998 0.14094018832995858 0.5718167978394203
vn 0.9713603505420517 0.1899565357644991 0.14274306958718813
vn 0.851761841008642 0.18578784671115686 0.48988227383321425
vn 0.9866510550455421 0.14103110021395887 0.08142434740272289
vn 0.8900880270965159 0.21181555219442383 0.4035808170218245
vn 0.9958062097004606 0.08416677203026358 0.03586010607915486
vn 0.9229260800522642 0.21869196276049346 0.3168300430567227
vn 0.7593386955639764 0.03405016744250902 0.6498040716372404
vn 0.9500731064787589 0.20691243944845505 0.23355584931080245
vn 0.808184056208869 0.09447102582246751 0.5813034978131737
vn 0.9713603476062147 0.17785452705295504 0.15756535883595543
vn 0.8517618374654811 0.14576623178026324 0.5032434578909196
vn 0.9866510592841067 0.1340218181378001 0.09250859136636304
vn 0.8900880376750612 0.1786539288526219 0.4193161800995535
vn 0.995806210848843 0.08100829221848015 0.0425164324316487
vn 0.9229260801484066 0.1924885983132141 0.33340004514293514
vn 0.9500731005126444 0.1874480501196545 0.24944805509089504
vn 0.8081840423522013 0.0473891803289632 0.587020288640013
vn 0.9713603559503619 0.16459902621660377 0.1713657476175804
vn 0.8517618523414547 0.10479929733221698 0.5133408752228167
vn 0.9866510587830202 0.12614338046484858 0.10299289182873722
vn 0.8900880275529515 0.14433366154271032 0.43233216090474985
vn 0.9958062115238173 0.07732444957576227 0.04889702024037654
vn 0.9229260895796064 0.16503686093227707 0.3478078028263832
vn 0.9500731063211927 0.16676799660600305 0.2637224449174167
vn 0.9713603483360744 0.15027609815949255 0.18405479619498752
vn 0.8517618556623702 0.06315268413960486 0.5201091036739879
vn 0.9866510570567494 0.117446861457819 0.11280924759303651
vn 0.8900880346951946 0.10907735834148495 0.44254425811402104
vn 0.9958062104797267 0.07313914547722931 0.05496050007839014
vn 0.9229260727496336 0.13651479846402534 0.3599599617169453
vn 0.950073105607646 0.14500635597229578 0.27628653736416225
vn 0.9713603494101544 0.13497853607011623 0.19555016337030107
vn 0.8514927407866862 0.027429444013808223 0.523648487048965
vn 0.9866510561263083 0.10798865481863347 0.12189398621467108
vn 0.8900880363803069 0.07311364383429582 0.44988629961126997
vn 0.9958062108730225 0.06847948537515003 0.06066754049298847
vn 0.9229260850360211 0.10710738793455928 0.3697775669370962
vn 0.9500731027788705 0.12230432518567767 0.2870587943558007
vn 0.971360356001784 0.11880556879271244 0.20577729615272763
vn 0.986651058676317 0.09783008652120974 0.13018818143040378
vn 0.8900880236285039 0.03667574756115677 0.4543106863523399
vn 0.9958062116456095 0.06337571853853174 0.06598111205295445
vn 0.9229260832009251 0.0770053279906709 0.3771970630962661
vn 0.9500731029647292 0.09880909115548982 0.29596936079262853
vn 0.9713603502430732 0.10186214256170639 0.21466991845247582
vn 0.9866510588861618 0.08703704887406558 0.1376380765708006
vn 0.9958062114286883 0.05786093663455048 0.07086678553324659
vn 0.9229260682115437 0.04640387370707679 0.3821703195180897
vn 0.9500731035862349 0.07467304762774322 0.30296044923389664
vn 0.971360352152294 0.08425808181351546 0.22217029935542304
vn 0.9866510589479659 0.07567954777658531 0.14419533253607525
vn 0.9958062109493397 0.05197090622976587 0.07529286247962702
vn 0.9226802100598992 0.020150829344916948 0.3850391850715098
vn 0.9500731111520299 0.05005271670503274 0.30798670266157335
vn 0.9713603527229715 0.0661075729564142 0.22822982705097222
vn 0.9866510594197256 0.06383123970934955 0.14981742149396657
vn 0.9958062117538752 0.045743822801570716 0.07923062102429175
vn 0.950073100891383 0.025107774299815616 0.3110155986961775
vn 0.9713603569210435 0.047528340018200645 0.23280917915180463
vn 0.9866510561944961 0.05156896600500783 0.1544679094681463
vn 0.9958062101884193 0.039220079503723984 0.08265456499128972
vn 0.9713603556969896 0.028640859815335262 0.23587869876115575
vn 0.9866510589649712 0.03897223978334383 0.15811657841469523
vn 0.9958062114907436 0.03244196977513678 0.08554243247395711
vn 0.9711344618347714 0.012426578158524177 0.2382088100641102
vn 0.9866510580751015 0.026122763623461012 0.16073982337913495
vn 0.9958062111122559 0.025453459316020926 0.08787554448821948
vn 0.9866510564242533 0.013103874313384115 0.16232061278495702
vn 0.9958062114833199 0.018299879401292768 0.08963873931027674
vn 0.9958062109752951 0.011027617311161085 0.09082060250551434
vn 0.9955602846519828 0.004738418367408328 0.09400673920011633
vn -0.03277366175100758 0.03277365802571735 -0.9989253097379422
vn -0.03628110942088429 0.07908648375578244 -0.9962073123533758
vn -0.03630603865709954 0.15767672726681847 -0.9868231458754171
vn -0.036347589838581155 0.2352776342902644 -0.9712483140349346
vn -0.03640576541662949 0.311402239122866 -0.9495805735764052
vn -0.03648055680344532 0.38557299580469595 -0.9219558741509827
vn -0.036571972687388536 0.45732442313906857 -0.8885476142640141
vn -0.03667999770734497 0.5262063693933123 -0.8495654386673803
vn -0.03680465675002628 0.5917866716810967 -0.8052539676785968
vn -0.03694592672947445 0.653653839592583 -0.7558912993836971
vn -0.037103810868885215 0.7114197294278728 -0.7017872012225488
vn -0.0372783200206348 0.7647219173147641 -0.6432812106962786
vn -0.037469442882456884 0.813225983459075 -0.5807405106216532
vn -0.0376771809407309 0.8566276639965873 -0.5145575529638152
vn -0.03790153591232372 0.8946546978781609 -0.445147666668066
vn -0.038142498915708554 0.9270685396095119 -0.37294647423290117
vn -0.03840008437262552 0.9536659268620191 -0.298406992985388
vn -0.038674272247687186 0.9742800505418768 -0.22199703552577008
vn -0.03896507949747588 0.988781679535356 -0.1441960914692075
vn -0.0392724863355793 0.9970799474314597 -0.0654923678538154
vn -0.03925981460472055 0.9992290362860773 0
vn -0.07844327334912991 0.02007500068107052 -0.9967164326998571
vn -0.1562701157899034 0.0331579370636628 -0.9871576379285592
vn -0.23340059146175954 0.01958087961735747 -0.9721834976272284
vn -0.30869286378622984 0.03192979752042135 -0.9506256907309844
vn -0.3826171968154014 0.018604762435670535 -0.9237196238663747
vn -0.45351536627004263 0.029916652462926047 -0.8907462076609485
vn -0.5224214756480096 0.01717060978874439 -0.8525144995489747
vn -0.587171865142939 0.027168332248665314 -0.8090062314391581
vn -0.6493718808384311 0.01531364439669321 -0.7603168107254042
vn -0.7063710787080948 0.023752985850134075 -0.7074430682591822
vn -0.7603409282042396 0.013079504468219637 -0.6493924849121534
vn -0.8081776625627383 0.019755710224061813 -0.5886073204167376
vn -0.8525929489911404 0.010523133959232702 -0.5224696421633194
vn -0.8900839838224587 0.015277254655786865 -0.4555404561978259
vn -0.9238520984520767 0.007707450642197385 -0.3826720467845705
vn -0.95007134218698 0.010434720745921442 -0.31185823920170064
vn -0.9723591727404545 0.004701802935422856 -0.2334427815047093
vn -0.9866509002568907 0.005380812654560201 -0.16276070741258042
vn -0.9969160888055936 0.001580253317889698 -0.07845899999368633
vn -0.9993736167794236 0.02502372679630262 -0.02502373238423808
vn -0.9993736170123292 0.025023724939489286 0.025023724939489286
vn -0.9969160888055936 0.001580253317889698 0.07845899999368633
vn -0.9866509002568907 0.005380812654560201 0.16276070741258042
vn -0.9723591727404545 0.004701802935422856 0.2334427815047093
vn -0.9500713333569218 0.010434720648940105 0.3118582661055813
vn -0.9238520984520767 0.007707450642197385 0.3826720467845705
vn -0.8900839838351227 0.015277253724681639 0.45554045620430733
vn -0.8525929489911404 0.010523133959232702 0.5224696421633194
vn -0.8081776625627383 0.019755710224061813 0.5886073204167376
vn -0.7603409282042396 0.013079504468219637 0.6493924849121534
vn -0.7063710786768425 0.023752987711728336 0.7074430682278825
vn -0.6493718808384311 0.01531364439669321 0.7603168107254042
vn -0.5871718368292014 0.02716833093859397 0.8090062520330932
vn -0.5224214756480096 0.01717060978874439 0.8525144995489747
vn -0.45351536627004263 0.029916652462926047 0.8907462076609485
vn -0.3826171968154014 0.018604762435670535 0.9237196238663747
vn -0.30869283682380944 0.03192979781416794 0.9506256994765161
vn -0.23340059146175954 0.01958087961735747 0.9721834976272284
vn -0.1562701157899034 0.0331579370636628 0.9871576379285592
vn -0.07844327334912991 0.02007500068107052 0.9967164326998571
vn -0.03277366175100758 0.03277365802571735 0.9989253097379422
vn -0.03628110942088429 0.07908648375578244 0.9962073123533758
vn -0.03630603865709954 0.15767672726681847 0.9868231458754171
vn -0.036347589838581155 0.2352776342902644 0.9712483140349346
vn -0.036405761358412475 0.31140226607745014 0.9495805648925968
vn -0.03648055680344532 0.38557299580469595 0.9219558741509827
vn -0.036571972687388536 0.45732442313906857 0.8885476142640141
vn -0.03667999770734497 0.5262063693933123 0.8495654386673803
vn -0.03680465302978227 0.5917866717622354 0.8052539677890036
vn -0.03694592444871216 0.6536538055447823 0.7558913289378666
vn -0.037103814589047074 0.7114197293295386 0.7017872011255459
vn -0.0372783200206348 0.7647219173147641 0.6432812106962786
vn -0.037469442882456884 0.813225983459075 0.5807405106216532
vn -0.037677179785170954 0.8566276377237986 0.5145575967869686
vn -0.03790153591232372 0.8946546978781609 0.445147666668066
vn -0.038142503059520515 0.9270685497818447 0.3729464485227629
vn -0.03840008437262552 0.9536659268620191 0.298406992985388
vn -0.038674272247687186 0.9742800505418768 0.22199703552577008
vn -0.03896507949747588 0.988781679535356 0.1441960914692075
vn -0.0392724863355793 0.9970799474314597 0.0654923678538154
vn -0.9955602846541793 0.004738417901757498 -0.09400673920032375
vn -0.9958062116593508 0.011027616387413789 -0.09082059511732178
vn -0.9958062121483797 0.018299879413514537 -0.08963873191956237
vn -0.9866510564362941 0.013103873382221465 -0.16232061278693793
vn -0.9958062117642339 0.02545345933268591 -0.08787553709517314
vn -0.9866510556638569 0.026122765422265572 -0.16073983788746918
vn -0.9711344721873906 0.012426577359673107 -0.238208767900013
vn -0.9958062116110925 0.032441966053767306 -0.0855424324842954
vn -0.9866510589649712 0.03897223978334383 -0.15811657841469523
vn -0.9713603556969896 0.028640859815335262 -0.23587869876115575
vn -0.9958062117058898 0.03922007211290939 -0.0826545502160827
vn -0.986651056384041 0.05156896228962444 -0.15446790949782105
vn -0.9713603569210435 0.047528340018200645 -0.23280917915180463
vn -0.9500731096975977 0.02510777453253924 -0.31101557177665495
vn -0.9958062117538752 0.045743822801570716 -0.07923062102429175
vn -0.9866510594197256 0.06383123970934955 -0.14981742149396657
vn -0.9713603522445379 0.0661075803744344 -0.22822982693855995
vn -0.9500731111520299 0.05005271670503274 -0.30798670266157335
vn -0.9226802295086097 0.020150828467933424 -0.3850391385119118
vn -0.9958062115079626 0.05197090625892027 -0.07529285507128392
vn -0.9866510589479659 0.07567954777658531 -0.14419533253607525
vn -0.971360352152294 0.08425808181351546 -0.22217029935542304
vn -0.9500730950080959 0.07467304695352586 -0.3029604763008109
vn -0.922926089234992 0.04640387476411643 -0.38217026861894904
vn -0.9958062114286883 0.05786093663455048 -0.07086678553324659
vn -0.9866510588861618 0.08703704887406558 -0.1376380765708006
vn -0.9713603574527095 0.10186212961669992 -0.21466989197205733
vn -0.950073111344919 0.09880909202704269 -0.2959693336009261
vn -0.9229260826714106 0.07700533539707101 -0.37719706287985516
vn -0.9958062116456095 0.06337571853853174 -0.06598111205295445
vn -0.8900880237501148 0.036675743840877385 -0.45431068641441136
vn -0.986651059395478 0.09783007914193663 -0.13018818152529676
vn -0.9713603517767421 0.1188055830166862 -0.20577730788458926
vn -0.9500731027788705 0.12230432518567767 -0.2870587943558007
vn -0.9229260850360211 0.10710738793455928 -0.3697775669370962
vn -0.995806211323135 0.06847948540610331 -0.060667533069830144
vn -0.8900880363803069 0.07311364383429582 -0.44988629961126997
vn -0.9866510543341928 0.10798865462248697 -0.12189400089442853
vn -0.8514927406996786 0.027429447736295614 -0.5236484869954574
vn -0.9713603575595798 0.13497851401882838 -0.1955501381103932
vn -0.9500731035547629 0.14500637056013224 -0.27628653676717246
vn -0.9229260826504546 0.1365147999285073 -0.3599599357761442
vn -0.9958062119727845 0.07313913068572907 -0.05496049271021437
vn -0.8900880215092289 0.10907737162674948 -0.44254428136039264
vn -0.9866510587152986 0.11744686165524584 -0.11280923288150645
vn -0.8517618556623702 0.06315268413960486 -0.5201091036739879
vn -0.9713603483360744 0.15027609815949255 -0.18405479619498752
vn -0.9500731012150201 0.16676798080854677 -0.2637224733023608
vn -0.9229260895796064 0.16503686093227707 -0.3478078028263832
vn -0.9958062120975133 0.07732444216972927 -0.048897020268546705
vn -0.8900880256386043 0.14433367613344752 -0.43233215997491614
vn -0.9866510595401335 0.12614338056164556 -0.10299288445718896
vn -0.8517618523414547 0.10479929733221698 -0.5133408752228167
vn -0.9713603502026674 0.16459905024393748 -0.17136575711893254
vn -0.808184063025389 0.04738917804615426 -0.5870202603623523
vn -0.9500731031663823 0.18744803574207228 -0.2494480557876517
vn -0.9229260801484066 0.1924885983132141 -0.33340004514293514
vn -0.9958062114498706 0.08100828481679286 -0.04251643245730987
vn -0.8900880464285826 0.17865394551074568 -0.4193161544209721
vn -0.9866510573136849 0.1340218327713088 -0.0925085911816159
vn -0.8517618374654811 0.14576623178026324 -0.5032434578909196
vn -0.9713603501805517 0.17785451262315047 -0.1575653592535413
vn -0.8081840287754445 0.09447101516511273 -0.5813035376857469
vn -0.9500730969364694 0.2069124522714406 -0.2335558767673492
vn -0.7593386955639764 0.03405016744250902 -0.6498040716372404
vn -0.9229260887667822 0.2186919648254422 -0.3168300162459947
vn -0.9958062104579508 0.08416676464370705 -0.03586010238114266
vn -0.8900880135814694 0.2118155638793895 -0.40358084069619826
vn -0.9866510556441023 0.14103110029951657 -0.08142434000153911
vn -0.8517618550121576 0.1857878516657165 -0.48988224760618343
vn -0.9713603566567802 0.18995651040299907 -0.14274306172675347
vn -0.808184069974772 0.1409401863443104 -0.5718167301786858
vn -0.9500731038285324 0.2250349327267299 -0.21614896815459186
vn -0.759623358136718 0.07839262582757107 -0.6456213673577988
vn -0.9229260881796704 0.24347705173259496 -0.2982052330811359
vn -0.9958062103061589 0.0867793777543441 -0.028971211784375648
vn -0.890088035133797 0.2436034567016349 -0.3852280436243853
vn -0.9866510576199072 0.1471257052795232 -0.06981201432075416
vn -0.8517618381687707 0.2246045225577327 -0.47334403924203994
vn -0.9713603580237719 0.20082657962913358 -0.1269950383849423
vn -0.8081840335059495 0.18649527565161955 -0.5586215894016991
vn -0.9500731020368223 0.2416979617249846 -0.19734030527015414
vn -0.7596233755527034 0.130089362091757 -0.6372198091588774
vn -0.9229260876937222 0.26668304765157386 -0.27764651762561027
vn -0.7063792751328536 0.05695693412076632 -0.705538253618007
vn -0.9958062113550425 0.0888291815675563 -0.021894426888007145
vn -0.8900880388346175 0.27381152439998097 -0.3643769095720849
vn -0.9866510568323756 0.15226615870717805 -0.05774693900214078
vn -0.8517618389208979 0.2619645958126012 -0.4537359587897248
vn -0.9713603580531046 0.2103942126368793 -0.1104234127884659
vn -0.8081840451425826 0.2308409114909769 -0.5418034909069775
vn -0.9500731084962488 0.25679349507861743 -0.17725176839056667
vn -0.7596233947813095 0.18094241296676267 -0.6246856339717478
vn -0.9229260927164835 0.28815955685784284 -0.2552870877552889
vn -0.7063792514512189 0.113544489141091 -0.6986673043050637
vn -0.995806211241836 0.09030290639072122 -0.01467565158923892
vn -0.8900880405467172 0.30224377554981074 -0.3411626887822012
vn -0.6484966240339043 0.03984091407718371 -0.7601742104163515
vn -0.986651058051275 0.15641909759816622 -0.045307345462685104
vn -0.851761850392104 0.2976256812136358 -0.43118523177253903
vn -0.9713603587837408 0.2185973614120651 -0.09313563747140796
vn -0.8081840329083918 0.27368945060681926 -0.5214716229848608
vn -0.950073109810966 0.2702236436109523 -0.15601368032240343
vn -0.7596233892331196 0.2306219877476714 -0.608100160579901
vn -0.9229260834716622 0.30776724725051063 -0.2312720604991046
vn -0.7063792662881039 0.16939566355438543 -0.6872651899574498
vn -0.99580621082684 0.09119098575224098 -0.00736169791730267
vn -0.8900880364494401 0.3287158960726623 -0.3157358817726091
vn -0.6487800255031171 0.09172551762403308 -0.7554276324869101
vn -0.9866510573185449 0.15955760983701067 -0.03257391955687088
vn -0.8517618306085535 0.3313565899572326 -0.40583813794452583
vn -0.9713603501037841 0.2253828552101644 -0.07524386236476821
vn -0.808184044963546 0.314762956678143 -0.49775780312275825
vn -0.9500731013970415 0.2819012935499961 -0.133763831795617
vn -0.7596233458749926 0.27880591049937514 -0.5875709630949233
vn -0.9229260895965178 0.3253789023119213 -0.2057571458597962
vn -0.7063792549063997 0.224148220246453 -0.6714059305652783
vn -0.9958062121012434 0.09148763818447461 0
vn -0.8900880046735438 0.3530561856225717 -0.2882614676468391
vn -0.6487800359978302 0.15221473295545335 -0.7455971700334936
vn -0.9866510595938017 0.16166131143163195 -0.019629238106288416
vn -0.8517618421325222 0.36293850380208575 -0.3778589773247635
vn -0.587180791783131 0.06513413025166197 -0.8068310001712223
vn -0.9713603608970027 0.23070658160987834 -0.056864070201920455
vn -0.8081840689398836 0.3537951329545535 -0.4708157968987907
vn -0.9500731018053606 0.29175069277988375 -0.11064643911305433
vn -0.7596233447554104 0.32518163153988205 -0.563231107638475
vn -0.92292608646905 0.34088037088809825 -0.17890783006374014
vn -0.706379255832224 0.2774471127185553 -0.6511923268697587
vn -0.99580621082684 0.09119098575224098 0.00736169791730267
vn -0.8900880311426539 0.3751066962702621 -0.2589174834378773
vn -0.6487800417641225 0.21171682873022646 -0.7309312155332808
vn -0.9866510586796191 0.1627165966118477 -0.006557255023546954
vn -0.8517618394288173 0.3921666244299366 -0.34742928428108427
vn -0.587180772078946 0.12984583802960933 -0.7989735910824345
vn -0.9713603584390532 0.23453413788752128 -0.03811551152104662
vn -0.8081840352606758 0.39053282508396475 -0.44082045969045913
vn -0.5217026505910562 0.044655837408102944 -0.8519578631315327
vn -0.9500731105954393 0.29970794525528816 -0.08681147432430422
vn -0.7596233630510466 0.3694484303590733 -0.5352384549079363
vn -0.9229260860947018 0.35417110410498676 -0.1508982061621998
vn -0.7063792689579215 0.32894669778712676 -0.6267554534277442
vn -0.995806211241836 0.09030290639072122 0.01467565158923892
vn -0.8900880051201332 0.39472460009054106 -0.22789434662716843
vn -0.6487800419279443 0.26984584083387225 -0.7115248972317381
vn -0.9866510562873196 0.16271661111847535 0.0065572550076478
vn -0.8517618406157609 0.4188513569321203 -0.31474641803676306
vn -0.5871807508796698 0.19371545882195268 -0.7859345308674175
vn -0.9713603543006559 0.23684065738515597 -0.019119756857007616
vn -0.8081840689524934 0.4247377418538342 -0.407966127682553
vn -0.521961341516268 0.10281406542890169 -0.8467500374446518
vn -0.9500730988991882 0.30572154343156016 -0.062413497177437764
vn -0.7596233859154587 0.41131921389629095 -0.5037745684828396
vn -0.9229260800302395 0.3651649104253388 -0.1219099626530602
vn -0.706379273095547 0.37831284455143277 -0.5982538877336361
vn -0.9958062113144321 0.08882918156393371 0.021894428749759397
vn -0.8900880125013428 0.41178249884692003 -0.19539320265760385
vn -0.6487800069173677 0.32622472388451806 -0.6875041324608677
vn -0.9866510595938017 0.16166131143163195 0.019629238106288416
vn -0.851761841160553 0.44281972662235436 -0.2800222413610895
vn -0.587180779772675 0.2563287556787546 -0.7677983464932278
vn -0.9713603521518935 0.23761116612514077 -1.5504211924439226e-16
vn -0.808184046504354 0.4561880933252352 -0.372466066218299
vn -0.5219613268448154 0.17061574609264452 -0.8357312010830099
vn -0.9500731033506001 0.3097523684882759 -0.03761074986839663
vn -0.7596233865739691 0.45052243969701417 -0.4690435394495319
vn -0.4535238406589447 0.07171535431513187 -0.888354115153082
vn -0.9229260778676128 0.37379047661841713 -0.09213107174716584
vn -0.7063792420922892 0.4252255304897792 -0.5658724366505306
vn -0.9958062109500039 0.08677937035987134 0.028971211803107175
vn -0.8900880343470655 0.42616978890588303 -0.16162488093140895
vn -0.6487800159239744 0.3804879946654726 -0.6590245646811161
vn -0.9866510573185449 0.15955760983701067 0.03257391955687088
vn -0.8517618455968945 0.46391622738807675 -0.24348201648455778
vn -0.5871807820951248 0.31727966061563345 -0.7446827150523813
vn -0.9713603576658782 0.23684064367265337 0.019119755750019826
vn -0.808184063006096 0.4846798632027328 -0.33455037065999305
vn -0.5219613348831024 0.237310917783759 -0.8192923124182722
vn -0.9500731058177929 0.3117743376208492 -0.012564075883785688
vn -0.7596233739027721 0.4868038756151654 -0.4312705838642646
vn -0.4535238528450985 0.14296560253131502 -0.879702763092964
vn -0.9229260767407335 0.379991862670421 -0.061754685459662645
vn -0.7063792543604793 0.46938051093624905 -0.5298209933197806
vn -0.9958062118399027 0.0841667498593502 0.03586009870561802
vn -0.3820813800907172 0.04837511734175098 -0.9228616727387396
vn -0.8900880419632408 0.4377932349893662 -0.12680836309798238
vn -0.6487800400248004 0.4322836644672101 -0.6262709422448233
vn -0.986651058051275 0.15641909759816622 0.045307345462685104
vn -0.851761844825361 0.48200406165875304 -0.20536271386053098
vn -0.5871807773283119 0.376172860174801 -0.7167375489005925
vn -0.9713603584390532 0.23453413788752128 0.03811551152104662
vn -0.8081840307785414 0.5100283642347618 -0.2944650065297449
vn -0.5219613327683099 0.3024670191776079 -0.7975400111621624
vn -0.9500731058177929 0.3117743376208492 0.012564075883785688
vn -0.7596233742571461 0.5199281748134371 -0.3907006812348244
vn -0.45352382844210554 0.2132886712908697 -0.8653462195758359
vn -0.922926102531071 0.3837287916519748 -0.03097779404867824
vn -0.7063792460471804 0.5104912600803365 -0.49033359474485066
vn -0.9958062116075923 0.08100828482962344 0.042516428738753595
vn -0.3822900944602446 0.1113810015867635 -0.9173050507672498
vn -0.8900880304221181 0.44657746392212694 -0.09116944014391962
vn -0.6487800113047016 0.481275754359132 -0.5894558042784208
vn -0.9866510568323756 0.15226615870717805 0.05774693900214078
vn -0.851761839456462 0.49696589772086347 -0.16591161908751423
vn -0.5871807767791479 0.43262644386071303 -0.6841440604532572
vn -0.9713603606912345 0.23070658156100662 0.05686407391516486
vn -0.8081840739629761 0.5320690186589103 -0.2524699229135048
vn -0.5219613777786632 0.36566152244405714 -0.7706153198005433
vn -0.9500731034837159 0.30975236853167565 0.03761074614837609
vn -0.7596233743785699 0.5496805495971732 -0.3475969253204995
vn -0.45352386135701184 0.2822284916071974 -0.8453775403362406
vn -0.9229260841444705 0.38497719829329347 -2.917525362849016e-16
vn -0.7063792795484474 0.5482913736495614 -0.4476660395943537
vn -0.995806212278905 0.07732444218381435 0.04889701655216329
vn -0.3822900859288078 0.18483222578056965 -0.9053680679776294
vn -0.89008802773806 0.4524654478445428 -0.05493925176236102
vn -0.6487800159903448 0.5271466003430718 -0.548817777225109
vn -0.9866510597829857 0.14712569070091222 0.06981201447380611
vn -0.3086993661283386 0.07653655029917408 -0.9480753439575696
vn -0.8517618544690744 0.5087047081507319 -0.12538446146425855
vn -0.587180779026748 0.486274319999799 -0.6471136055209118
vn -0.9713603506483388 0.2253828553365164 0.07524385495636993
vn -0.8081840375021961 0.5506591267808217 -0.20883746699199357
vn -0.5219613770647359 0.42648457344488006 -0.7386929195993578
vn -0.9500730988991882 0.30572154343156016 0.062413497177437764
vn -0.7596233526520597 0.5758680731118284 -0.3022388533529638
vn -0.4535238299277088 0.3493379540403565 -0.8199262951964648
vn -0.9229260831958817 0.38372883819729564 0.030977793537667744
vn -0.7063792600866252 0.5825355857603588 -0.4020953024375039
vn -0.9958062117688994 0.07313913067075428 0.05496049642425183
vn -0.38229007505235385 0.2570847040509952 -0.8875594365784625
vn -0.8900880188537056 0.4554190322812159 -0.01835275807954547
vn -0.6487800316726854 0.569598720137672 -0.5046204202371475
vn -0.9866510556441023 0.14103110029951657 0.08142434000153911
vn -0.3086994329220584 0.15257676137870055 -0.9388423680260637
vn -0.8517618238791661 0.5171444452153388 -0.0840441441443483
vn -0.5871807651812999 0.5367685299499712 -0.60588637074657
vn -0.9713603587837408 0.2185973614120651 0.09313563747140796
vn -0.23306966025911002 0.05090675173726626 -0.9711266838545131
vn -0.8081840080414479 0.5656779867101124 -0.16385061640913906
vn -0.5219613767766331 0.48454164140897216 -0.7019798564732046
vn -0.9500731021093929 0.29970797238062064 0.08681147354890474
vn -0.7596233467139571 0.5983208402147524 -0.2549206607786036
vn -0.4535238410419967 0.4141817955562829 -0.7891575038205537
vn -0.9229260871925388 0.379991837171369 0.061754686159012216
vn -0.7063792801999687 0.6130018111063391 -0.3539167869493089
vn -0.9958062117732478 0.06847948543705662 0.06066752564667183
vn -0.38229007386944447 0.32766995569435736 -0.8639946177819352
vn -0.8900880188537056 0.4554190322812159 0.01835275807954547
vn -0.6487800528421611 0.608356718888961 -0.4571504627765132
vn -0.9866510573136849 0.1340218327713088 0.0925085911816159
vn -0.30869939741628644 0.22762741014521803 -0.9235206788076824
vn -0.8517618565222337 0.5222301950356899 -0.04215878516730233
vn -0.5871807898270223 0.5837814773508581 -0.5607297983522578
vn -0.9713603508433964 0.21039423888665282 0.11042342619525834
vn -0.23320546678006607 0.11721317435771375 -0.9653373928429789
vn -0.8081840670227878 0.5770280812614619 -0.11780113431636254
vn -0.5219613336672752 0.5394563698695422 -0.6607141523862307
vn -0.9500731018053606 0.29175069277988375 0.11064643911305433
vn -0.7596233595559363 0.6168932406744009 -0.20594922002083013
vn -0.4535238450305684 0.47633957920626585 -0.7532706865863602
vn -0.9229260778676128 0.37379047661841713 0.09213107174716584
vn -0.7063792620300126 0.6394925364092099 -0.3034429667183774
vn -0.9958062116456095 0.06337571853853174 0.06598111205295445
vn -0.3822900750963788 0.3961300653520394 -0.8348264908392605
vn -0.8900880033688983 0.45246549506141864 0.054939257708794154
vn -0.6487800530634283 0.6431693485967215 -0.4067156645282844
vn -0.9866510595401335 0.12614338056164556 0.10299288445718896
vn -0.3086993992668334 0.30120185020900153 -0.902209580043889
vn -0.851761869923529 0.5239291144271078 0
vn -0.5871808070900373 0.6270084528513701 -0.5119366170123245
vn -0.9713603580237719 0.20082657962913358 0.1269950383849423
vn -0.23320546747742876 0.19451047481348213 -0.9527753592145779
vn -0.8081840629912342 0.5846360150135282 -0.07098767693115621
vn -0.5219613405183302 0.5908725365277869 -0.6151633966528948
vn -0.9500731093789025 0.28190126611601507 0.13376383291940874
vn -0.15627370455524492 0.07947793440593258 -0.9845109380840551
vn -0.7596233696291479 0.631464856369011 -0.15564212631586358
vn -0.45352385064047 0.5354080272916728 -0.7124986745334196
vn -0.9229260800302395 0.3651649104253388 0.1219099626530602
vn -0.7063792571712807 0.6618358702543196 -0.25100124677550356
vn -0.995806211643333 0.057860932921732056 0.07086678554852184
vn -0.38229008519608265 0.4620211302858833 -0.8002441914379178
vn -0.8900880304221181 0.44657746392212694 0.09116944014391962
vn -0.6487800359094039 0.673810767601888 -0.3536432022097233
vn -0.9866510578519322 0.11744686900305484 0.11280923278279303
vn -0.3086993995502985 0.37282282152366125 -0.8750473269877587
vn -0.8517618565222337 0.5222301950356899 0.04215878516730233
vn -0.5871807815899222 0.6661690936915623 -0.4598233012164681
vn -0.9713603505420517 0.1899565357644991 0.14274306958718813
vn -0.23320546474479395 0.2705462841452918 -0.9340342174397785
vn -0.8081840303169239 0.5884524007029571 -0.023713819760211204
vn -0.5219613737670905 0.6384565619780751 -0.5656231455327017
vn -0.950073109810966 0.2702236436109523 0.15601368032240343
vn -0.15627372525706534 0.15844044353778378 -0.974923150123039
vn -0.7596233668367255 0.6419412050819635 -0.10432559500695034
vn -0.45352383239301697 0.5910041770774538 -0.6671058357776166
vn -0.9229260860947018 0.35417110410498676 0.1508982061621998
vn -0.07867625226755331 0.05204991165910636 -0.9955404833684122
vn -0.7063792825192484 0.6798869257106303 -0.19693165686435518
vn -0.9958062109493397 0.05197090622976587 0.07529286247962702
vn -0.38229007668285625 0.5249158896496974 -0.7604719627067671
vn -0.8900880286681313 0.437793258252438 0.12680837610502652
vn -0.6487800529552018 0.7000822479507901 -0.2982772015954518
vn -0.9866510561263083 0.10798865481863347 0.12189398621467108
vn -0.30869940798751233 0.44202597202749 -0.8422100186778309
vn -0.8517618238791661 0.5171444452153388 0.0840441441443483
vn -0.5871807969298182 0.7010092778799989 -0.40472793830303583
vn -0.9713603501805517 0.17785451262315047 0.1575653592535413
vn -0.23320547086049953 0.3448275377926176 -0.9092354906956797
vn -0.8081840302812261 0.5884524006769649 0.02371382162180891
vn -0.5219613229875117 0.681900013466299 -0.512414626001042
vn -0.9500731084962488 0.25679349507861743 0.17725176839056667
vn -0.1562737220313672 0.23637536074734383 -0.9590126238136941
vn -0.7596234015158421 0.6482542695174439 -0.05233249393930322
vn -0.45352383601390567 0.642767476956948 -0.6173865083832262
vn -0.92292608646905 0.34088037088809825 0.17890783006374014
vn -0.07865698115525092 0.11967158659896687 -0.9896927759039311
vn -0.7063792709458502 0.6935286887728097 -0.14158489830160664
vn -0.995806211335731 0.045743819057072366 0.07923062844160296
vn -0.3822900973221174 0.5844063792959208 -0.7157677453809149
vn -0.8900880343470655 0.42616978890588303 0.16162488093140895
vn -0.6487800263244357 0.7218134759303906 -0.2409767279380977
vn -0.986651059395478 0.09783007914193663 0.13018818152529676
vn -0.3086993889936637 0.5083623359862639 -0.8039107056045015
vn -0.8517618560604839 0.5087047091011824 0.1253844467973628
vn -0.5871808146165157 0.731303181989044 -0.3470077044663192
vn -0.9713603559503619 0.16459902621660377 0.1713657476175804
vn -0.23320549006532146 0.41687245870124506 -0.8785400119401348
vn -0.8081840629912342 0.5846360150135282 0.07098767693115621
vn -0.5219613451408601 0.7209210586047586 -0.4558828593388198
vn -0.9500731020368223 0.2416979617249846 0.19734030527015414
vn -0.15627372638728784 0.3127773478949743 -0.9368825182939521
vn -0.7596233994658091 0.6503631992848362 0
vn -0.4535238126246197 0.6903621523114843 -0.5636632416951487
vn -0.9229260895965178 0.3253789023119213 0.2057571458597962
vn -0.07863942451829938 0.19859744401566645 -0.9769211309731585
vn -0.7063792432259125 0.7026726687416486 -0.08531990004141261
vn -0.9958062115603963 0.03922007583246937 0.08265455020400635
vn -0.3822900668467838 0.6401066806181512 -0.6664215949519445
vn -0.8900880073182078 0.41178249644903997 0.19539323132211764
vn -0.6487800107979044 0.7388634341999354 -0.18211348986648032
vn -0.9866510588861618 0.08703704887406558 0.1376380765708006
vn -0.30869939983185135 0.5714018355966385 -0.760397674128641
vn -0.8517618415622521 0.49696589894950016 0.16591160459653187
vn -0.587180779442286 0.7568543374920118 -0.2870370081942
vn -0.9713603483360744 0.15027609815949255 0.18405479619498752
vn -0.2332054789276894 0.48621370672056025 -0.8421469206707106
vn -0.808184047058933 0.5770281095642344 0.11780113264383453
vn -0.5219613290863272 0.7552666631115569 -0.39639454906793165
vn -0.9500731038285324 0.2250349327267299 0.21614896815459186
vn -0.15627372357473043 0.38715079656198864 -0.9086763912645174
vn -0.7596233469536641 0.6482543334252744 0.05233249428669228
vn -0.45352380305525875 0.7334796002285279 -0.5062843431421651
vn -0.9229260834716622 0.30776724725051063 0.2312720604991046
vn -0.07861307174322611 0.2762463061511185 -0.9578663598273804
vn -0.7063792594273989 0.7072595008521423 -0.02850158425733613
vn -0.9958062116110925 0.032441966053767306 0.0855424324842954
vn -0.38229008994163227 0.6916556265175255 -0.6127534426170675
vn -0.8900880321068887 0.39472455245362936 0.22789432373441978
vn -0.6487800306412362 0.7511215606269958 -0.1220691320622166
vn -0.9866510589479659 0.07567954777658531 0.14419533253607525
vn -0.3086993988765611 0.6307355158201569 -0.7119532219298754
vn -0.851761844825361 0.48200406165875304 0.20536271386053098
vn -0.5871807818953692 0.7774969784600061 -0.22520474652702918
vn -0.9713603522406249 0.13497853646343347 0.19555014903895784
vn -0.23320547304266467 0.5524017346953404 -0.8002921534343104
vn -0.808184035291016 0.5656779461784512 0.16385062193369596
vn -0.5219613299777087 0.7847141006556618 -0.33433538586287465
vn -0.9500730998657684 0.20691243800823958 0.233555877487457
vn -0.15627372675718817 0.4590134741345003 -0.874577128038686
vn -0.7596233662462805 0.6419412045829913 0.10432560237644024
vn -0.4535238321075681 0.7718400744628331 -0.4456220743675911
vn -0.922926076864628 0.2881596115131605 0.2552870833705672
vn -0.07857794180197573 0.3521188437305459 -0.9326509673784877
vn -0.7063792594273989 0.7072595008521423 0.02850158425733613
vn -0.9958062104130658 0.02545346116079431 0.08787555187709957
vn -0.3822900822433453 0.7387189616852994 -0.5551113299735194
vn -0.8900880211923142 0.37510672187924754 0.2589174805434255
vn -0.6487800428269418 0.7585083783042579 -0.061233128874137205
vn -0.9866510589504943 0.06383124712957326 0.14981742142271642
vn -0.30869939363164645 0.6859786385999651 -0.6588914870872079
vn -0.8517618425065621 0.46391622570491214 0.24348203050232647
vn -0.5871807473512454 0.7930972760787268 -0.16191195328491562
vn -0.9713603581204667 0.1188055765024256 0.20577728170039805
vn -0.2332054812270667 0.615007278305885 -0.7532471381667774
vn -0.8081840606903884 0.5506591019683411 0.20883744268069987
vn -0.5219613316345325 0.80907231610683 -0.270108044285681
vn -0.9500731031663823 0.18744803574207228 0.2494480557876517
vn -0.15627372178336213 0.5278992623664268 -0.8348059011967744
vn -0.7596233696291479 0.631464856369011 0.15564212631586358
vn -0.45352385335390516 0.8051948704903145 -0.3820698037991374
vn -0.9229260730233043 0.26668310301714515 0.27764651321226613
vn -0.07853401991640525 0.4257272668421975 -0.9014370205304649
vn -0.7063792427768794 0.7026726682949717 0.0853199074377569
vn -0.9958062121483797 0.018299879413514537 0.08963873191956237
vn -0.3822900964260638 0.7809914377786783 -0.4938690679633051
vn -0.8900880310509885 0.3530561364806221 0.28826144638704354
vn -0.6487800322366509 0.7609759981569787 -5.508381648608585e-16
vn -0.986651056384041 0.05156896228962444 0.15446790949782105
vn -0.3086994029721041 0.7367729633884033 -0.6015565468221064
vn -0.851761841160553 0.44281972662235436 0.2800222413610895
vn -0.5871808078429681 0.803553958787661 -0.0975691253294685
vn -0.9713603574527095 0.10186212961669992 0.21466989197205733
vn -0.2332054660831698 0.6736242135258531 -0.7013170677665042
vn -0.8081840739629761 0.5320690186589103 0.2524699229135048
vn -0.5219613359990911 0.8281834199007251 -0.20412884833747333
vn -0.9500731086821592 0.1667679821192667 0.2637224455727767
vn -0.1562737189860882 0.593361363809662 -0.7896206789922583
vn -0.7596233595559363 0.6168932406744009 0.20594922002083013
vn -0.4535238362698494 0.8333277551464607 -0.3160395267013913
vn -0.9229260848312104 0.24347706575039949 0.2982052319992201
vn -0.07848132461365018 0.4965980984768251 -0.8644252485183945
vn -0.7063792986555203 0.6935286563737353 0.14158491875682508
vn -0.9958062109752951 0.011027617311161085 0.09082060250551434
vn -0.3822900557077483 0.8181988987909019 -0.4294238876964368
vn -0.8900880193542665 0.3287159195616144 0.3157359055108574
vn -0.6487800428269418 0.7585083783042579 0.061233128874137205
vn -0.9866510589649712 0.03897223978334383 0.15811657841469523
vn -0.30869939610652136 0.782789043605075 -0.5403202717419744
vn -0.85176183797311 0.41885138543492767 0.31474638725791715
vn -0.5871807735941098 0.808799358901178 -0.03259349877607673
vn -0.971360352152294 0.08425808181351546 0.22217029935542304
vn -0.23320546706988318 0.7278724300526835 -0.6448386896720132
vn -0.8081840449633679 0.510028373186515 0.2944649520933958
vn -0.5219613775519819 0.8419233940141552 -0.13682587092989087
vn -0.950073105607646 0.14500635597229578 0.27628653736416225
vn -0.15627373576450182 0.6549754067936471 -0.7393143688619228
vn -0.7596233738041775 0.598320801947843 0.2549206698697629
vn -0.453523840951616 0.8560561471132329 -0.24795967147530326
vn -0.9229260800522642 0.21869196276049346 0.3168300430567227
vn -0.07841984962390919 0.5642757440766496 -0.821853522126484
vn -0.7063792825192484 0.6798869257106303 0.19693165686435518
vn -0.9955602846541793 0.004738417901757498 0.09400673920032375
vn -0.38229007064431275 0.8500999927407918 -0.3621937385279761
vn -0.8900880405467172 0.30224377554981074 0.3411626887822012
vn -0.6487800294611236 0.7511215592607268 0.12206914674133708
vn -0.9866510580270934 0.026122765484835084 0.16073982337131373
vn -0.30869939768328525 0.823728438057206 -0.4755797958343191
vn -0.8517618394288173 0.3921666244299366 0.34742928428108427
vn -0.5871807735941098 0.808799358901178 0.03259349877607673
vn -0.9713603522445379 0.0661075803744344 0.22822982693855995
vn -0.23320546882328685 0.7774000809254198 -0.5841783319227628
vn -0.8081840459488909 0.48467985891673565 0.33455041807496505
vn -0.5219613386588269 0.8502032279524778 -0.06863550192627933
vn -0.9500731027788705 0.12230432518567767 0.2870587943558007
vn -0.1562737212817605 0.7123416003864234 -0.68421339390256
vn -0.759623397094552 0.5758680020128051 0.3022388771225706
vn -0.4535238266578331 0.8732326857438386 -0.17827174538394563
vn -0.9229260801484066 0.1924885983132141 0.33340004514293514
vn -0.07834958187741964 0.6283249180924091 -0.7739955686719406
vn -0.7063792571712807 0.6618358702543196 0.25100124677550356
vn -0.38229004146571044 0.8764878648522377 -0.29261467318456724
vn -0.8900880098374739 0.2738115154797936 0.3643769871084391
vn -0.6487800107979044 0.7388634341999354 0.18211348986648032
vn -0.9866510564362941 0.013103873382221465 0.16232061278693793
vn -0.30869940490223685 0.8593256035312963 -0.4077550545714651
vn -0.8517618489023477 0.3629384812889975 0.37785898368847914
vn -0.5871807797196217 0.8035539799056474 0.0975691206563418
vn -0.9713603569210435 0.047528340018200645 0.23280917915180463
vn -0.23320548269788316 0.821886063799829 -0.5197292573747133
vn -0.808184046504354 0.4561880933252352 0.372466066218299
vn -0.521961348571944 0.8529691381269063 -5.457860681299646e-16
vn -0.950073111344919 0.09880909202704269 0.2959693336009261
vn -0.15627372529230535 0.7650879750935775 -0.6246750460443209
vn -0.7596233743785699 0.5496805495971732 0.3475969253204995
vn -0.45352380291522193 0.8847459921243617 -0.1074276017101475
vn -0.9229260800130339 0.1650368592215907 0.34780782902351093
vn -0.0782705292335713 0.6883337237643943 -0.7211590732855957
vn -0.7063792556420089 0.6394925306260834 0.30344299377657313
vn -0.3822901007575659 0.8971913589907804 -0.2211378398534422
vn -0.8900880184529778 0.2436034819386726 0.3852280662072876
vn -0.6487800263244357 0.7218134759303906 0.2409767279380977
vn -0.30869936696409556 0.8893497515193032 -0.33728581397461765
vn -0.851761840910544 0.33135659396496375 0.4058381130507821
vn -0.587180812746024 0.7930972242947346 0.16191196978267522
vn -0.9713603556969896 0.028640859815335262 0.23587869876115575
vn -0.23320547777072842 0.8610417673283163 -0.4519095927880439
vn -0.8081840286269542 0.4247377519858872 0.4079661970191666
vn -0.5219613386588269 0.8502032279524778 0.06863550192627933
vn -0.950073104114815 0.07467304021870767 0.3029604494024509
vn -0.15627371840869242 0.8128725069754592 -0.5610853877425013
vn -0.7596233906233674 0.5199281452186739 0.390700688798124
vn -0.45352381880261755 0.8905213556212935 -0.03588677975388907
vn -0.9229260826504546 0.1365147999285073 0.3599599357761442
vn -0.07818269235004156 0.7439162373427975 -0.6636837337426866
vn -0.7063792801999687 0.6130018111063391 0.3539167869493089
vn -0.3822900767427701 0.9120762621452557 -0.14822681692307188
vn -0.8900880299058984 0.2118155379618154 0.4035808182956456
vn -0.6487800529552018 0.7000822479507901 0.2982772015954518
vn -0.3086993900187518 0.913606079965483 -0.26462920710336174
vn -0.8517618340305241 0.29762569632378305 0.4311852536633662
vn -0.5871807818953692 0.7774969784600061 0.22520474652702918
vn -0.9711344721873906 0.012426577359673107 0.238208767900013
vn -0.2332054714674656 0.8946132813547437 -0.3811591333043656
vn -0.8081840352606758 0.39053282508396475 0.44082045969045913
vn -0.5219613331220365 0.8419234184909365 0.13682588980891633
vn -0.9500731113291813 0.050052712989075356 0.30798670271900086
vn -0.15627371980884613 0.8553852283487821 -0.4938568979166013
vn -0.7596233531189056 0.48680389209816805 0.4312706018666998
vn -0.45352381880261755 0.8905213556212935 0.03588677975388907
vn -0.9229260850360211 0.10710738793455928 0.3697775669370962
vn -0.07808607986743807 0.794715064189097 -0.6019389760447943
vn -0.7063792600866252 0.5825355857603588 0.4020953024375039
vn -0.3822900543302843 0.9210459921988853 -0.07435451979886196
vn -0.8900880400446098 0.17865391442706413 0.41931618121583647
vn -0.6487800359094039 0.673810767601888 0.3536432022097233
vn -0.30869937132010034 0.931937342626109 -0.19025637325871947
vn -0.8517618389208979 0.2619645958126012 0.4537359587897248
vn -0.5871807844652471 0.7568543439664231 0.2870369808472986
vn -0.23320547196563007 0.9223829089889208 -0.3079366445397887
vn -0.8081840689398836 0.3537951329545535 0.4708157968987907
vn -0.521961332823732 0.8281834148624596 0.20412887689797507
vn -0.9500731008469508 0.025107776161286507 0.31101559868163225
vn -0.15627372448367377 0.8923504457354342 -0.4234255602012859
vn -0.7596233613628538 0.4505224600953557 0.4690435606864548
vn -0.45352385014125296 0.884745966510338 0.10742761328793646
vn -0.9229260832009251 0.0770053279906709 0.3771970630962661
vn -0.07798066673715404 0.8404034309809109 -0.5363218145952506
vn -0.7063792496848316 0.5482913967345396 0.4476660584426545
vn -0.3822900752862318 0.9240423682589708 -8.12441837001389e-16
vn -0.8900880007875734 0.14433368700484892 0.4323322075089558
vn -0.6487800530634283 0.6431693485967215 0.4067156645282844
vn -0.308699408027457 0.9442246229237435 -0.11464962689870473
vn -0.8517618353180358 0.2246045367071724 0.4733440376578197
vn -0.5871807560401803 0.7313032428743996 0.3470076752716995
vn -0.23320546249961357 0.9441705145175291 -0.2327171067542005
vn -0.808184044963546 0.314762956678143 0.49775780312275825
vn -0.5219613316345325 0.80907231610683 0.270108044285681
vn -0.1562737360269007 0.923528423846323 -0.3502481545649041
vn -0.7596233700160105 0.4113192077593631 0.5037745974676863
vn -0.4535238266578331 0.8732326857438386 0.17827174538394563
vn -0.922926089234992 0.04640387476411643 0.38217026861894904
vn -0.07786646549447485 0.8806874824564515 -0.46725407627533344
vn -0.7063792348760946 0.5104913116117802 0.4903335571881121
vn -0.3822900753174809 0.9210459831583933 0.07435452388082252
vn -0.8900880215092289 0.10907737162674948 0.44254428136039264
vn -0.6487800293168214 0.6083567564340504 0.4571504461998323
vn -0.30869937397532127 0.9503882667270837 -0.038299333868022874
vn -0.8517618573702216 0.18578783727890089 0.4898822489624002
vn -0.5871807969298182 0.7010092778799989 0.40472793830303583
vn -0.23320546499002623 0.9598348038952023 -0.1559883339556015
vn -0.8081840601735983 0.2736894098528307 0.5214716021182046
vn -0.5219613299777087 0.7847141006556618 0.33433538586287465
vn -0.15627372123840158 0.9487169895390286 -0.27479919543241954
vn -0.7596233630510466 0.3694484303590733 0.5352384549079363
vn -0.45352386127264166 0.8560561292166619 0.2479596960938201
vn -0.9226802295086097 0.020150828467933424 0.3850391385119118
vn -0.07774349281833591 0.9153079962766543 -0.3951799859259343
vn -0.7063792419344451 0.46938047287697626 0.5298210436042574
vn -0.3822901021896114 0.9120762517538498 0.1482268152343041
vn -0.8900880125123164 0.07311364187373047 0.4498863471520716
vn -0.6487800341854136 0.5695986627390871 0.5046204817961883
vn -0.30869937397532127 0.9503882667270837 0.038299333868022874
vn -0.8517618374654811 0.14576623178026324 0.5032434578909196
vn -0.5871808049049756 0.6661690605383407 0.45982331947456706
vn -0.23320547658911403 0.969274198849828 -0.0782478953893877
vn -0.8081840507025614 0.23084088327674562 0.5418034946343661
vn -0.5219613290863272 0.7552666631115569 0.39639454906793165
vn -0.15627372014250962 0.9677527391687261 -0.1975681154038993
vn -0.7596233447554104 0.32518163153988205 0.563231107638475
vn -0.4535238362698494 0.8333277551464607 0.3160395267013913
vn -0.07761172709014773 0.9440423552792936 -0.32056271033420053
vn -0.7063792868293667 0.42522555134213713 0.5658723651356466
vn -0.38229007531072456 0.8971913692126007 0.22113784237289497
vn -0.8900880237501148 0.036675743840877385 0.45431068641441136
vn -0.6487800159903448 0.5271466003430718 0.548817777225109
vn -0.3086993906538012 0.9442246293872626 0.11464962044620403
vn -0.8517618530065236 0.1047992899634655 0.5133408756236412
vn -0.5871808070900373 0.6270084528513701 0.5119366170123245
vn -0.23320548059090349 0.9724274799810863 -5.379815903536749e-16
vn -0.8081840335059495 0.18649527565161955 0.5586215894016991
vn -0.5219613309577417 0.7209210390153601 0.4558829065558793
vn -0.15627371962407832 0.9805122424137221 -0.11905573078045825
vn -0.759623352186751 0.27880588301366854 0.5875709679770875
vn -0.45352384191593265 0.8051949097877651 0.38206973455860754
vn -0.07747117351861832 0.9667056105420955 -0.24388210229552074
vn -0.706379273095547 0.37831284455143277 0.5982538877336361
vn -0.38229004146571044 0.8764878648522377 0.29261467318456724
vn -0.6487800113047016 0.481275754359132 0.5894558042784208
vn -0.30869939740722574 0.9319373314102435 0.1902563858701452
vn -0.851761812895389 0.06315268538800971 0.5201091735601704
vn -0.5871807898270223 0.5837814773508581 0.5607297983522578
vn -0.23320547645315703 0.9692741982847485 0.07824790279435019
vn -0.8081840509989107 0.14094017852845123 0.5718167589248836
vn -0.5219613229875117 0.681900013466299 0.512414626001042
vn -0.15627372591710387 0.9869127479973526 -0.03977122613523133
vn -0.7596233892331196 0.2306219877476714 0.608100160579901
vn -0.45352382929958107 0.7718400607991251 0.4456221008916044
vn -0.07732181809681674 0.983151888985096 -0.16563121575125964
vn -0.7063792828077227 0.32894664463205836 0.6267554657163812
vn -0.38229007064431275 0.8500999927407918 0.3621937385279761
vn -0.6487800138669457 0.4322836569505629 0.6262709745311961
vn -0.3086993900187518 0.913606079965483 0.26462920710336174
vn -0.8514927406996786 0.027429447736295614 0.5236484869954574
vn -0.5871807839675002 0.5367684875186438 0.6058863901312355
vn -0.23320546499002623 0.9598348038952023 0.1559883339556015
vn -0.8081840287754445 0.09447101516511273 0.5813035376857469
vn -0.5219613737670905 0.6384565619780751 0.5656231455327017
vn -0.15627374043120354 0.986912745552948 0.03977122976201555
vn -0.7596233947813095 0.18094241296676267 0.6246856339717478
vn -0.45352380305525875 0.7334796002285279 0.5062843431421651
vn -0.07716369652865186 0.9932752878512202 -0.08631318834401736
vn -0.7063792499914785 0.27744714022678774 0.65119232148533
vn -0.3822901203526415 0.8181988499736855 0.4294239231604373
vn -0.6487800430833061 0.38048800543969336 0.6590245317234763
vn -0.30869936696409556 0.8893497515193032 0.33728581397461765
vn -0.587180779026748 0.486274319999799 0.6471136055209118
vn -0.2332054608822146 0.9441705079692244 0.23271713494251006
vn -0.808184063025389 0.04738917804615426 0.5870202603623523
vn -0.5219613405183302 0.5908725365277869 0.6151633966528948
vn -0.15627371962407832 0.9805122424137221 0.11905573078045825
vn -0.7596233755527034 0.130089362091757 0.6372198091588774
vn -0.45352385495904235 0.6903621117834269 0.563663257270701
vn -0.0718322317380009 0.9974167285961962 0
vn -0.7063792549063997 0.224148220246453 0.6714059305652783
vn -0.3822900766059383 0.7809914581715972 0.4938690510566826
vn -0.6487800069173677 0.32622472388451806 0.6875041324608677
vn -0.30869940490223685 0.8593256035312963 0.4077550545714651
vn -0.5871807767791479 0.43262644386071303 0.6841440604532572
vn -0.23320546982545032 0.9223829005240026 0.3079366715161066
vn -0.5219613336672752 0.5394563698695422 0.6607141523862307
vn -0.15627371968244064 0.9677527363196672 0.19756812972342075
vn -0.7596233833478334 0.0783926222781819 0.6456213381259487
vn -0.4535238533892777 0.6427674419779627 0.617386532036493
vn -0.07716369657827454 0.9932752884899789 0.0863131809489433
vn -0.7063792662881039 0.16939566355438543 0.6872651899574498
vn -0.3822900822433453 0.7387189616852994 0.5551113299735194
vn -0.6487800419279443 0.26984584083387225 0.7115248972317381
vn -0.30869939768328525 0.823728438057206 0.4755797958343191
vn -0.5871807773283119 0.376172860174801 0.7167375489005925
vn -0.2332054741165462 0.8946132915170384 0.3811591078317919
vn -0.5219613767766331 0.48454164140897216 0.7019798564732046
vn -0.15627371995857384 0.9487169817693644 0.274799222984231
vn -0.7593386955639764 0.03405016744250902 0.6498040716372404
vn -0.45352383239301697 0.5910041770774538 0.6671058357776166
vn -0.07732181809681674 0.983151888985096 0.16563121575125964
vn -0.7063792514512189 0.113544489141091 0.6986673043050637
vn -0.3822900644947914 0.6916556343976494 0.6127534495982485
vn -0.6487800417641225 0.21171682873022646 0.7309312155332808
vn -0.30869939610652136 0.782789043605075 0.5403202717419744
vn -0.5871807820951248 0.31727966061563345 0.7446827150523813
vn -0.23320547777072842 0.8610417673283163 0.4519095927880439
vn -0.5219613770647359 0.42648457344488006 0.7386929195993578
vn -0.15627373765811847 0.9235284334863049 0.3502481284185448
vn -0.45352385064047 0.5354080272916728 0.7124986745334196
vn -0.07747117323707826 0.9667056070289648 0.24388211631038326
vn -0.7063792748330929 0.05695694154717633 0.7055382533186032
vn -0.3822900516615258 0.6401066551919475 0.6664216280851073
vn -0.648780033054735 0.1522147620672753 0.7455971666512017
vn -0.3086993894155419 0.7367729906375949 0.6015565204046963
vn -0.587180779772675 0.2563287556787546 0.7677983464932278
vn -0.23320546860711847 0.8218860666559096 0.5197292591807893
vn -0.5219613777786632 0.36566152244405714 0.7706153198005433
vn -0.15627372448367377 0.8923504457354342 0.4234255602012859
vn -0.4535238450305684 0.47633957920626585 0.7532706865863602
vn -0.07761172042591105 0.9440423648441089 0.32056268377974484
vn -0.3822901360853973 0.5844063333898771 0.7157677621586546
vn -0.6487800255031171 0.09172551762403308 0.7554276324869101
vn -0.30869939363164645 0.6859786385999651 0.6588914870872079
vn -0.5871807882388033 0.19371546638414816 0.7859345010920629
vn -0.23320548022824336 0.7774001288753214 0.5841782635601467
vn -0.5219613962414955 0.30246705122167866 0.7975399574685212
vn -0.15627371980884613 0.8553852283487821 0.4938568979166013
vn -0.4535238229676385 0.4141817764645534 0.7891575242278852
vn -0.07774348632839388 0.9153080075866714 0.3951799610066591
vn -0.38229007668285625 0.5249158896496974 0.7604719627067671
vn -0.6484967225895472 0.039840909083020355 0.7601741266013035
vn -0.3086993988765611 0.6307355158201569 0.7119532219298754
vn -0.5871807989058749 0.12984585886312613 0.7989735679810411
vn -0.23320546822406205 0.7278723740504197 0.6448387524680893
vn -0.5219613367288662 0.2373109037217785 0.8192923153154603
vn -0.15627371840869242 0.8128725069754592 0.5610853877425013
vn -0.4535238299277088 0.3493379540403565 0.8199262951964648
vn -0.0778664718155706 0.8806874696817208 0.46725409929994505
vn -0.3822901034306587 0.4620211523234924 0.8002441700035361
vn -0.30869939983185135 0.5714018355966385 0.760397674128641
vn -0.5871807914981797 0.06513413767063378 0.8068309997796775
vn -0.2332054660831698 0.6736242135258531 0.7013170677665042
vn -0.5219612848060946 0.17061573693333265 0.8357312292084499
vn -0.15627371816578647 0.7650879998080694 0.624675017557392
vn -0.4535238178266998 0.2822284718079533 0.8453775702991189
vn -0.07798065933188035 0.8404034314691862 0.5363218149068542
vn -0.38229007058321646 0.3961300904778105 0.8348264809836359
vn -0.3086994037855543 0.5083623603453665 0.803910684520694
vn -0.23320548977574776 0.6150072412457387 0.7532471657787765
vn -0.5219613407165976 0.10281408017254695 0.8467500361473892
vn -0.1562737212817605 0.7123416003864234 0.68421339390256
vn -0.45352384923174777 0.21328869685460006 0.8653462023791895
vn -0.07808607246228674 0.7947150646514516 0.6019389763949944
vn -0.38229005418223544 0.32766993881998013 0.8639946328925048
vn -0.3086993924909167 0.4420259498379504 0.8422100360038443
vn -0.23320547304266467 0.5524017346953404 0.8002921534343104
vn -0.5217025807168273 0.044655836529064054 0.851957905965601
vn -0.15627373576450182 0.6549754067936471 0.7393143688619228
vn -0.4535238282064665 0.14296561906024158 0.8797027731090049
vn -0.07818269938119253 0.7439162929565266 0.6636836705775496
vn -0.38229002938134926 0.2570846933795291 0.8875594593409282
vn -0.30869942651259874 0.37282281809370643 0.8750473189373588
vn -0.2332054755484726 0.4862137294775004 0.8421469084677511
vn -0.15627372634112024 0.5933613917362506 0.7896206565511572
vn -0.4535238406589447 0.07171535431513187 0.888354115153082
vn -0.07827054000292169 0.6883337529506175 0.7211590442590105
vn -0.3822900604819671 0.18483222788638756 0.9053680782926071
vn -0.3086993992668334 0.30120185020900153 0.902209580043889
vn -0.23320546767837352 0.41687241235214323 0.8785400398755971
vn -0.15627372178336213 0.5278992623664268 0.8348059011967744
vn -0.0783495737922937 0.6283248533990243 0.7739956220080708
vn -0.3822900690134035 0.11138100285574198 0.9173050612182275
vn -0.30869939741628644 0.22762741014521803 0.9235206788076824
vn -0.23320547086049953 0.3448275377926176 0.9092354906956797
vn -0.15627372461941544 0.459013497657671 0.8745771160747612
vn -0.07841984962390919 0.5642757440766496 0.821853522126484
vn -0.3820813547079776 0.04837511417602167 0.9228616834135944
vn -0.3086994066616077 0.15257674822813314 0.9388423787979003
vn -0.23320546474479395 0.2705462841452918 0.9340342174397785
vn -0.15627372177164528 0.3871508218973676 0.9086763807802154
vn -0.07848132461365018 0.4965980984768251 0.8644252485183945
vn -0.30869939291460585 0.07653655700197713 0.948075334694684
vn -0.23320546747742876 0.19451047481348213 0.9527753592145779
vn -0.15627372638728784 0.3127773478949743 0.9368825182939521
vn -0.07853402091281826 0.4257272424413587 0.9014370319675922
vn -0.23320546698372582 0.11721316700949615 0.965337393686014
vn -0.1562737220313672 0.23637536074734383 0.9590126238136941
vn -0.07857794452096178 0.3521189155193518 0.9326509400458117
vn -0.23306966017071024 0.05090675916853876 0.9711266834861795
vn -0.15627372525706534 0.15844044353778378 0.974923150123039
vn -0.07861305693415448 0.2762463064747206 0.9578663609494501
vn -0.15627370455524492 0.07947793440593258 0.9845109380840551
vn -0.07863942428557916 0.19859745832911152 0.9769211280821238
vn -0.07865698115525092 0.11967158659896687 0.9896927759039311
vn -0.07867625965675963 0.052049915343793246 0.9955404825918062
vn -0.03443487077784298 -0.03443487077784298 -0.9988135358258952
vn -0.03787907570612489 -0.08252007481802076 -0.9958692749932986
vn -0.03787908035041399 -0.16447647250304273 -0.9856534204601345
vn -0.03787907510675833 -0.24530928842430294 -0.9687045621250159
vn -0.03787907937441798 -0.3244664651400722 -0.9451384493000233
vn -0.037879078435314774 -0.40140714028076224 -0.9151161036439648
vn -0.03787907604720511 -0.47560578825980804 -0.8788425966983945
vn -0.03787907555218534 -0.546555633943752 -0.8365656666632068
vn -0.03787907832107971 -0.6137719546366024 -0.7885741329305126
vn -0.03787908100362327 -0.6767955080662643 -0.7351959027930228
vn -0.03787908100362327 -0.7351959027930228 -0.6767955080662643
vn -0.03787907832107971 -0.7885741329305126 -0.6137719546366024
vn -0.03787907555218534 -0.8365656666632068 -0.546555633943752
vn -0.03787907604720511 -0.8788425966983945 -0.47560578825980804
vn -0.037879078435314774 -0.9151161036439648 -0.40140714028076224
vn -0.03787907937441798 -0.9451384493000233 -0.3244664651400722
vn -0.03787907510675833 -0.9687045621250159 -0.24530928842430294
vn -0.03787908035041399 -0.9856534204601345 -0.16447647250304273
vn -0.03787907570612489 -0.9958692749932986 -0.08252007481802076
vn -0.037879080703289526 -0.9992823300974923 -1.1099686300103203e-15
vn -0.08256182600473969 -0.02059634347728651 -0.9963730905248941
vn -0.16440321749273124 -0.03398604368982197 -0.9858075526756482
vn -0.2454362243627479 -0.02003475675646694 -0.9692056893623089
vn -0.3243224888365515 -0.032591119102346564 -0.9453849703642013
vn -0.401623454079115 -0.018926849419518277 -0.9156092919496897
vn -0.4753961001492496 -0.03030875719681833 -0.8792496387261521
vn -0.5468662972132924 -0.017302742211820883 -0.8370411388242363
vn -0.6135033399471931 -0.02720156511735494 -0.7892234960572354
vn -0.6772031778174511 -0.015206624740562674 -0.7356389158533864
vn -0.7348767678160538 -0.023355046793014467 -0.6777984050685911
vn -0.7890769122863466 -0.01269556190077404 -0.614163210559432
vn -0.836205042913854 -0.018875736239006836 -0.5480919929964997
vn -0.8794311841432284 -0.009837982200453035 -0.47592437052819936
vn -0.9147228289793959 -0.013889950204960679 -0.4038430579163576
vn -0.9457959288100236 -0.006711814378939232 -0.32469218129503435
vn -0.9682840068091413 -0.008548570760844362 -0.24970583512521638
vn -0.9863555921849831 -0.0034023671978169394 -0.1645936501292266
vn -0.9953540641406154 -0.003128436418495818 -0.09623149112600726
vn -0.9993058310408384 -0.026342514552647904 -0.02634251269000278
vn -0.9993058310408384 -0.02634251269000278 0.026342514552647904
vn -0.9953540641406154 -0.003128436418495818 0.09623149112600726
vn -0.9863555921849831 -0.0034023671978169394 0.1645936501292266
vn -0.9682839996033517 -0.008548570697227486 0.24970586306927398
vn -0.9457959288100236 -0.006711814378939232 0.32469218129503435
vn -0.9147228289793959 -0.013889950204960679 0.4038430579163576
vn -0.8794311841432284 -0.009837982200453035 0.47592437052819936
vn -0.836205042913854 -0.018875736239006836 0.5480919929964997
vn -0.7890769122863466 -0.01269556190077404 0.614163210559432
vn -0.7348767951676372 -0.02335504949327333 0.6777983753206475
vn -0.6772031778174511 -0.015206624740562674 0.7356389158533864
vn -0.6135033399471931 -0.02720156511735494 0.7892234960572354
vn -0.5468662972132924 -0.017302742211820883 0.8370411388242363
vn -0.4753961001492496 -0.03030875719681833 0.8792496387261521
vn -0.401623454079115 -0.018926849419518277 0.9156092919496897
vn -0.3243224888365515 -0.032591119102346564 0.9453849703642013
vn -0.2454362243627479 -0.02003475675646694 0.9692056893623089
vn -0.16440321749273124 -0.03398604368982197 0.9858075526756482
vn -0.08256182600473969 -0.02059634347728651 0.9963730905248941
vn -0.03443487077784298 -0.03443487077784298 0.9988135358258952
vn -0.03787907570612489 -0.08252007481802076 0.9958692749932986
vn -0.03787908035041399 -0.16447647250304273 0.9856534204601345
vn -0.03787907510675833 -0.24530928842430294 0.9687045621250159
vn -0.03787907937441798 -0.3244664651400722 0.9451384493000233
vn -0.037879078435314774 -0.40140714028076224 0.9151161036439648
vn -0.03787907604720511 -0.47560578825980804 0.8788425966983945
vn -0.0378790767861816 -0.5465555921443874 0.8365656939162189
vn -0.03787907832107971 -0.6137719546366024 0.7885741329305126
vn -0.03787908100362327 -0.6767955080662643 0.7351959027930228
vn -0.03787908100362327 -0.7351959027930228 0.6767955080662643
vn -0.03787907832107971 -0.7885741329305126 0.6137719546366024
vn -0.03787907555218534 -0.8365656666632068 0.546555633943752
vn -0.03787907604720511 -0.8788425966983945 0.47560578825980804
vn -0.037879078435314774 -0.9151161036439648 0.40140714028076224
vn -0.03787907937441798 -0.9451384493000233 0.3244664651400722
vn -0.03787907510675833 -0.9687045621250159 0.24530928842430294
vn -0.03787908035041399 -0.9856534204601345 0.16447647250304273
vn -0.03787907570612489 -0.9958692749932986 0.08252007481802076
vn -0.08243212965885517 -0.05354418681553395 0.9951572559440889
vn -0.0824853241838576 -0.12327111295632749 0.9889390294678396
vn -0.08248532375027627 -0.20451603362686943 0.9753816501018181
vn -0.16440717949179895 -0.08145564085760433 0.9830235286624774
vn -0.08248532410459321 -0.28436386057815255 0.9551614345776579
vn -0.1644071818452481 -0.16235487467782317 0.9729394499279244
vn -0.2450533308901046 -0.05208793918436035 0.9681093489948287
vn -0.08248532569134737 -0.36226922298611786 0.9284164911948876
vn -0.1644071599912032 -0.242145025994825 0.9562092198518023
vn -0.24520596184693963 -0.119916420843699 0.9620260330608283
vn -0.08248532373783127 -0.4376999337165291 0.8953295144204793
vn -0.16440719127797204 -0.32028114331499286 0.9329470856875695
vn -0.24520594723686787 -0.19895031522434553 0.9488376128251893
vn -0.324329710404908 -0.07811545733775094 0.9427132195283902
vn -0.08248532801433708 -0.5101407317480955 0.8561265119559639
vn -0.16440719862895614 -0.3962293685009812 0.9033119951469107
vn -0.24520597368974548 -0.27662522172839843 0.9291676475053241
vn -0.3243297080304648 -0.15569727314049356 0.9330426569163321
vn -0.08248532652424499 -0.579096681165818 0.8110753385296114
vn -0.4010051445670794 -0.04921515978000888 0.9147528311399554
vn -0.16440717488259626 -0.4694709667123426 0.8675063643923899
vn -0.2452059363790386 -0.35241046197638987 0.9031505494955236
vn -0.3243297366736197 -0.23221554064364344 0.9169984539751421
vn -0.08248532506996988 -0.6440968469408337 0.7604836769510425
vn -0.4012379084354357 -0.11329922176328258 0.9089397269248337
vn -0.16440717746299968 -0.5395055966745216 0.825774782344144
vn -0.24520596036126652 -0.42578835448977503 0.8709640142877307
vn -0.3243297365602059 -0.3071475650717933 0.8946902230678816
vn -0.08248532132965423 -0.704697158985739 0.704697158985739
vn -0.40123790391609937 -0.1879718745518021 0.8964790677079397
vn -0.1644071986183132 -0.6058548871579597 0.7784022923587098
vn -0.47540526406660283 -0.07265057980189116 0.8767620704342841
vn -0.2452059487452089 -0.4962577123151963 0.8328279087948781
vn -0.32432974045457535 -0.37998137651966174 0.8662703809751843
vn -0.08248532506996988 -0.7604836769510425 0.6440968469408337
vn -0.4012379109228147 -0.2613605299263364 0.8778945336627401
vn -0.16440717948968023 -0.6680654913052398 0.7257126005929184
vn -0.47540517802940435 -0.14480487746889834 0.8677680935388484
vn -0.2452059519020701 -0.5633370834610663 0.7890027703052629
vn -0.5460393966467006 -0.04500437107247765 0.836549809571479
vn -0.32432972656584763 -0.45021962108552543 0.8319330028646108
vn -0.08248532652424499 -0.8110753385296114 0.579096681165818
vn -0.4012379106988183 -0.33296379917780217 0.8533131004825434
vn -0.16440717294301824 -0.7257125716951834 0.6680655243076442
vn -0.4754052807665454 -0.21597002671289575 0.8528462737099302
vn -0.24520596855730978 -0.6265683768618906 0.7397878764216993
vn -0.5463250318544721 -0.10360163524422276 0.8311411797907338
vn -0.324329735222262 -0.5173823855379174 0.7919126782579953
vn -0.08248532801433708 -0.8561265119559639 0.5101407317480955
vn -0.40123790588520886 -0.40229258027444686 0.822902681206581
vn -0.1644071986183132 -0.7784022923587098 0.6058548871579597
vn -0.4754052037579108 -0.285659842157308 0.8320987602553926
vn -0.245205942819322 -0.6855195276598937 0.6855195276598937
vn -0.5463249742724621 -0.1718828547790249 0.819747099244155
vn -0.32432971176118475 -0.5810108919067833 0.746482807273276
vn -0.6135127049154797 -0.06521165478081818 0.7869876752453236
vn -0.08248532813972648 -0.8953295025958075 0.43769995707473575
vn -0.40123792673249725 -0.46887328274781126 0.7868710001497694
vn -0.16440719196138648 -0.825774780321113 0.5395055953528094
vn -0.4754052634915377 -0.35339834369563733 0.8056670814410392
vn -0.24520594539453913 -0.7397878514963725 0.6265684153558583
vn -0.5463250100983553 -0.23898998612386937 0.8027532434525225
vn -0.3243297293269737 -0.6406704694121448 0.6959537170659511
vn -0.613512738943989 -0.12997784882306856 0.7789145511343155
vn -0.08248533220068552 -0.928416480600701 0.36226924865457566
vn -0.40123789374049085 -0.5322511642484954 0.7454641847753759
vn -0.6762009815837998 -0.03957114343369034 0.7356536937394224
vn -0.16440717488259626 -0.8675063643923899 0.4694709667123426
vn -0.4754052077615473 -0.4187228009137055 0.7737319331836974
vn -0.2452059519020701 -0.7890027703052629 0.5633370834610663
vn -0.5463250078096427 -0.3044645674084978 0.7802757929312879
vn -0.3243297293269737 -0.6959537170659511 0.6406704694121448
vn -0.6135127415011421 -0.1938561607245578 0.7655206757265851
vn -0.08248532410459321 -0.9551614345776579 0.28436386057815255
vn -0.401237931419921 -0.5919932076718413 0.6989650666952297
vn -0.6765095342088585 -0.09109144321959146 0.7307784883921291
vn -0.16440718218915734 -0.9033119866930867 0.39622939459511325
vn -0.475405208203032 -0.48118691825342613 0.7365113968671515
vn -0.24520597129604174 -0.8328278751719022 0.49625775759923335
vn -0.5463250202879276 -0.3678592987970723 0.7524682774017265
vn -0.32432971176118475 -0.746482807273276 0.5810108919067833
vn -0.6135127498516733 -0.2564102392092499 0.7468975130485397
vn -0.08248532400165245 -0.9753816530743192 0.2045160193489765
vn -0.4012379208525761 -0.6476913946053151 0.6476912753960209
vn -0.6765094930864483 -0.15112751577947564 0.7207602789681471
vn -0.16440719127797204 -0.9329470856875695 0.32028114331499286
vn -0.4754052346484596 -0.5403640140987055 0.6942597461584367
vn -0.7348850200613001 -0.05600462725237453 0.6758753502058094
vn -0.24520593362655263 -0.8709640318599586 0.4257883339413795
vn -0.5463249856399526 -0.4287412302376453 0.7195206512392929
vn -0.324329735222262 -0.7919126782579953 0.5173823855379174
vn -0.6135127480337355 -0.3172127571359796 0.7231722994627796
vn -0.0824853241838576 -0.9889390294678396 0.12327111295632749
vn -0.401237931419921 -0.6989650666952297 0.5919932076718413
vn -0.6765095429949258 -0.21013125275310218 0.705818457433077
vn -0.16440716876828826 -0.9562092112955994 0.2421450538232064
vn -0.4754052264668403 -0.595849944086685 0.6472655674295571
vn -0.7348850145892943 -0.11162668872044808 0.6689420734991938
vn -0.2452059363790386 -0.9031505494955236 0.35241046197638987
vn -0.5463250261516552 -0.4866944237489503 0.6816579081123246
vn -0.787934733774704 -0.033065762927219106 0.6148703201760735
vn -0.3243297309175709 -0.8319330140271465 0.45021959732406547
vn -0.6135127578691298 -0.3758484146142881 0.6945070663166363
vn -0.08248531812965407 -0.9957409494527449 0.041184145930147575
vn -0.4012379115687455 -0.7454641582940357 0.5322511878980793
vn -0.6765095080410132 -0.2676996026260594 0.6860552516262493
vn -0.1644071818452481 -0.9729394499279244 0.16235487467782317
vn -0.47540527260023063 -0.6472655490884064 0.595849927202466
vn -0.7348850014079951 -0.1664862240240444 0.6574392534035269
vn -0.2452059596845307 -0.9291676509003669 0.2766252227391465
vn -0.5463250287569996 -0.5413229473553481 0.6391388187398591
vn -0.7882402792846344 -0.07611643767860063 0.6106419163703073
vn -0.3243297561035479 -0.8662703431722152 0.379981449344709
vn -0.6135127193605527 -0.4319166713756259 0.661097672186659
vn -0.08248531811699894 -0.9957409492999756 -0.04118414964911928
vn -0.40123792673249725 -0.7868710001497694 0.46887328274781126
vn -0.6765095484389154 -0.323439265134823 0.6616055264581913
vn -0.16440717939202157 -0.9830235280658884 0.0814556482587502
vn -0.47540527738794847 -0.6942597054466293 0.5403640288035902
vn -0.7348849796789185 -0.22020851145714104 0.6414454599762524
vn -0.2452059603775868 -0.9488376040692622 0.1989503407873618
vn -0.5463250384471047 -0.5922537559897435 0.5922536963850975
vn -0.7882402474725758 -0.1262828846368761 0.6022706578542261
vn -0.3243297365602059 -0.8946902230678816 0.3071475650717933
vn -0.6135127371730553 -0.4850344819408722 0.6231722656334887
vn -0.8362109065150746 -0.04528716579131023 0.5465348959031141
vn -0.0824853241838576 -0.9889390294678396 -0.12327111295632749
vn -0.40123790588520886 -0.822902681206581 0.40229258027444686
vn -0.6765095252148718 -0.37696947097390654 0.6326364518799097
vn -0.1644071789110116 -0.9863925585295759 0
vn -0.47540521502057426 -0.7365114074290837 0.4811868953515586
vn -0.7348849893776727 -0.27242652027982484 0.6210699183148418
vn -0.24520596184693963 -0.9620260330608283 0.119916420843699
vn -0.5463250287569996 -0.6391388187398591 0.5413229473553481
vn -0.788240233914034 -0.17558666617945975 0.5897852628704212
vn -0.32432973442907537 -0.9169984476289968 0.23221556883890368
vn -0.6135127459413152 -0.5348389670667362 0.5809900084119638
vn -0.8362109755742569 -0.09026498449680488 0.5409283103174959
vn -0.08248532375027627 -0.9753816501018181 -0.20451603362686943
vn -0.4012379317216873 -0.8533130818112707 0.3329638216945712
vn -0.6765095196838711 -0.4279246755641682 0.5993457614936469
vn -0.8781836175122182 -0.02567138936976854 0.4776342886571061
vn -0.16440717939202157 -0.9830235280658884 -0.0814556482587502
vn -0.4754052077615473 -0.7737319331836974 0.4187228009137055
vn -0.7348849965198723 -0.3227835977871683 0.5964518345093417
vn -0.24520595778621032 -0.9686428469224753 0.04006336695872373
vn -0.5463250261516552 -0.6816579081123246 0.4866944237489503
vn -0.7882402560447679 -0.22369104683941285 0.5732709780848549
vn -0.3243297087829324 -0.9330426590810563 0.15569725860056072
vn -0.6135127263832122 -0.5809899898906494 0.5348390096213076
vn -0.8362109195346543 -0.13462619693233077 0.5316268288475904
vn -0.08248532410459321 -0.9551614345776579 -0.28436386057815255
vn -0.4012379109228147 -0.8778945336627401 0.2613605299263364
vn -0.6765095014306846 -0.47595664991142617 0.5619609967596494
vn -0.8784692037723425 -0.0591002164372006 0.47412975274777136
vn -0.1644071818452481 -0.9729394499279244 -0.16235487467782317
vn -0.4754052863212118 -0.8056670605257352 0.35339836066635605
vn -0.7348849921082442 -0.37093571573834744 0.567759406054841
vn -0.24520595778621032 -0.9686428469224753 -0.04006336695872373
vn -0.5463250204736798 -0.719520618615513 0.4287412406004147
vn -0.7882402546914925 -0.27026736762567577 0.5528407102236401
vn -0.32432973744985466 -0.9427132115136608 0.07811544177247007
vn -0.6135127409900214 -0.6231723291151949 0.4850343955515463
vn -0.8362109289786013 -0.1780677634649287 0.5186936994714151
vn -0.08248532569134737 -0.9284164911948876 -0.36226922298611786
vn -0.4012379027922322 -0.8964790651969023 0.18797188892645408
vn -0.6765095310374472 -0.5207373879488074 0.5207373879488074
vn -0.8784692310531201 -0.09805168237228053 0.46762985113966526
vn -0.1644071599912032 -0.9562092198518023 -0.242145025994825
vn -0.47540520780519036 -0.8320987673393208 0.28565981478690156
vn -0.7348849692196707 -0.41655399935070103 0.5351886094078794
vn -0.9147261346263272 -0.033368199936445096 0.40269425357779776
vn -0.24520596184693963 -0.9620260330608283 -0.119916420843699
vn -0.5463250202879276 -0.7524682774017265 0.3678592987970723
vn -0.7882402390876111 -0.3149974882912696 0.5286340017945281
vn -0.3243297134455275 -0.9459440982300921 -2.7374840393134034e-16
vn -0.6135127193605527 -0.661097672186659 0.4319166713756259
vn -0.8362109513978544 -0.22029295176112296 0.5022173435542295
vn -0.08248532373783127 -0.8953295144204793 -0.4376999337165291
vn -0.4012379087741387 -0.9089397276921106 0.11329921440834288
vn -0.6765095014306846 -0.5619609967596494 0.47595664991142617
vn -0.8784692125503455 -0.1363333438536421 0.4579356526356739
vn -0.16440719127797204 -0.9329470856875695 -0.32028114331499286
vn -0.4754052807665454 -0.8528462737099302 0.21597002671289575
vn -0.73488498156974 -0.45932677652519954 0.4989618985756449
vn -0.914726134473948 -0.06650846425047852 0.3985633238186771
vn -0.24520594723686787 -0.9488376128251893 -0.19895031522434553
vn -0.5463250078096427 -0.7802757929312879 0.3044645674084978
vn -0.7882402594274268 -0.3575758064910961 0.5008161698967246
vn -0.9444729580773545 -0.017607399998045167 0.32811706893412335
vn -0.324329710404908 -0.9427132195283902 -0.07811545733775094
vn -0.6135127578691298 -0.6945070663166363 0.3758484146142881
vn -0.8362109594063378 -0.26101332693654306 0.4823103508429498
vn -0.08248532801433708 -0.8561265119559639 -0.5101407317480955
vn -0.4012379058203788 -0.9151914137851413 0.03785259656656542
vn -0.6765095196838711 -0.5993457614936469 0.4279246755641682
vn -0.8784692070835245 -0.1736837284653998 0.44511326049939326
vn -0.16440719862895614 -0.9033119951469107 -0.3962293685009812
vn -0.47540517802940435 -0.8677680935388484 0.14480487746889834
vn -0.73488498156974 -0.4989618985756449 0.45932677652519954
vn -0.9147261345871643 -0.09919439962993654 0.39170980302423036
vn -0.24520597368974548 -0.9291676475053241 -0.27662522172839843
vn -0.5463250100983553 -0.8027532434525225 0.23898998612386937
vn -0.7882402497271002 -0.397711632517685 0.4695772205615138
vn -0.9447335688161212 -0.04055128284021557 0.325321498539472
vn -0.3243297080304648 -0.9330426569163321 -0.15569727314049356
vn -0.6135127422337842 -0.7231722926261422 0.31721278393947444
vn -0.8362109531701831 -0.29995068443575457 0.45910873298679084
vn -0.08248532652424499 -0.8110753385296114 -0.579096681165818
vn -0.4012379058203788 -0.9151914137851413 -0.03785259656656542
vn -0.6765095252148718 -0.6326364518799097 0.37696947097390654
vn -0.8784692058912555 -0.20984766831460835 0.42925028876368737
vn -0.16440717488259626 -0.8675063643923899 -0.4694709667123426
vn -0.47540519512384805 -0.8767621081752349 0.07265057547861492
vn -0.7348850109540348 -0.5351885367889965 0.416554019023633
vn -0.9147261312523752 -0.13120275637422799 0.382180509084212
vn -0.2452059363790386 -0.9031505494955236 -0.35241046197638987
vn -0.5463250146875713 -0.8197470704507342 0.17188286364284155
vn -0.7882402353440036 -0.4351306455081254 0.43513061570580375
vn -0.9447335666971798 -0.06727761077282557 0.3208616696402446
vn -0.3243297366736197 -0.9169984539751421 -0.23221554064364344
vn -0.6135127498516733 -0.7468975130485397 0.2564102392092499
vn -0.8362109451462265 -0.3368391012145603 0.43277092683153023
vn -0.9682850078910852 -0.020632302041759254 0.2489948826900241
vn -0.08248532506996988 -0.7604836769510425 -0.6440968469408337
vn -0.4012379084354357 -0.9089397269248337 -0.11329922176328258
vn -0.6765095226342777 -0.6616055595135604 0.3234392514922865
vn -0.8784692157047885 -0.2445781492645333 0.41045507179391655
vn -0.16440717746299968 -0.825774782344144 -0.5395055966745216
vn -0.4754052185448589 -0.8797669453783286 -5.429514041012344e-16
vn -0.7348849921082442 -0.567759406054841 0.37093571573834744
vn -0.914726133205047 -0.16231483133930003 0.37004053394059006
vn -0.24520596036126652 -0.8709640142877307 -0.42578835448977503
vn -0.5463250318544721 -0.8311411797907338 0.10360163524422276
vn -0.788240259069899 -0.46957722612728575 0.39771160742933104
vn -0.9447335646526005 -0.09354437187834472 0.3142100289753284
vn -0.3243297365602059 -0.8946902230678816 -0.3071475650717933
vn -0.6135127415011421 -0.7655206757265851 0.1938561607245578
vn -0.8362109206841356 -0.37142658863422773 0.40347687094073986
vn -0.9682850093112714 -0.041123672688922384 0.2464406303506903
vn -0.08248532132965423 -0.704697158985739 -0.704697158985739
vn -0.4012379027922322 -0.8964790651969023 -0.18797188892645408
vn -0.6765095134382532 -0.6860552570996459 0.2676995749594625
vn -0.8784692102197125 -0.27763789306725384 0.3888560749546427
vn -0.9849662399610862 -0.009180879420670857 0.17250280458584813
vn -0.1644071986183132 -0.7784022923587098 -0.6058548871579597
vn -0.47540521793321283 -0.8767620952785303 -0.0726505818605442
vn -0.7348849965198723 -0.5964518345093417 0.3227835977871683
vn -0.9147261220845685 -0.19231813809008846 0.35537283989873075
vn -0.24520596091733335 -0.8328278905321526 -0.4962577369496338
vn -0.5463250156030252 -0.8368577768135483 0.03461269583605812
vn -0.7882402745572091 -0.5008161199049337 0.3575758431568648
vn -0.9447335774049885 -0.1191721282395327 0.30541197025400496
vn -0.3243297101143357 -0.8662703795384326 -0.379981405691767
vn -0.613512738943989 -0.7789145511343155 0.12997784882306856
vn -0.8362109206841356 -0.40347687094073986 0.37142658863422773
vn -0.9682850120291286 -0.06133411747823903 0.24220293456710162
vn -0.08248532506996988 -0.6440968469408337 -0.7604836769510425
vn -0.4012379109228147 -0.8778945336627401 -0.2613605299263364
vn -0.6765095387583527 -0.7058184530129599 0.2101312812394978
vn -0.8784691984799162 -0.30880115467516733 0.3646007600010415
vn -0.9852134542733503 -0.021192429495509067 0.17001567707376639
vn -0.16440717948968023 -0.7257126005929184 -0.6680654913052398
vn -0.47540524977799425 -0.8677680561008271 -0.14480486626669214
vn -0.7348849893776727 -0.6210699183148418 0.27242652027982484
vn -0.9147261230601466 -0.22100774580088717 0.3382775429841063
vn -0.2452059519020701 -0.7890027703052629 -0.5633370834610663
vn -0.5463250156030252 -0.8368577768135483 -0.03461269583605812
vn -0.7882402938949575 -0.5286339389725735 0.3149974565718466
vn -0.9447335655780404 -0.14398582363396475 0.29452771119650406
vn -0.32432972656584763 -0.8319330028646108 -0.45021962108552543
vn -0.6135127049154797 -0.7869876752453236 0.06521165478081818
vn -0.8362109559313224 -0.43277090261090506 0.3368391055589689
vn -0.9682850078533989 -0.08112558585823669 0.2363107760672401
vn -0.08248532652424499 -0.579096681165818 -0.8110753385296114
vn -0.4012379106988183 -0.8533131004825434 -0.33296379917780217
vn -0.6765094930864483 -0.7207602789681471 0.15112751577947564
vn -0.8784692103104802 -0.3378548849258223 0.3378548849258223
vn -0.9852134548588477 -0.035159829872675005 0.16768492695653367
vn -0.16440717948968023 -0.6680654913052398 -0.7257126005929184
vn -0.4754052320033393 -0.8528462992999746 -0.21597003300038956
vn -0.734885011916567 -0.6414454360889301 0.22020847345429134
vn -0.9147261230109521 -0.2481876123693968 0.31887149284269733
vn -0.9953536879142447 -0.007951253007375094 0.0959573526683871
vn -0.24520596855730978 -0.7397878764216993 -0.6265683768618906
vn -0.5463250318544721 -0.8311411797907338 -0.10360163524422276
vn -0.7882402546914925 -0.5528407102236401 0.27026736762567577
vn -0.9447335725854058 -0.16781594081239007 0.28163147345292966
vn -0.324329735222262 -0.7919126782579953 -0.5173823855379174
vn -0.613512744040169 -0.7896848187095294 0
vn -0.8362109531701831 -0.45910873298679084 0.29995068443575457
vn -0.9682850098184373 -0.10036289543211221 0.22880434650895837
vn -0.08248532801433708 -0.5101407317480955 -0.8561265119559639
vn -0.40123790588520886 -0.822902681206581 -0.40229258027444686
vn -0.6765095342088585 -0.7307784883921291 0.09109144321959146
vn -0.8784692091654538 -0.36460079930224887 0.3088010778743872
vn -0.9852134567792266 -0.04888705527995692 0.16420870990048433
vn -0.1644071986183132 -0.6058548871579597 -0.7784022923587098
vn -0.47540525040325526 -0.8320987301309832 -0.28565985227788493
vn -0.7348849995848642 -0.6574392517725264 0.1664862385121806
vn -0.9147261283436279 -0.27367213076073377 0.29728719274525844
vn -0.9953536875352944 -0.015848191276755123 0.09497300428620191
vn -0.245205942819322 -0.6855195276598937 -0.6855195276598937
vn -0.5463249742724621 -0.819747099244155 -0.1718828547790249
vn -0.7882402560447679 -0.5732709780848549 0.22369104683941285
vn -0.9447335630870562 -0.19049970866173624 0.2668114611043329
vn -0.32432971176118475 -0.746482807273276 -0.5810108919067833
vn -0.6135127049154797 -0.7869876752453236 -0.06521165478081818
vn -0.8362109594063378 -0.4823103508429498 0.26101332693654306
vn -0.9682850063396709 -0.11891461689891682 0.2197349776106834
vn -0.08248532813972648 -0.43769995707473575 -0.8953295025958075
vn -0.40123792673249725 -0.7868710001497694 -0.46887328274781126
vn -0.6765095402106411 -0.7358047756145957 0.030433110040573516
vn -0.8784692204001284 -0.3888560496587012 0.2776378962847476
vn -0.9852134545858602 -0.062280326831842044 0.1596108072553798
vn -0.16440716296461275 -0.5395055979962334 -0.8257747843671747
vn -0.4754052634915377 -0.8056670814410392 -0.35339834369563733
vn -0.7348850145892943 -0.6689420734991938 0.11162668872044808
vn -0.9147261276998577 -0.29728722233835436 0.27367210076580545
vn -0.9953536882735836 -0.023636871700516402 0.09333988181044173
vn -0.24520594539453913 -0.6265684153558583 -0.7397878514963725
vn -0.5463250323476403 -0.8027532165402954 -0.23899002565914623
vn -0.788240284194708 -0.5897851962893025 0.17558666410247298
vn -0.9447335706791794 -0.2118821614898499 0.2501688031593017
vn -0.3243297293269737 -0.6959537170659511 -0.6406704694121448
vn -0.613512738943989 -0.7789145511343155 -0.12997784882306856
vn -0.8362109513978544 -0.5022173435542295 0.22029295176112296
vn -0.9682850104369968 -0.13665401741818523 0.20916457177661654
vn -0.08248532569134737 -0.36226922298611786 -0.9284164911948876
vn -0.40123789374049085 -0.7454641847753759 -0.5322511642484954
vn -0.6765095402106411 -0.7358047756145957 -0.030433110040573516
vn -0.8784692081604808 -0.4104550980712435 0.24457813226293137
vn -0.9852134549067834 -0.07524815919082643 0.15392258706580939
vn -0.16440717488259626 -0.4694709667123426 -0.8675063643923899
vn -0.47540525868552924 -0.7737319079549929 -0.4187227897147126
vn -0.7348850197546567 -0.6758753499237887 0.056004634679586066
vn -0.9147261230109521 -0.31887149284269733 0.2481876123693968
vn -0.995353688467253 -0.03126408127496035 0.09106916095291182
vn -0.2452059519020701 -0.5633370834610663 -0.7890027703052629
vn -0.5463250078096427 -0.7802757929312879 -0.3044645674084978
vn -0.7882402757689252 -0.6022706198699689 0.12628288917019528
vn -0.9447335676545755 -0.23181726224189758 0.23181726224189758
vn -0.3243297293269737 -0.6406704694121448 -0.6959537170659511
vn -0.6135127415011421 -0.7655206757265851 -0.1938561607245578
vn -0.8362109289786013 -0.5186936994714151 0.1780677634649287
vn -0.9682850078650377 -0.15345994869805066 0.19716538156937155
vn -0.08248532410459321 -0.28436386057815255 -0.9551614345776579
vn -0.401237931419921 -0.6989650666952297 -0.5919932076718413
vn -0.6765095342088585 -0.7307784883921291 -0.09109144321959146
vn -0.8784691950309503 -0.4292503125818502 0.2098476650574364
vn -0.9852134560708297 -0.08770197607965777 0.14718291126586164
vn -0.16440718218915734 -0.39622939459511325 -0.9033119866930867
vn -0.47540526115396414 -0.7365113865590317 -0.4811868817164738
vn -0.7348850264530064 -0.6781917117564649 -2.652144823281885e-16
vn -0.9147261230601466 -0.3382775429841063 0.22100774580088717
vn -0.9953536883476354 -0.0386777329880643 0.08817634639551747
vn -0.2452059487452089 -0.4962577123151963 -0.8328279087948781
vn -0.5463250202879276 -0.7524682774017265 -0.3678592987970723
vn -0.7882402501479574 -0.6106419534030575 0.07611644231559743
vn -0.9447335706791794 -0.2501688031593017 0.2118821614898499
vn -0.3243297271967619 -0.5810109257745462 -0.7464827742065311
vn -0.6135127498516733 -0.7468975130485397 -0.2564102392092499
vn -0.8362109195346543 -0.5316268288475904 0.13462619693233077
vn -0.968285010393006 -0.16921759901150646 0.18381932116346558
vn -0.08248532400165245 -0.2045160193489765 -0.9753816530743192
vn -0.4012379208525761 -0.6476912753960209 -0.6476913946053151
vn -0.6765094930864483 -0.7207602789681471 -0.15112751577947564
vn -0.8784692187367773 -0.4451132366016804 0.1736837307693854
vn -0.985213456004156 -0.09955671404028811 0.13943782412906192
vn -0.16440719127797204 -0.32028114331499286 -0.9329470856875695
vn -0.4754052346484596 -0.6942597461584367 -0.5403640140987055
vn -0.7348850197546567 -0.6758753499237887 -0.056004634679586066
vn -0.9147261220845685 -0.35537283989873075 0.19231813809008846
vn -0.9953536881242114 -0.04582717965884726 0.08468119709856475
vn -0.24520593362655263 -0.4257883339413795 -0.8709640318599586
vn -0.5463250274543392 -0.7195206278091765 -0.42874121627632683
vn -0.7882402273321772 -0.614841976880297 0.02543005075193093
vn -0.9447335630870562 -0.2668114611043329 0.19049970866173624
vn -0.324329735222262 -0.5173823855379174 -0.7919126782579953
vn -0.6135127422337842 -0.7231722926261422 -0.31721278393947444
vn -0.8362109486132762 -0.5409283524816152 0.09026498158649567
vn -0.968285010393006 -0.18381932116346558 0.16921759901150646
vn -0.0824853241838576 -0.12327111295632749 -0.9889390294678396
vn -0.40123790897382955 -0.5919932781299942 -0.6989650199052968
vn -0.6765095429949258 -0.705818457433077 -0.21013125275310218
vn -0.8784692125503455 -0.4579356526356739 0.1363333438536421
vn -0.9852134545921833 -0.11073136285301932 0.13074025459378943
vn -0.16440716876828826 -0.2421450538232064 -0.9562092112955994
vn -0.4754052264668403 -0.6472655674295571 -0.595849944086685
vn -0.7348850133669106 -0.6689420723864973 -0.1116267034359326
vn -0.914726133205047 -0.37004053394059006 0.16231483133930003
vn -0.9953536874500318 -0.052663571535746224 0.08060759959658688
vn -0.2452059363790386 -0.35241046197638987 -0.9031505494955236
vn -0.5463250261516552 -0.6816579081123246 -0.4866944237489503
vn -0.7882402273321772 -0.614841976880297 -0.02543005075193093
vn -0.9447335725854058 -0.28163147345292966 0.16781594081239007
vn -0.3243297309175709 -0.45021959732406547 -0.8319330140271465
vn -0.6135127578691298 -0.6945070663166363 -0.3758484146142881
vn -0.8362109516816683 -0.5465348268619775 0.045287165009380265
vn -0.9682850107098522 -0.19716536724748104 0.15345994914891492
vn -0.08243213702592368 -0.0535441942118689 -0.9951572549358926
vn -0.4012379115687455 -0.5322511878980793 -0.7454641582940357
vn -0.6765095080410132 -0.6860552516262493 -0.2676996026260594
vn -0.878469192960369 -0.4676299221955999 0.0980516847733635
vn -0.9852134554753854 -0.12114959917554453 0.12114958427438338
vn -0.1644071818452481 -0.16235487467782317 -0.9729394499279244
vn -0.4754052264668403 -0.595849944086685 -0.6472655674295571
vn -0.7348850014079951 -0.6574392534035269 -0.1664862240240444
vn -0.9147261312523752 -0.382180509084212 0.13120275637422799
vn -0.9953536874175255 -0.05914022333757915 0.0759833595461286
vn -0.2452059596845307 -0.2766252227391465 -0.9291676509003669
vn -0.5463250287569996 -0.6391388187398591 -0.5413229473553481
vn -0.7882402501479574 -0.6106419534030575 -0.07611644231559743
vn -0.9447335655780404 -0.29452771119650406 0.14398582363396475
vn -0.3243297561035479 -0.379981449344709 -0.8662703431722152
vn -0.6135127193605527 -0.661097672186659 -0.4319166713756259
vn -0.8362109858904468 -0.548407865622045 -2.6011098641150425e-16
vn -0.9682850104369968 -0.20916457177661654 0.13665401741818523
vn -0.40123792673249725 -0.46887328274781126 -0.7868710001497694
vn -0.6765095484389154 -0.6616055264581913 -0.323439265134823
vn -0.8784691909387209 -0.47412977799115413 0.05910020468262365
vn -0.9852134526728086 -0.13074026924024476 0.11073136263729451
vn -0.16440717939202157 -0.0814556482587502 -0.9830235280658884
vn -0.47540521158176424 -0.5403640217546799 -0.6942597559948335
vn -0.7348849796789185 -0.6414454599762524 -0.22020851145714104
vn -0.9147261345871643 -0.39170980302423036 0.09919439962993654
vn -0.9953536872952142 -0.06521288975658367 0.07084007479821246
vn -0.2452059603775868 -0.1989503407873618 -0.9488376040692622
vn -0.5463249773468586 -0.5922537543684103 -0.5922537543684103
vn -0.7882402772522057 -0.6022706210032988 -0.12628287450666797
vn -0.9447335774049885 -0.30541197025400496 0.1191721282395327
vn -0.3243297365602059 -0.3071475650717933 -0.8946902230678816
vn -0.6135127409900214 -0.6231723291151949 -0.4850343955515463
vn -0.8362109516816683 -0.5465348268619775 -0.045287165009380265
vn -0.9682850095101324 -0.219734963429002 0.11891461728827968
vn -0.40123790588520886 -0.40229258027444686 -0.822902681206581
vn -0.6765095252148718 -0.6326364518799097 -0.37696947097390654
vn -0.8784692056627009 -0.47739081320498505 0.01974502899026628
vn -0.985213456004156 -0.13943782412906192 0.09955671404028811
vn -0.47540526115396414 -0.4811868817164738 -0.7365113865590317
vn -0.7348849893776727 -0.6210699183148418 -0.27242652027982484
vn -0.914726134473948 -0.3985633238186771 0.06650846425047852
vn -0.9953536877788307 -0.07084007483263181 0.0652128823376884
vn -0.24520596184693963 -0.119916420843699 -0.9620260330608283
vn -0.5463250287569996 -0.5413229473553481 -0.6391388187398591
vn -0.7882402595613965 -0.589785222455911 -0.1755866867937713
vn -0.9447335646526005 -0.3142100289753284 0.09354437187834472
vn -0.32432973442907537 -0.23221556883890368 -0.9169984476289968
vn -0.6135127459413152 -0.5809900084119638 -0.5348389670667362
vn -0.8362109755742569 -0.5409283103174959 -0.09026498449680488
vn -0.9682850090943909 -0.22880434633786725 0.10036290280764518
vn -0.4012379317216873 -0.3329638216945712 -0.8533130818112707
vn -0.6765095196838711 -0.5993457614936469 -0.4279246755641682
vn -0.8784692056627009 -0.47739081320498505 -0.01974502899026628
vn -0.9852134560708297 -0.14718291126586164 0.08770197607965777
vn -0.4754052077615473 -0.4187228009137055 -0.7737319331836974
vn -0.7348849965198723 -0.5964518345093417 -0.3227835977871683
vn -0.9147261237622 -0.4026942785973531 0.03336819581484348
vn -0.9953536874175255 -0.0759833595461286 0.05914022333757915
vn -0.2450533308901046 -0.05208793918436035 -0.9681093489948287
vn -0.5463250261516552 -0.4866944237489503 -0.6816579081123246
vn -0.7882402560447679 -0.5732709780848549 -0.22369104683941285
vn -0.9447335662236253 -0.32086166947941036 0.06727761818968282
vn -0.3243297339454202 -0.15569728617549072 -0.9330426457330234
vn -0.6135127263832122 -0.5348390096213076 -0.5809899898906494
vn -0.8362109195346543 -0.5316268288475904 -0.13462619693233077
vn -0.9682850106777624 -0.2363107618553674 0.08112559354545013
vn -0.4012379109228147 -0.2613605299263364 -0.8778945336627401
vn -0.6765095014306846 -0.5619609967596494 -0.47595664991142617
vn -0.8784691907453124 -0.47412977788676713 -0.059100208394902216
vn -0.9852134549067834 -0.15392258706580939 0.07524815919082643
vn -0.4754052354178316 -0.35339837478294667 -0.8056670843705158
vn -0.7348849921082442 -0.567759406054841 -0.37093571573834744
vn -0.914726113825827 -0.40407441973614244 0
vn -0.9953536880478148 -0.08060759219441714 0.05266357156737456
vn -0.5463250204736798 -0.4287412406004147 -0.719520618615513
vn -0.7882402610404483 -0.552840714676548 -0.27026734000024727
vn -0.9447335596566114 -0.32532152518769303 0.040551282447057246
vn -0.32432973744985466 -0.07811544177247007 -0.9427132115136608
vn -0.6135127088718921 -0.4850344768866395 -0.6231722974298333
vn -0.8362109289786013 -0.5186936994714151 -0.1780677634649287
vn -0.9682850122503694 -0.2422029346224419 0.06133411376696284
vn -0.40123792667275565 -0.18797190105337153 -0.8964790519659284
vn -0.6765095310374472 -0.5207373879488074 -0.5207373879488074
vn -0.8784692310531201 -0.46762985113966526 -0.09805168237228053
vn -0.9852134569290785 -0.1596107927338348 0.06228032697996873
vn -0.47540527751723033 -0.2856598208601976 -0.8320987254255862
vn -0.7348849692196707 -0.5351886094078794 -0.41655399935070103
vn -0.9147261346263272 -0.40269425357779776 -0.033368199936445096
vn -0.9953536882941376 -0.08468119711302148 0.04582717594138058
vn -0.5463250202879276 -0.3678592987970723 -0.7524682774017265
vn -0.7882402787237627 -0.528633968771901 -0.3149974445260683
vn -0.9447335602744686 -0.32755908376577 0.013547942045063589
vn -0.6135127486329267 -0.431916679823846 -0.6610976395017732
vn -0.8362109513978544 -0.5022173435542295 -0.22029295176112296
vn -0.9682850093112714 -0.2464406303506903 0.041123672688922384
vn -0.4012379087741387 -0.11329921440834288 -0.9089397276921106
vn -0.6765095468203484 -0.47595666971283274 -0.5619609253469465
vn -0.8784692005613965 -0.4579356761882974 -0.13633334199302652
vn -0.9852134567792266 -0.16420870990048433 0.04888705527995692
vn -0.4754052320033393 -0.21597003300038956 -0.8528462992999746
vn -0.73488498156974 -0.4989618985756449 -0.45932677652519954
vn -0.914726134473948 -0.3985633238186771 -0.06650846425047852
vn -0.9953536882042192 -0.08817634638281252 0.03867773670778166
vn -0.5463250078096427 -0.3044645674084978 -0.7802757929312879
vn -0.7882402594274268 -0.5008161698967246 -0.3575758064910961
vn -0.9447335602744686 -0.32755908376577 -0.013547942045063589
vn -0.6135127578691298 -0.3758484146142881 -0.6945070663166363
vn -0.8362109594063378 -0.4823103508429498 -0.26101332693654306
vn -0.9682850078910852 -0.2489948826900241 0.020632302041759254
vn -0.4010050945471658 -0.04921516095633821 -0.9147528530041654
vn -0.6765095196838711 -0.4279246755641682 -0.5993457614936469
vn -0.8784692210103342 -0.44511323775367323 -0.17368371631773336
vn -0.9852134547298039 -0.1676849269345702 0.035159833593360036
vn -0.47540524977799425 -0.14480486626669214 -0.8677680561008271
vn -0.73488498156974 -0.45932677652519954 -0.4989618985756449
vn -0.9147261345871643 -0.39170980302423036 -0.09919439962993654
vn -0.9953536871165217 -0.09106917573048866 0.03126408123253385
vn -0.5463250100983553 -0.23898998612386937 -0.8027532434525225
vn -0.7882402497271002 -0.4695772205615138 -0.397711632517685
vn -0.9447335688161212 -0.325321498539472 -0.04055128284021557
vn -0.6135127422337842 -0.31721278393947444 -0.7231722926261422
vn -0.8362109531701831 -0.45910873298679084 -0.29995068443575457
vn -0.9682850075403334 -0.24984824228442493 -5.808345694585897e-17
vn -0.6765095252148718 -0.37696947097390654 -0.6326364518799097
vn -0.8784691922839999 -0.4292503112395956 -0.20984767930240977
vn -0.9852134542733503 -0.17001567707376639 0.021192429495509067
vn -0.47540521819054443 -0.07265057444928852 -0.876762095753112
vn -0.7348849692196707 -0.41655399935070103 -0.5351886094078794
vn -0.9147261312523752 -0.382180509084212 -0.13120275637422799
vn -0.9953536876690235 -0.09333988920432927 0.02363686796086953
vn -0.5463249728731848 -0.17188286923995047 -0.819747097144574
vn -0.7882402353440036 -0.43513061570580375 -0.4351306455081254
vn -0.9447335666971798 -0.3208616696402446 -0.06727761077282557
vn -0.6135127498516733 -0.2564102392092499 -0.7468975130485397
vn -0.8362109451462265 -0.43277092683153023 -0.3368391012145603
vn -0.9682850078910852 -0.2489948826900241 -0.020632302041759254
vn -0.6765095226342777 -0.3234392514922865 -0.6616055595135604
vn -0.8784692189063682 -0.41045507328981945 -0.24457813525473696
vn -0.9852134590466968 -0.17118501672045866 0.007080265790154151
vn -0.7348849921082442 -0.37093571573834744 -0.567759406054841
vn -0.914726133205047 -0.37004053394059006 -0.16231483133930003
vn -0.9953536875352944 -0.09497300428620191 0.015848191276755123
vn -0.5463249629752128 -0.10360163348544323 -0.8311412252856191
vn -0.788240259069899 -0.39771160742933104 -0.46957722612728575
vn -0.9447335646526005 -0.3142100289753284 -0.09354437187834472
vn -0.6135127415011421 -0.1938561607245578 -0.7655206757265851
vn -0.8362109206841356 -0.40347687094073986 -0.37142658863422773
vn -0.9682850093112714 -0.2464406303506903 -0.041123672688922384
vn -0.6765095403666899 -0.26769959183157926 -0.6860552239623688
vn -0.878469189343779 -0.3888560920979814 -0.2776379351096851
vn -0.9852134590466968 -0.17118501672045866 -0.007080265790154151
vn -0.7348849965198723 -0.3227835977871683 -0.5964518345093417
vn -0.9147261220845685 -0.35537283989873075 -0.19231813809008846
vn -0.9953536872026284 -0.09595736005036405 0.00795125300169044
vn -0.5460393966467006 -0.04500437107247765 -0.836549809571479
vn -0.7882402426275201 -0.3575758584746624 -0.5008161592227394
vn -0.9447335774049885 -0.30541197025400496 -0.1191721282395327
vn -0.613512738943989 -0.12997784882306856 -0.7789145511343155
vn -0.8362109206841356 -0.37142658863422773 -0.40347687094073986
vn -0.9682850120291286 -0.24220293456710162 -0.06133411747823903
vn -0.6765095429949258 -0.21013125275310218 -0.705818457433077
vn -0.8784691984799162 -0.3646007600010415 -0.30880115467516733
vn -0.9852134542733503 -0.17001567707376639 -0.021192429495509067
vn -0.7348849893776727 -0.27242652027982484 -0.6210699183148418
vn -0.9147261230601466 -0.3382775429841063 -0.22100774580088717
vn -0.9953536876876777 -0.09628622127044449 5.1627524598853695e-11
vn -0.7882402938949575 -0.3149974565718466 -0.5286339389725735
vn -0.9447335655780404 -0.29452771119650406 -0.14398582363396475
vn -0.6135127049154797 -0.06521165478081818 -0.7869876752453236
vn -0.8362109451462265 -0.3368391012145603 -0.43277092683153023
vn -0.9682850078533989 -0.2363107760672401 -0.08112558585823669
vn -0.6765094930864483 -0.15112751577947564 -0.7207602789681471
vn -0.8784692103104802 -0.3378548849258223 -0.3378548849258223
vn -0.9852134548588477 -0.16768492695653367 -0.035159829872675005
vn -0.7348849796789185 -0.22020851145714104 -0.6414454599762524
vn -0.9147261317036957 -0.31887146607064626 -0.24818761472795114
vn -0.9953536879142447 -0.0959573526683871 -0.007951253007375094
vn -0.7882402743165291 -0.2702674041569207 -0.5528406643832225
vn -0.9447335725854058 -0.28163147345292966 -0.16781594081239007
vn -0.8362109238025484 -0.2999506952818362 -0.4591087793902788
vn -0.9682850098184373 -0.22880434650895837 -0.10036289543211221
vn -0.6765095342088585 -0.09109144321959146 -0.7307784883921291
vn -0.8784692106263133 -0.308801108190233 -0.3646007701062438
vn -0.9852134567792266 -0.16420870990048433 -0.04888705527995692
vn -0.7348849995848642 -0.1664862385121806 -0.6574392517725264
vn -0.9147261283436279 -0.29728719274525844 -0.27367213076073377
vn -0.9953536875352944 -0.09497300428620191 -0.015848191276755123
vn -0.7882402560447679 -0.22369104683941285 -0.5732709780848549
vn -0.9447335630870562 -0.2668114611043329 -0.19049970866173624
vn -0.8362109594063378 -0.26101332693654306 -0.4823103508429498
vn -0.9682850063396709 -0.2197349776106834 -0.11891461689891682
vn -0.6762009816834813 -0.0395711397142334 -0.7356536938478682
vn -0.8784692102197125 -0.27763789306725384 -0.3888560749546427
vn -0.9852134545858602 -0.1596108072553798 -0.062280326831842044
vn -0.7348850145892943 -0.11162668872044808 -0.6689420734991938
vn -0.9147261283436279 -0.27367213076073377 -0.29728719274525844
vn -0.9953536876690235 -0.09333988920432927 -0.02363686796086953
vn -0.788240284194708 -0.17558666410247298 -0.5897851962893025
vn -0.9447335706791794 -0.2501688031593017 -0.2118821614898499
vn -0.8362109513978544 -0.22029295176112296 -0.5022173435542295
vn -0.9682850104369968 -0.20916457177661654 -0.13665401741818523
vn -0.8784692081604808 -0.24457813226293137 -0.4104550980712435
vn -0.9852134549067834 -0.15392258706580939 -0.07524815919082643
vn -0.7348850197546567 -0.056004634679586066 -0.6758753499237887
vn -0.9147261230109521 -0.2481876123693968 -0.31887149284269733
vn -0.995353688467253 -0.09106916095291182 -0.03126408127496035
vn -0.7882402757689252 -0.12628288917019528 -0.6022706198699689
vn -0.9447335676545755 -0.23181726224189758 -0.23181726224189758
vn -0.8362109289786013 -0.1780677634649287 -0.5186936994714151
vn -0.9682850078650377 -0.19716538156937155 -0.15345994869805066
vn -0.8784691950309503 -0.2098476650574364 -0.4292503125818502
vn -0.9852134560708297 -0.14718291126586164 -0.08770197607965777
vn -0.9147261230601466 -0.22100774580088717 -0.3382775429841063
vn -0.9953536883476354 -0.08817634639551747 -0.0386777329880643
vn -0.7882402501479574 -0.07611644231559743 -0.6106419534030575
vn -0.9447335706791794 -0.2118821614898499 -0.2501688031593017
vn -0.8362109195346543 -0.13462619693233077 -0.5316268288475904
vn -0.968285010393006 -0.18381932116346558 -0.16921759901150646
vn -0.8784692187367773 -0.1736837307693854 -0.4451132366016804
vn -0.985213456004156 -0.13943782412906192 -0.09955671404028811
vn -0.9147261220845685 -0.19231813809008846 -0.35537283989873075
vn -0.9953536882941376 -0.08468119711302148 -0.04582717594138058
vn -0.7879347336776467 -0.03306576664843645 -0.614870320100334
vn -0.9447335630870562 -0.19049970866173624 -0.2668114611043329
vn -0.8362109486132762 -0.09026498158649567 -0.5409283524816152
vn -0.968285010393006 -0.16921759901150646 -0.18381932116346558
vn -0.8784692005613965 -0.13633334199302652 -0.4579356761882974
vn -0.9852134526728086 -0.13074026924024476 -0.11073136263729451
vn -0.914726133205047 -0.16231483133930003 -0.37004053394059006
vn -0.9953536874500318 -0.08060759959658688 -0.052663571535746224
vn -0.9447335725854058 -0.16781594081239007 -0.28163147345292966
vn -0.8362109516816683 -0.045287165009380265 -0.5465348268619775
vn -0.9682850107098522 -0.15345994914891492 -0.19716536724748104
vn -0.878469192960369 -0.0980516847733635 -0.4676299221955999
vn -0.9852134554753854 -0.12114958427438338 -0.12114959917554453
vn -0.9147261312523752 -0.13120275637422799 -0.382180509084212
vn -0.995353687856107 -0.07598335957960907 -0.05914021591305753
vn -0.9447335655780404 -0.14398582363396475 -0.29452771119650406
vn -0.9682850104369968 -0.13665401741818523 -0.20916457177661654
vn -0.8784691783323941 -0.05910020755980628 -0.47412980098955587
vn -0.9852134526728086 -0.11073136263729451 -0.13074026924024476
vn -0.9147261345871643 -0.09919439962993654 -0.39170980302423036
vn -0.9953536877788307 -0.07084007483263181 -0.0652128823376884
vn -0.9447335774049885 -0.1191721282395327 -0.30541197025400496
vn -0.9682850095101324 -0.11891461728827968 -0.219734963429002
vn -0.8781836175122182 -0.02567138936976854 -0.4776342886571061
vn -0.985213456004156 -0.09955671404028811 -0.13943782412906192
vn -0.914726134473948 -0.06650846425047852 -0.3985633238186771
vn -0.9953536872952142 -0.06521288975658367 -0.07084007479821246
vn -0.9447335646526005 -0.09354437187834472 -0.3142100289753284
vn -0.9682850090943909 -0.10036290280764518 -0.22880434633786725
vn -0.9852134560708297 -0.08770197607965777 -0.14718291126586164
vn -0.9147261237622 -0.03336819581484348 -0.4026942785973531
vn -0.995353687856107 -0.05914021591305753 -0.07598335957960907
vn -0.9447335662236253 -0.06727761818968282 -0.32086166947941036
vn -0.9682850106777624 -0.08112559354545013 -0.2363107618553674
vn -0.9852134549067834 -0.07524815919082643 -0.15392258706580939
vn -0.9953536880478148 -0.05266357156737456 -0.08060759219441714
vn -0.9447335596566114 -0.040551282447057246 -0.32532152518769303
vn -0.9682850122503694 -0.06133411376696284 -0.2422029346224419
vn -0.9852134569290785 -0.06228032697996873 -0.1596107927338348
vn -0.9953536882941376 -0.04582717594138058 -0.08468119711302148
vn -0.9444729673130253 -0.017607400170221776 -0.3281170423403431
vn -0.9682850093112714 -0.041123672688922384 -0.2464406303506903
vn -0.9852134567792266 -0.04888705527995692 -0.16420870990048433
vn -0.9953536882042192 -0.03867773670778166 -0.08817634638281252
vn -0.9682850078910852 -0.020632302041759254 -0.2489948826900241
vn -0.9852134547298039 -0.035159833593360036 -0.1676849269345702
vn -0.9953536876759608 -0.0312640849753961 -0.0910691683310936
vn -0.9852134542733503 -0.021192429495509067 -0.17001567707376639
vn -0.9953536883612285 -0.023636867977307463 -0.09333988181866068
vn -0.9849662425013558 -0.009180878513026135 -0.1725027901295786
vn -0.9953536875352944 -0.015848191276755123 -0.09497300428620191
vn -0.9953536879142447 -0.007951253007375094 -0.0959573526683871
vn 0 -1 0
vn 0 -1 0
vn 0 -1 0
vn 0 -1 0
vn 0 -1 0
vn 0 -1 0
vn 0 -1 0
vn 0 -1 0
vn 0 -1 0
vn 0 -1 0
vn 0 -1 0
vn 0 -1 0
vn 0 -1 0
vn 0 -1 0
vn 0 -1 0
vn 0 -1 0
vn 0 -1 0
vn 0 -1 0
vn 0 -1 0
vn 0 -1 0
vn 0 -1 0
vn 0 -1 0
vn 0 -1 0
vn 0 -1 0
vn 0 -1 0
vn 0 -1 0
vn 0 -1 0
vn 0 -1 0
vn 0 -1 0
vn 0 -1 0
vn 0 -1 0
vn 0 -1 0
vn 0 -1 0
vn 0 -1 0
vn 0 -1 0
vn 0 -1 0
vn 0 -1 0
vn 0 -1 0
vn 0 -1 0
vn 0 -1 0
vn 0 -1 0
vn 0 -1 0
vn 0 -1 0
vn 0 -1 0
vn 0 -1 0
vn 0 -1 0
vn 0 -1 0
vn 0 -1 0
vn 0 -1 0
vn 0 -1 0
vn 0 -1 0
vn 0 -1 0
vn 0 -1 0
vn 0 -1 0
vn 0 -1 0
vn 0 -1 0
vn 0 -1 0
vn 0 -1 0
vn 0 -1 0
vn 0 -1 0
vn 0 -1 0
vn 0 -1 0
vn 0 -1 0
vn 0 -1 0
vn 0 -1 0
vn 0 -1 0
vn 0 -1 0
vn 0 -1 0
vn 0 -1 0
vn 0 -1 0
vn 0 -1 0
vn 0 -1 0
vn 0 -1 0
vn 0 -1 0
vn 0 -1 0
vn 0 -1 0
vn 0 -1 0
vn 0 -1 0
vn 0 -1 0
vn 0 -1 0
vn 0 -1 0
vn 0 -1 0
vn 0 -1 0
vn 0 -1 0
vn 0 -1 0
vn 0 -1 0
vn 0 -1 0
vn 0 -1 0
vn 0 -1 0
vn 0 -1 0
vn 0 -1 0
vn 0 -1 0
vn 0 -1 0
vn 0 -1 0
vn 0 -1 0
vn 0 -1 0
vn 0 -1 0
vn 0 -1 0
vn 0 -1 0
vn 0 -1 0
vn 0 -1 0
vn 0 -1 0
vn 0 -1 0
vn 0 -1 0
vn 0 -1 0
vn 0 -1 0
vn 0 -1 0
vn 0 -1 0
vn 0 -1 0
vn 0 -1 0
vn 0 -1 0
vn 0 -1 0
vn 0 -1 0
vn 0 -1 0
vn 0 -1 0
vn 0 -1 0
vn 0 -1 0
vn 0 -1 0
vn 0 -1 0
vn 0 -1 0
vn 0 -1 0
vn 0 -1 0
vn 0 -1 0
vn 0 -1 0
vn 0 -1 0
vn 0 -1 0
vn 0 -1 0
vn 0 -1 0
vn 0 -1 0
vn 0 -1 0
vn 0 -1 0
vn 0 -1 0
vn 0 -1 0
vn 0 -1 0
vn 0 -1 0
vn 0 -1 0
vn 0 -1 0
vn 0 -1 0
vn 0 -1 0
vn 0 -1 0
vn 0 -1 0
vn 0 -1 0
vn 0 -1 0
vn 0 -1 0
vn 0 -1 0
vn 0 -1 0
vn 0 -1 0
vn 0 -1 0
vn 0 -1 0
vn 0 -1 0
vn 0 -1 0
vn 0 -1 0
vn 0 -1 0
vn 0 -1 0
vn 0 -1 0
vn 0 -1 0
f 78//78 57//57 56//56
f 78//78 58//58 57//57
f 79//79 58//58 78//78
f 80//80 58//58 79//79
f 81//81 78//78 56//56
f 81//81 79//79 78//78
f 82//82 58//58 80//80
f 83//83 79//79 81//81
f 83//83 80//80 79//79
f 84//84 55//55 54//54
f 84//84 56//56 55//55
f 84//84 81//81 56//56
f 85//85 58//58 82//82
f 86//86 82//82 80//80
f 86//86 80//80 83//83
f 87//87 83//83 81//81
f 87//87 81//81 84//84
f 88//88 58//58 85//85
f 89//89 85//85 82//82
f 89//89 82//82 86//86
f 90//90 86//86 83//83
f 90//90 83//83 87//87
f 91//91 87//87 84//84
f 91//91 84//84 54//54
f 92//92 58//58 88//88
f 93//93 85//85 89//89
f 93//93 88//88 85//85
f 94//94 89//89 86//86
f 94//94 86//86 90//90
f 95//95 90//90 87//87
f 95//95 87//87 91//91
f 96//96 58//58 92//92
f 97//97 53//53 52//52
f 97//97 54//54 53//53
f 97//97 91//91 54//54
f 98//98 92//92 88//88
f 98//98 88//88 93//93
f 99//99 93//93 89//89
f 99//99 89//89 94//94
f 100//100 90//90 95//95
f 100//100 94//94 90//90
f 101//101 58//58 96//96
f 102//102 91//91 97//97
f 102//102 95//95 91//91
f 103//103 96//96 92//92
f 103//103 92//92 98//98
f 104//104 93//93 99//99
f 104//104 98//98 93//93
f 105//105 94//94 100//100
f 105//105 99//99 94//94
f 106//106 58//58 101//101
f 107//107 95//95 102//102
f 107//107 100//100 95//95
f 108//108 96//96 103//103
f 108//108 101//101 96//96
f 109//109 102//102 97//97
f 109//109 97//97 52//52
f 110//110 98//98 104//104
f 110//110 103//103 98//98
f 111//111 99//99 105//105
f 111//111 104//104 99//99
f 112//112 58//58 106//106
f 113//113 105//105 100//100
f 113//113 100//100 107//107
f 114//114 101//101 108//108
f 114//114 106//106 101//101
f 115//115 102//102 109//109
f 115//115 107//107 102//102
f 116//116 108//108 103//103
f 116//116 103//103 110//110
f 117//117 109//109 52//52
f 117//117 51//51 50//50
f 117//117 52//52 51//51
f 118//118 104//104 111//111
f 118//118 110//110 104//104
f 119//119 58//58 112//112
f 120//120 111//111 105//105
f 120//120 105//105 113//113
f 121//121 106//106 114//114
f 121//121 112//112 106//106
f 122//122 107//107 115//115
f 122//122 113//113 107//107
f 123//123 114//114 108//108
f 123//123 108//108 116//116
f 124//124 109//109 117//117
f 124//124 115//115 109//109
f 125//125 110//110 118//118
f 125//125 116//116 110//110
f 126//126 58//58 119//119
f 127//127 111//111 120//120
f 127//127 118//118 111//111
f 128//128 119//119 112//112
f 128//128 112//112 121//121
f 129//129 120//120 113//113
f 129//129 113//113 122//122
f 130//130 114//114 123//123
f 130//130 121//121 114//114
f 131//131 122//122 115//115
f 131//131 115//115 124//124
f 132//132 123//123 116//116
f 132//132 116//116 125//125
f 133//133 117//117 50//50
f 133//133 124//124 117//117
f 134//134 58//58 126//126
f 135//135 125//125 118//118
f 135//135 118//118 127//127
f 136//136 126//126 119//119
f 136//136 119//119 128//128
f 137//137 120//120 129//129
f 137//137 127//127 120//120
f 138//138 121//121 130//130
f 138//138 128//128 121//121
f 139//139 129//129 122//122
f 139//139 122//122 131//131
f 140//140 123//123 132//132
f 140//140 130//130 123//123
f 141//141 124//124 133//133
f 141//141 131//131 124//124
f 142//142 58//58 134//134
f 143//143 125//125 135//135
f 143//143 132//132 125//125
f 144//144 133//133 50//50
f 144//144 49//49 48//48
f 144//144 50//50 49//49
f 145//145 134//134 126//126
f 145//145 126//126 136//136
f 146//146 135//135 127//127
f 146//146 127//127 137//137
f 147//147 136//136 128//128
f 147//147 128//128 138//138
f 148//148 137//137 129//129
f 148//148 129//129 139//139
f 149//149 130//130 140//140
f 149//149 138//138 130//130
f 150//150 139//139 131//131
f 150//150 131//131 141//141
f 151//151 58//58 142//142
f 152//152 140//140 132//132
f 152//152 132//132 143//143
f 153//153 133//133 144//144
f 153//153 141//141 133//133
f 154//154 134//134 145//145
f 154//154 142//142 134//134
f 155//155 143//143 135//135
f 155//155 135//135 146//146
f 156//156 145//145 136//136
f 156//156 136//136 147//147
f 157//157 137//137 148//148
f 157//157 146//146 137//137
f 158//158 147//147 138//138
f 158//158 138//138 149//149
f 159//159 139//139 150//150
f 159//159 148//148 139//139
f 160//160 58//58 151//151
f 161//161 140//140 152//152
f 161//161 149//149 140//140
f 162//162 150//150 141//141
f 162//162 141//141 153//153
f 163//163 151//151 142//142
f 163//163 142//142 154//154
f 164//164 152//152 143//143
f 164//164 143//143 155//155
f 165//165 144//144 48//48
f 165//165 153//153 144//144
f 166//166 154//154 145//145
f 166//166 145//145 156//156
f 167//167 155//155 146//146
f 167//167 146//146 157//157
f 168//168 147//147 158//158
f 168//168 156//156 147//147
f 169//169 157//157 148//148
f 169//169 148//148 159//159
f 170//170 58//58 160//160
f 171//171 158//158 149//149
f 171//171 149//149 161//161
f 172//172 159//159 150//150
f 172//172 150//150 162//162
f 173//173 160//160 151//151
f 173//173 151//151 163//163
f 174//174 161//161 152//152
f 174//174 152//152 164//164
f 175//175 153//153 165//165
f 175//175 162//162 153//153
f 176//176 154//154 166//166
f 176//176 163//163 154//154
f 177//177 155//155 167//167
f 177//177 164//164 155//155
f 178//178 165//165 48//48
f 178//178 47//47 46//46
f 178//178 48//48 47//47
f 179//179 156//156 168//168
f 179//179 166//166 156//156
f 180//180 167//167 157//157
f 180//180 157//157 169//169
f 181//181 58//58 170//170
f 182//182 158//158 171//171
f 182//182 168//168 158//158
f 183//183 169//169 159//159
f 183//183 159//159 172//172
f 184//184 160//160 173//173
f 184//184 170//170 160//160
f 185//185 161//161 174//174
f 185//185 171//171 161//161
f 186//186 172//172 162//162
f 186//186 162//162 175//175
f 187//187 163//163 176//176
f 187//187 173//173 163//163
f 188//188 174//174 164//164
f 188//188 164//164 177//177
f 189//189 165//165 178//178
f 189//189 175//175 165//165
f 190//190 176//176 166//166
f 190//190 166//166 179//179
f 191//191 177//177 167//167
f 191//191 167//167 180//180
f 192//192 59//59 58//58
f 192//192 58//58 181//181
f 193//193 179//179 168//168
f 193//193 168//168 182//182
f 194//194 180//180 169//169
f 194//194 169//169 183//183
f 195//195 170//170 184//184
f 195//195 181//181 170//170
f 196//196 171//171 185//185
f 196//196 182//182 171//171
f 197//197 172//172 186//186
f 197//197 183//183 172//172
f 198//198 173//173 187//187
f 198//198 184//184 173//173
f 199//199 174//174 188//188
f 199//199 185//185 174//174
f 200//200 175//175 189//189
f 200//200 186//186 175//175
f 201//201 176//176 190//190
f 201//201 187//187 176//176
f 202//202 188//188 177//177
f 202//202 177//177 191//191
f 203//203 178//178 46//46
f 203//203 189//189 178//178
f 204//204 59//59 192//192
f 205//205 179//179 193//193
f 205//205 190//190 179//179
f 206//206 191//191 180//180
f 206//206 180//180 194//194
f 207//207 192//192 181//181
f 207//207 181//181 195//195
f 208//208 182//182 196//196
f 208//208 193//193 182//182
f 209//209 183//183 197//197
f 209//209 194//194 183//183
f 210//210 184//184 198//198
f 210//210 195//195 184//184
f 211//211 185//185 199//199
f 211//211 196//196 185//185
f 212//212 186//186 200//200
f 212//212 197//197 186//186
f 213//213 187//187 201//201
f 213//213 198//198 187//187
f 214//214 188//188 202//202
f 214//214 199//199 188//188
f 215//215 189//189 203//203
f 215//215 200//200 189//189
f 216//216 59//59 204//204
f 217//217 190//190 205//205
f 217//217 201//201 190//190
f 218//218 202//202 191//191
f 218//218 191//191 206//206
f 219//219 45//45 44//44
f 219//219 46//46 45//45
f 219//219 203//203 46//46
f 220//220 192//192 207//207
f 220//220 204//204 192//192
f 221//221 193//193 208//208
f 221//221 205//205 193//193
f 222//222 194//194 209//209
f 222//222 206//206 194//194
f 223//223 195//195 210//210
f 223//223 207//207 195//195
f 224//224 196//196 211//211
f 224//224 208//208 196//196
f 225//225 197//197 212//212
f 225//225 209//209 197//197
f 226//226 198//198 213//213
f 226//226 210//210 198//198
f 227//227 211//211 199//199
f 227//227 199//199 214//214
f 228//228 200//200 215//215
f 228//228 212//212 200//200
f 229//229 59//59 216//216
f 230//230 213//213 201//201
f 230//230 201//201 217//217
f 231//231 214//214 202//202
f 231//231 202//202 218//218
f 232//232 215//215 203//203
f 232//232 203//203 219//219
f 233//233 216//216 204//204
f 233//233 204//204 220//220
f 234//234 217//217 205//205
f 234//234 205//205 221//221
f 235//235 218//218 206//206
f 235//235 206//206 222//222
f 236//236 207//207 223//223
f 236//236 220//220 207//207
f 237//237 221//221 208//208
f 237//237 208//208 224//224
f 238//238 222//222 209//209
f 238//238 209//209 225//225
f 239//239 223//223 210//210
f 239//239 210//210 226//226
f 240//240 211//211 227//227
f 240//240 224//224 211//211
f 241//241 225//225 212//212
f 241//241 212//212 228//228
f 242//242 59//59 229//229
f 243//243 213//213 230//230
f 243//243 226//226 213//213
f 244//244 214//214 231//231
f 244//244 227//227 214//214
f 245//245 228//228 215//215
f 245//245 215//215 232//232
f 246//246 229//229 216//216
f 246//246 216//216 233//233
f 247//247 230//230 217//217
f 247//247 217//217 234//234
f 248//248 231//231 218//218
f 248//248 218//218 235//235
f 249//249 232//232 219//219
f 249//249 219//219 44//44
f 250//250 233//233 220//220
f 250//250 220//220 236//236
f 251//251 221//221 237//237
f 251//251 234//234 221//221
f 252//252 222//222 238//238
f 252//252 235//235 222//222
f 253//253 223//223 239//239
f 253//253 236//236 223//223
f 254//254 237//237 224//224
f 254//254 224//224 240//240
f 255//255 225//225 241//241
f 255//255 238//238 225//225
f 256//256 59//59 242//242
f 257//257 239//239 226//226
f 257//257 226//226 243//243
f 258//258 227//227 244//244
f 258//258 240//240 227//227
f 259//259 228//228 245//245
f 259//259 241//241 228//228
f 260//260 229//229 246//246
f 260//260 242//242 229//229
f 261//261 243//243 230//230
f 261//261 230//230 247//247
f 262//262 244//244 231//231
f 262//262 231//231 248//248
f 263//263 232//232 249//249
f 263//263 245//245 232//232
f 264//264 233//233 250//250
f 264//264 246//246 233//233
f 265//265 234//234 251//251
f 265//265 247//247 234//234
f 266//266 248//248 235//235
f 266//266 235//235 252//252
f 267//267 43//43 42//42
f 267//267 44//44 43//43
f 267//267 249//249 44//44
f 268//268 250//250 236//236
f 268//268 236//236 253//253
f 269//269 251//251 237//237
f 269//269 237//237 254//254
f 270//270 238//238 255//255
f 270//270 252//252 238//238
f 271//271 59//59 256//256
f 272//272 239//239 257//257
f 272//272 253//253 239//239
f 273//273 254//254 240//240
f 273//273 240//240 258//258
f 274//274 255//255 241//241
f 274//274 241//241 259//259
f 275//275 256//256 242//242
f 275//275 242//242 260//260
f 276//276 257//257 243//243
f 276//276 243//243 261//261
f 277//277 258//258 244//244
f 277//277 244//244 262//262
f 278//278 259//259 245//245
f 278//278 245//245 263//263
f 279//279 246//246 264//264
f 279//279 260//260 246//246
f 280//280 261//261 247//247
f 280//280 247//247 265//265
f 281//281 248//248 266//266
f 281//281 262//262 248//248
f 282//282 249//249 267//267
f 282//282 263//263 249//249
f 283//283 264//264 250//250
f 283//283 250//250 268//268
f 284//284 265//265 251//251
f 284//284 251//251 269//269
f 285//285 252//252 270//270
f 285//285 266//266 252//252
f 286//286 59//59 271//271
f 287//287 268//268 253//253
f 287//287 253//253 272//272
f 288//288 269//269 254//254
f 288//288 254//254 273//273
f 289//289 255//255 274//274
f 289//289 270//270 255//255
f 290//290 271//271 256//256
f 290//290 256//256 275//275
f 291//291 257//257 276//276
f 291//291 272//272 257//257
f 292//292 273//273 258//258
f 292//292 258//258 277//277
f 293//293 259//259 278//278
f 293//293 274//274 259//259
f 294//294 260//260 279//279
f 294//294 275//275 260//260
f 295//295 261//261 280//280
f 295//295 276//276 261//261
f 296//296 262//262 281//281
f 296//296 277//277 262//262
f 297//297 278//278 263//263
f 297//297 263//263 282//282
f 298//298 264//264 283//283
f 298//298 279//279 264//264
f 299//299 265//265 284//284
f 299//299 280//280 265//265
f 300//300 281//281 266//266
f 300//300 266//266 285//285
f 301//301 282//282 267//267
f 301//301 267//267 42//42
f 302//302 59//59 286//286
f 303//303 268//268 287//287
f 303//303 283//283 268//268
f 304//304 269//269 288//288
f 304//304 284//284 269//269
f 305//305 285//285 270//270
f 305//305 270//270 289//289
f 306//306 271//271 290//290
f 306//306 286//286 271//271
f 307//307 272//272 291//291
f 307//307 287//287 272//272
f 308//308 273//273 292//292
f 308//308 288//288 273//273
f 309//309 289//289 274//274
f 309//309 274//274 293//293
f 310//310 290//290 275//275
f 310//310 275//275 294//294
f 311//311 291//291 276//276
f 311//311 276//276 295//295
f 312//312 277//277 296//296
f 312//312 292//292 277//277
f 313//313 293//293 278//278
f 313//313 278//278 297//297
f 314//314 279//279 298//298
f 314//314 294//294 279//279
f 315//315 295//295 280//280
f 315//315 280//280 299//299
f 316//316 296//296 281//281
f 316//316 281//281 300//300
f 317//317 282//282 301//301
f 317//317 297//297 282//282
f 318//318 59//59 302//302
f 319//319 298//298 283//283
f 319//319 283//283 303//303
f 320//320 284//284 304//304
f 320//320 299//299 284//284
f 321//321 300//300 285//285
f 321//321 285//285 305//305
f 322//322 301//301 42//42
f 322//322 41//41 40//40
f 322//322 42//42 41//41
f 323//323 302//302 286//286
f 323//323 286//286 306//306
f 324//324 287//287 307//307
f 324//324 303//303 287//287
f 325//325 288//288 308//308
f 325//325 304//304 288//288
f 326//326 305//305 289//289
f 326//326 289//289 309//309
f 327//327 290//290 310//310
f 327//327 306//306 290//290
f 328//328 307//307 291//291
f 328//328 291//291 311//311
f 329//329 292//292 312//312
f 329//329 308//308 292//292
f 330//330 293//293 313//313
f 330//330 309//309 293//293
f 331//331 294//294 314//314
f 331//331 310//310 294//294
f 332//332 311//311 295//295
f 332//332 295//295 315//315
f 333//333 312//312 296//296
f 333//333 296//296 316//316
f 334//334 297//297 317//317
f 334//334 313//313 297//297
f 335//335 59//59 318//318
f 336//336 314//314 298//298
f 336//336 298//298 319//319
f 337//337 299//299 320//320
f 337//337 315//315 299//299
f 338//338 300//300 321//321
f 338//338 316//316 300//300
f 339//339 301//301 322//322
f 339//339 317//317 301//301
f 340//340 302//302 323//323
f 340//340 318//318 302//302
f 341//341 319//319 303//303
f 341//341 303//303 324//324
f 342//342 320//320 304//304
f 342//342 304//304 325//325
f 343//343 305//305 326//326
f 343//343 321//321 305//305
f 344//344 323//323 306//306
f 344//344 306//306 327//327
f 345//345 324//324 307//307
f 345//345 307//307 328//328
f 346//346 325//325 308//308
f 346//346 308//308 329//329
f 347//347 309//309 330//330
f 347//347 326//326 309//309
f 348//348 310//310 331//331
f 348//348 327//327 310//310
f 349//349 328//328 311//311
f 349//349 311//311 332//332
f 350//350 329//329 312//312
f 350//350 312//312 333//333
f 351//351 313//313 334//334
f 351//351 330//330 313//313
f 352//352 59//59 335//335
f 353//353 314//314 336//336
f 353//353 331//331 314//314
f 354//354 332//332 315//315
f 354//354 315//315 337//337
f 355//355 333//333 316//316
f 355//355 316//316 338//338
f 356//356 334//334 317//317
f 356//356 317//317 339//339
f 357//357 335//335 318//318
f 357//357 318//318 340//340
f 358//358 336//336 319//319
f 358//358 319//319 341//341
f 359//359 337//337 320//320
f 359//359 320//320 342//342
f 360//360 338//338 321//321
f 360//360 321//321 343//343
f 361//361 21//21 22//22
f 361//361 339//339 322//322
f 361//361 40//40 21//21
f 361//361 322//322 40//40
f 362//362 340//340 323//323
f 362//362 323//323 344//344
f 363//363 341//341 324//324
f 363//363 324//324 345//345
f 364//364 342//342 325//325
f 364//364 325//325 346//346
f 365//365 343//343 326//326
f 365//365 326//326 347//347
f 366//366 327//327 348//348
f 366//366 344//344 327//327
f 367//367 345//345 328//328
f 367//367 328//328 349//349
f 368//368 346//346 329//329
f 368//368 329//329 350//350
f 369//369 347//347 330//330
f 369//369 330//330 351//351
f 370//370 59//59 352//352
f 371//371 331//331 353//353
f 371//371 348//348 331//331
f 372//372 332//332 354//354
f 372//372 349//349 332//332
f 373//373 350//350 333//333
f 373//373 333//333 355//355
f 374//374 351//351 334//334
f 374//374 334//334 356//356
f 375//375 335//335 357//357
f 375//375 352//352 335//335
f 376//376 336//336 358//358
f 376//376 353//353 336//336
f 377//377 354//354 337//337
f 377//377 337//337 359//359
f 378//378 338//338 360//360
f 378//378 355//355 338//338
f 379//379 22//22 23//23
f 379//379 361//361 22//22
f 379//379 356//356 339//339
f 379//379 339//339 361//361
f 380//380 357//357 340//340
f 380//380 340//340 362//362
f 381//381 341//341 363//363
f 381//381 358//358 341//341
f 382//382 342//342 364//364
f 382//382 359//359 342//342
f 383//383 343//343 365//365
f 383//383 360//360 343//343
f 384//384 344//344 366//366
f 384//384 362//362 344//344
f 385//385 345//345 367//367
f 385//385 363//363 345//345
f 386//386 364//364 346//346
f 386//386 346//346 368//368
f 387//387 347//347 369//369
f 387//387 365//365 347//347
f 388//388 59//59 370//370
f 389//389 366//366 348//348
f 389//389 348//348 371//371
f 390//390 349//349 372//372
f 390//390 367//367 349//349
f 391//391 350//350 373//373
f 391//391 368//368 350//350
f 392//392 369//369 351//351
f 392//392 351//351 374//374
f 393//393 352//352 375//375
f 393//393 370//370 352//352
f 394//394 371//371 353//353
f 394//394 353//353 376//376
f 395//395 372//372 354//354
f 395//395 354//354 377//377
f 396//396 373//373 355//355
f 396//396 355//355 378//378
f 397//397 23//23 24//24
f 397//397 374//374 356//356
f 397//397 356//356 379//379
f 397//397 379//379 23//23
f 398//398 375//375 357//357
f 398//398 357//357 380//380
f 399//399 358//358 381//381
f 399//399 376//376 358//358
f 400//400 377//377 359//359
f 400//400 359//359 382//382
f 401//401 360//360 383//383
f 401//401 378//378 360//360
f 402//402 362//362 384//384
f 402//402 380//380 362//362
f 403//403 381//381 363//363
f 403//403 363//363 385//385
f 404//404 364//364 386//386
f 404//404 382//382 364//364
f 405//405 383//383 365//365
f 405//405 365//365 387//387
f 406//406 59//59 388//388
f 407//407 384//384 366//366
f 407//407 366//366 389//389
f 408//408 385//385 367//367
f 408//408 367//367 390//390
f 409//409 368//368 391//391
f 409//409 386//386 368//368
f 410//410 369//369 392//392
f 410//410 387//387 369//369
f 411//411 388//388 370//370
f 411//411 370//370 393//393
f 412//412 371//371 394//394
f 412//412 389//389 371//371
f 413//413 372//372 395//395
f 413//413 390//390 372//372
f 414//414 391//391 373//373
f 414//414 373//373 396//396
f 415//415 24//24 25//25
f 415//415 397//397 24//24
f 415//415 392//392 374//374
f 415//415 374//374 397//397
f 416//416 393//393 375//375
f 416//416 375//375 398//398
f 417//417 394//394 376//376
f 417//417 376//376 399//399
f 418//418 377//377 400//400
f 418//418 395//395 377//377
f 419//419 378//378 401//401
f 419//419 396//396 378//378
f 420//420 398//398 380//380
f 420//420 380//380 402//402
f 421//421 381//381 403//403
f 421//421 399//399 381//381
f 422//422 400//400 382//382
f 422//422 382//382 404//404
f 423//423 383//383 405//405
f 423//423 401//401 383//383
f 424//424 59//59 406//406
f 425//425 384//384 407//407
f 425//425 402//402 384//384
f 426//426 385//385 408//408
f 426//426 403//403 385//385
f 427//427 404//404 386//386
f 427//427 386//386 409//409
f 428//428 405//405 387//387
f 428//428 387//387 410//410
f 429//429 406//406 388//388
f 429//429 388//388 411//411
f 430//430 407//407 389//389
f 430//430 389//389 412//412
f 431//431 408//408 390//390
f 431//431 390//390 413//413
f 432//432 409//409 391//391
f 432//432 391//391 414//414
f 433//433 25//25 26//26
f 433//433 415//415 25//25
f 433//433 410//410 392//392
f 433//433 392//392 415//415
f 434//434 393//393 416//416
f 434//434 411//411 393//393
f 435//435 412//412 394//394
f 435//435 394//394 417//417
f 436//436 395//395 418//418
f 436//436 413//413 395//395
f 437//437 414//414 396//396
f 437//437 396//396 419//419
f 438//438 398//398 420//420
f 438//438 416//416 398//398
f 439//439 399//399 421//421
f 439//439 417//417 399//399
f 440//440 400//400 422//422
f 440//440 418//418 400//400
f 441//441 419//419 401//401
f 441//441 401//401 423//423
f 442//442 59//59 424//424
f 443//443 420//420 402//402
f 443//443 402//402 425//425
f 444//444 403//403 426//426
f 444//444 421//421 403//403
f 445//445 422//422 404//404
f 445//445 404//404 427//427
f 446//446 405//405 428//428
f 446//446 423//423 405//405
f 447//447 424//424 406//406
f 447//447 406//406 429//429
f 448//448 407//407 430//430
f 448//448 425//425 407//407
f 449//449 426//426 408//408
f 449//449 408//408 431//431
f 450//450 409//409 432//432
f 450//450 427//427 409//409
f 451//451 410//410 433//433
f 451//451 26//26 27//27
f 451//451 428//428 410//410
f 451//451 433//433 26//26
f 452//452 411//411 434//434
f 452//452 429//429 411//411
f 453//453 412//412 435//435
f 453//453 430//430 412//412
f 454//454 413//413 436//436
f 454//454 431//431 413//413
f 455//455 432//432 414//414
f 455//455 414//414 437//437
f 456//456 434//434 416//416
f 456//456 416//416 438//438
f 457//457 417//417 439//439
f 457//457 435//435 417//417
f 458//458 436//436 418//418
f 458//458 418//418 440//440
f 459//459 419//419 441//441
f 459//459 437//437 419//419
f 460//460 59//59 442//442
f 461//461 438//438 420//420
f 461//461 420//420 443//443
f 462//462 439//439 421//421
f 462//462 421//421 444//444
f 463//463 440//440 422//422
f 463//463 422//422 445//445
f 464//464 441//441 423//423
f 464//464 423//423 446//446
f 465//465 424//424 447//447
f 465//465 442//442 424//424
f 466//466 443//443 425//425
f 466//466 425//425 448//448
f 467//467 426//426 449//449
f 467//467 444//444 426//426
f 468//468 445//445 427//427
f 468//468 427//427 450//450
f 469//469 451//451 27//27
f 469//469 27//27 28//28
f 469//469 446//446 428//428
f 469//469 428//428 451//451
f 470//470 447//447 429//429
f 470//470 429//429 452//452
f 471//471 430//430 453//453
f 471//471 448//448 430//430
f 472//472 431//431 454//454
f 472//472 449//449 431//431
f 473//473 450//450 432//432
f 473//473 432//432 455//455
f 474//474 452//452 434//434
f 474//474 434//434 456//456
f 475//475 435//435 457//457
f 475//475 453//453 435//435
f 476//476 454//454 436//436
f 476//476 436//436 458//458
f 477//477 455//455 437//437
f 477//477 437//437 459//459
f 478//478 59//59 460//460
f 478//478 60//60 59//59
f 478//478 61//61 60//60
f 479//479 456//456 438//438
f 479//479 438//438 461//461
f 480//480 457//457 439//439
f 480//480 439//439 462//462
f 481//481 458//458 440//440
f 481//481 440//440 463//463
f 482//482 459//459 441//441
f 482//482 441//441 464//464
f 483//483 460//460 442//442
f 483//483 442//442 465//465
f 484//484 443//443 466//466
f 484//484 461//461 443//443
f 485//485 444//444 467//467
f 485//485 462//462 444//444
f 486//486 463//463 445//445
f 486//486 445//445 468//468
f 487//487 446//446 469//469
f 487//487 28//28 29//29
f 487//487 469//469 28//28
f 487//487 464//464 446//446
f 488//488 447//447 470//470
f 488//488 465//465 447//447
f 489//489 448//448 471//471
f 489//489 466//466 448//448
f 490//490 449//449 472//472
f 490//490 467//467 449//449
f 491//491 468//468 450//450
f 491//491 450//450 473//473
f 492//492 470//470 452//452
f 492//492 452//452 474//474
f 493//493 471//471 453//453
f 493//493 453//453 475//475
f 494//494 454//454 476//476
f 494//494 472//472 454//454
f 495//495 473//473 455//455
f 495//495 455//455 477//477
f 496//496 474//474 456//456
f 496//496 456//456 479//479
f 497//497 475//475 457//457
f 497//497 457//457 480//480
f 498//498 476//476 458//458
f 498//498 458//458 481//481
f 499//499 477//477 459//459
f 499//499 459//459 482//482
f 500//500 61//61 478//478
f 500//500 460//460 483//483
f 500//500 478//478 460//460
f 501//501 461//461 484//484
f 501//501 479//479 461//461
f 502//502 462//462 485//485
f 502//502 480//480 462//462
f 503//503 463//463 486//486
f 503//503 481//481 463//463
f 504//504 29//29 30//30
f 504//504 482//482 464//464
f 504//504 487//487 29//29
f 504//504 464//464 487//487
f 505//505 483//483 465//465
f 505//505 465//465 488//488
f 506//506 466//466 489//489
f 506//506 484//484 466//466
f 507//507 485//485 467//467
f 507//507 467//467 490//490
f 508//508 486//486 468//468
f 508//508 468//468 491//491
f 509//509 488//488 470//470
f 509//509 470//470 492//492
f 510//510 489//489 471//471
f 510//510 471//471 493//493
f 511//511 490//490 472//472
f 511//511 472//472 494//494
f 512//512 473//473 495//495
f 512//512 491//491 473//473
f 513//513 492//492 474//474
f 513//513 474//474 496//496
f 514//514 493//493 475//475
f 514//514 475//475 497//497
f 515//515 494//494 476//476
f 515//515 476//476 498//498
f 516//516 477//477 499//499
f 516//516 495//495 477//477
f 517//517 496//496 479//479
f 517//517 479//479 501//501
f 518//518 480//480 502//502
f 518//518 497//497 480//480
f 519//519 498//498 481//481
f 519//519 481//481 503//503
f 520//520 499//499 482//482
f 520//520 504//504 30//30
f 520//520 482//482 504//504
f 520//520 30//30 31//31
f 521//521 500//500 483//483
f 521//521 483//483 505//505
f 522//522 501//501 484//484
f 522//522 484//484 506//506
f 523//523 502//502 485//485
f 523//523 485//485 507//507
f 524//524 486//486 508//508
f 524//524 503//503 486//486
f 525//525 505//505 488//488
f 525//525 488//488 509//509
f 526//526 506//506 489//489
f 526//526 489//489 510//510
f 527//527 490//490 511//511
f 527//527 507//507 490//490
f 528//528 508//508 491//491
f 528//528 491//491 512//512
f 529//529 509//509 492//492
f 529//529 492//492 513//513
f 530//530 493//493 514//514
f 530//530 510//510 493//493
f 531//531 494//494 515//515
f 531//531 511//511 494//494
f 532//532 512//512 495//495
f 532//532 495//495 516//516
f 533//533 496//496 517//517
f 533//533 513//513 496//496
f 534//534 497//497 518//518
f 534//534 514//514 497//497
f 535//535 498//498 519//519
f 535//535 515//515 498//498
f 536//536 31//31 32//32
f 536//536 516//516 499//499
f 536//536 520//520 31//31
f 536//536 499//499 520//520
f 537//537 500//500 521//521
f 537//537 61//61 500//500
f 537//537 62//62 61//61
f 537//537 63//63 62//62
f 538//538 501//501 522//522
f 538//538 517//517 501//501
f 539//539 518//518 502//502
f 539//539 502//502 523//523
f 540//540 519//519 503//503
f 540//540 503//503 524//524
f 541//541 505//505 525//525
f 541//541 521//521 505//505
f 542//542 522//522 506//506
f 542//542 506//506 526//526
f 543//543 523//523 507//507
f 543//543 507//507 527//527
f 544//544 524//524 508//508
f 544//544 508//508 528//528
f 545//545 509//509 529//529
f 545//545 525//525 509//509
f 546//546 526//526 510//510
f 546//546 510//510 530//530
f 547//547 527//527 511//511
f 547//547 511//511 531//531
f 548//548 512//512 532//532
f 548//548 528//528 512//512
f 549//549 529//529 513//513
f 549//549 513//513 533//533
f 550//550 514//514 534//534
f 550//550 530//530 514//514
f 551//551 515//515 535//535
f 551//551 531//531 515//515
f 552//552 516//516 536//536
f 552//552 32//32 33//33
f 552//552 536//536 32//32
f 552//552 532//532 516//516
f 553//553 533//533 517//517
f 553//553 517//517 538//538
f 554//554 518//518 539//539
f 554//554 534//534 518//518
f 555//555 535//535 519//519
f 555//555 519//519 540//540
f 556//556 63//63 537//537
f 556//556 521//521 541//541
f 556//556 537//537 521//521
f 557//557 522//522 542//542
f 557//557 538//538 522//522
f 558//558 539//539 523//523
f 558//558 523//523 543//543
f 559//559 540//540 524//524
f 559//559 524//524 544//544
f 560//560 525//525 545//545
f 560//560 541//541 525//525
f 561//561 542//542 526//526
f 561//561 526//526 546//546
f 562//562 527//527 547//547
f 562//562 543//543 527//527
f 563//563 528//528 548//548
f 563//563 544//544 528//528
f 564//564 545//545 529//529
f 564//564 529//529 549//549
f 565//565 530//530 550//550
f 565//565 546//546 530//530
f 566//566 547//547 531//531
f 566//566 531//531 551//551
f 567//567 548//548 532//532
f 567//567 33//33 34//34
f 567//567 552//552 33//33
f 567//567 532//532 552//552
f 568//568 549//549 533//533
f 568//568 533//533 553//553
f 569//569 550//550 534//534
f 569//569 534//534 554//554
f 570//570 551//551 535//535
f 570//570 535//535 555//555
f 571//571 553//553 538//538
f 571//571 538//538 557//557
f 572//572 554//554 539//539
f 572//572 539//539 558//558
f 573//573 540//540 559//559
f 573//573 555//555 540//540
f 574//574 556//556 541//541
f 574//574 541//541 560//560
f 575//575 542//542 561//561
f 575//575 557//557 542//542
f 576//576 558//558 543//543
f 576//576 543//543 562//562
f 577//577 559//559 544//544
f 577//577 544//544 563//563
f 578//578 560//560 545//545
f 578//578 545//545 564//564
f 579//579 561//561 546//546
f 579//579 546//546 565//565
f 580//580 547//547 566//566
f 580//580 562//562 547//547
f 581//581 567//567 34//34
f 581//581 34//34 35//35
f 581//581 563//563 548//548
f 581//581 548//548 567//567
f 582//582 549//549 568//568
f 582//582 564//564 549//549
f 583//583 550//550 569//569
f 583//583 565//565 550//550
f 584//584 566//566 551//551
f 584//584 551//551 570//570
f 585//585 568//568 553//553
f 585//585 553//553 571//571
f 586//586 569//569 554//554
f 586//586 554//554 572//572
f 587//587 570//570 555//555
f 587//587 555//555 573//573
f 588//588 556//556 574//574
f 588//588 64//64 63//63
f 588//588 65//65 64//64
f 588//588 63//63 556//556
f 589//589 571//571 557//557
f 589//589 557//557 575//575
f 590//590 572//572 558//558
f 590//590 558//558 576//576
f 591//591 573//573 559//559
f 591//591 559//559 577//577
f 592//592 560//560 578//578
f 592//592 574//574 560//560
f 593//593 575//575 561//561
f 593//593 561//561 579//579
f 594//594 576//576 562//562
f 594//594 562//562 580//580
f 595//595 581//581 35//35
f 595//595 563//563 581//581
f 595//595 35//35 36//36
f 595//595 577//577 563//563
f 596//596 564//564 582//582
f 596//596 578//578 564//564
f 597//597 579//579 565//565
f 597//597 565//565 583//583
f 598//598 580//580 566//566
f 598//598 566//566 584//584
f 599//599 568//568 585//585
f 599//599 582//582 568//568
f 600//600 583//583 569//569
f 600//600 569//569 586//586
f 601//601 584//584 570//570
f 601//601 570//570 587//587
f 602//602 571//571 589//589
f 602//602 585//585 571//571
f 603//603 586//586 572//572
f 603//603 572//572 590//590
f 604//604 587//587 573//573
f 604//604 573//573 591//591
f 605//605 574//574 592//592
f 605//605 588//588 574//574
f 605//605 65//65 588//588
f 606//606 575//575 593//593
f 606//606 589//589 575//575
f 607//607 590//590 576//576
f 607//607 576//576 594//594
f 608//608 591//591 577//577
f 608//608 36//36 37//37
f 608//608 577//577 595//595
f 608//608 595//595 36//36
f 609//609 592//592 578//578
f 609//609 578//578 596//596
f 610//610 593//593 579//579
f 610//610 579//579 597//597
f 611//611 580//580 598//598
f 611//611 594//594 580//580
f 612//612 582//582 599//599
f 612//612 596//596 582//582
f 613//613 597//597 583//583
f 613//613 583//583 600//600
f 614//614 584//584 601//601
f 614//614 598//598 584//584
f 615//615 585//585 602//602
f 615//615 599//599 585//585
f 616//616 586//586 603//603
f 616//616 600//600 586//586
f 617//617 587//587 604//604
f 617//617 601//601 587//587
f 618//618 589//589 606//606
f 618//618 602//602 589//589
f 619//619 603//603 590//590
f 619//619 590//590 607//607
f 620//620 604//604 591//591
f 620//620 37//37 38//38
f 620//620 591//591 608//608
f 620//620 608//608 37//37
f 621//621 592//592 609//609
f 621//621 605//605 592//592
f 622//622 606//606 593//593
f 622//622 593//593 610//610
f 623//623 607//607 594//594
f 623//623 594//594 611//611
f 624//624 596//596 612//612
f 624//624 609//609 596//596
f 625//625 610//610 597//597
f 625//625 597//597 613//613
f 626//626 611//611 598//598
f 626//626 598//598 614//614
f 627//627 599//599 615//615
f 627//627 612//612 599//599
f 628//628 613//613 600//600
f 628//628 600//600 616//616
f 629//629 614//614 601//601
f 629//629 601//601 617//617
f 630//630 615//615 602//602
f 630//630 602//602 618//618
f 631//631 616//616 603//603
f 631//631 603//603 619//619
f 632//632 620//620 38//38
f 632//632 38//38 39//39
f 632//632 617//617 604//604
f 632//632 604//604 620//620
f 633//633 65//65 605//605
f 633//633 605//605 621//621
f 633//633 66//66 65//65
f 633//633 67//67 66//66
f 634//634 606//606 622//622
f 634//634 618//618 606//606
f 635//635 619//619 607//607
f 635//635 607//607 623//623
f 636//636 609//609 624//624
f 636//636 621//621 609//609
f 637//637 622//622 610//610
f 637//637 610//610 625//625
f 638//638 611//611 626//626
f 638//638 623//623 611//611
f 639//639 624//624 612//612
f 639//639 612//612 627//627
f 640//640 613//613 628//628
f 640//640 625//625 613//613
f 641//641 626//626 614//614
f 641//641 614//614 629//629
f 642//642 615//615 630//630
f 642//642 627//627 615//615
f 643//643 628//628 616//616
f 643//643 616//616 631//631
f 644//644 632//632 39//39
f 644//644 20//20 19//19
f 644//644 39//39 20//20
f 644//644 629//629 617//617
f 644//644 617//617 632//632
f 645//645 630//630 618//618
f 645//645 618//618 634//634
f 646//646 619//619 635//635
f 646//646 631//631 619//619
f 647//647 67//67 633//633
f 647//647 621//621 636//636
f 647//647 633//633 621//621
f 648//648 634//634 622//622
f 648//648 622//622 637//637
f 649//649 635//635 623//623
f 649//649 623//623 638//638
f 650//650 624//624 639//639
f 650//650 636//636 624//624
f 651//651 637//637 625//625
f 651//651 625//625 640//640
f 652//652 638//638 626//626
f 652//652 626//626 641//641
f 653//653 627//627 642//642
f 653//653 639//639 627//627
f 654//654 640//640 628//628
f 654//654 628//628 643//643
f 655//655 641//641 629//629
f 655//655 629//629 644//644
f 655//655 644//644 19//19
f 656//656 630//630 645//645
f 656//656 642//642 630//630
f 657//657 643//643 631//631
f 657//657 631//631 646//646
f 658//658 634//634 648//648
f 658//658 645//645 634//634
f 659//659 646//646 635//635
f 659//659 635//635 649//649
f 660//660 636//636 650//650
f 660//660 647//647 636//636
f 661//661 637//637 651//651
f 661//661 648//648 637//637
f 662//662 638//638 652//652
f 662//662 649//649 638//638
f 663//663 650//650 639//639
f 663//663 639//639 653//653
f 664//664 651//651 640//640
f 664//664 640//640 654//654
f 665//665 19//19 18//18
f 665//665 655//655 19//19
f 665//665 652//652 641//641
f 665//665 641//641 655//655
f 666//666 653//653 642//642
f 666//666 642//642 656//656
f 667//667 654//654 643//643
f 667//667 643//643 657//657
f 668//668 645//645 658//658
f 668//668 656//656 645//645
f 669//669 657//657 646//646
f 669//669 646//646 659//659
f 670//670 68//68 67//67
f 670//670 69//69 68//68
f 670//670 67//67 647//647
f 670//670 647//647 660//660
f 671//671 658//658 648//648
f 671//671 648//648 661//661
f 672//672 659//659 649//649
f 672//672 649//649 662//662
f 673//673 660//660 650//650
f 673//673 650//650 663//663
f 674//674 651//651 664//664
f 674//674 661//661 651//651
f 675//675 18//18 17//17
f 675//675 665//665 18//18
f 675//675 662//662 652//652
f 675//675 652//652 665//665
f 676//676 653//653 666//666
f 676//676 663//663 653//653
f 677//677 654//654 667//667
f 677//677 664//664 654//654
f 678//678 666//666 656//656
f 678//678 656//656 668//668
f 679//679 667//667 657//657
f 679//679 657//657 669//669
f 680//680 658//658 671//671
f 680//680 668//668 658//658
f 681//681 659//659 672//672
f 681//681 669//669 659//659
f 682//682 69//69 670//670
f 682//682 670//670 660//660
f 682//682 660//660 673//673
f 683//683 671//671 661//661
f 683//683 661//661 674//674
f 684//684 17//17 16//16
f 684//684 672//672 662//662
f 684//684 662//662 675//675
f 684//684 675//675 17//17
f 685//685 673//673 663//663
f 685//685 663//663 676//676
f 686//686 664//664 677//677
f 686//686 674//674 664//664
f 687//687 666//666 678//678
f 687//687 676//676 666//666
f 688//688 677//677 667//667
f 688//688 667//667 679//679
f 689//689 678//678 668//668
f 689//689 668//668 680//680
f 690//690 669//669 681//681
f 690//690 679//679 669//669
f 691//691 680//680 671//671
f 691//691 671//671 683//683
f 692//692 16//16 15//15
f 692//692 672//672 684//684
f 692//692 681//681 672//672
f 692//692 684//684 16//16
f 693//693 673//673 685//685
f 693//693 682//682 673//673
f 694//694 683//683 674//674
f 694//694 674//674 686//686
f 695//695 676//676 687//687
f 695//695 685//685 676//676
f 696//696 677//677 688//688
f 696//696 686//686 677//677
f 697//697 678//678 689//689
f 697//697 687//687 678//678
f 698//698 688//688 679//679
f 698//698 679//679 690//690
f 699//699 689//689 680//680
f 699//699 680//680 691//691
f 700//700 15//15 14//14
f 700//700 692//692 15//15
f 700//700 690//690 681//681
f 700//700 681//681 692//692
f 701//701 69//69 682//682
f 701//701 70//70 69//69
f 701//701 71//71 70//70
f 701//701 682//682 693//693
f 702//702 691//691 683//683
f 702//702 683//683 694//694
f 703//703 693//693 685//685
f 703//703 685//685 695//695
f 704//704 694//694 686//686
f 704//704 686//686 696//696
f 705//705 687//687 697//697
f 705//705 695//695 687//687
f 706//706 696//696 688//688
f 706//706 688//688 698//698
f 707//707 689//689 699//699
f 707//707 697//697 689//689
f 708//708 690//690 700//700
f 708//708 14//14 13//13
f 708//708 700//700 14//14
f 708//708 698//698 690//690
f 709//709 691//691 702//702
f 709//709 699//699 691//691
f 710//710 71//71 701//701
f 710//710 701//701 693//693
f 710//710 693//693 703//703
f 711//711 702//702 694//694
f 711//711 694//694 704//704
f 712//712 703//703 695//695
f 712//712 695//695 705//705
f 713//713 704//704 696//696
f 713//713 696//696 706//706
f 714//714 697//697 707//707
f 714//714 705//705 697//697
f 715//715 13//13 12//12
f 715//715 706//706 698//698
f 715//715 698//698 708//708
f 715//715 708//708 13//13
f 716//716 699//699 709//709
f 716//716 707//707 699//699
f 717//717 709//709 702//702
f 717//717 702//702 711//711
f 718//718 710//710 703//703
f 718//718 703//703 712//712
f 719//719 711//711 704//704
f 719//719 704//704 713//713
f 720//720 712//712 705//705
f 720//720 705//705 714//714
f 721//721 11//11 10//10
f 721//721 12//12 11//11
f 721//721 715//715 12//12
f 721//721 713//713 706//706
f 721//721 706//706 715//715
f 722//722 714//714 707//707
f 722//722 707//707 716//716
f 723//723 709//709 717//717
f 723//723 716//716 709//709
f 724//724 710//710 718//718
f 724//724 71//71 710//710
f 724//724 72//72 71//71
f 724//724 73//73 72//72
f 725//725 717//717 711//711
f 725//725 711//711 719//719
f 726//726 718//718 712//712
f 726//726 712//712 720//720
f 727//727 719//719 713//713
f 727//727 713//713 721//721
f 727//727 721//721 10//10
f 728//728 714//714 722//722
f 728//728 720//720 714//714
f 729//729 722//722 716//716
f 729//729 716//716 723//723
f 730//730 723//723 717//717
f 730//730 717//717 725//725
f 731//731 724//724 718//718
f 731//731 718//718 726//726
f 731//731 73//73 724//724
f 732//732 10//10 9//9
f 732//732 725//725 719//719
f 732//732 719//719 727//727
f 732//732 727//727 10//10
f 733//733 726//726 720//720
f 733//733 720//720 728//728
f 734//734 722//722 729//729
f 734//734 728//728 722//722
f 735//735 729//729 723//723
f 735//735 723//723 730//730
f 736//736 9//9 8//8
f 736//736 732//732 9//9
f 736//736 730//730 725//725
f 736//736 725//725 732//732
f 737//737 726//726 733//733
f 737//737 731//731 726//726
f 738//738 733//733 728//728
f 738//738 728//728 734//734
f 739//739 729//729 735//735
f 739//739 734//734 729//729
f 740//740 735//735 730//730
f 740//740 8//8 7//7
f 740//740 736//736 8//8
f 740//740 730//730 736//736
f 741//741 731//731 737//737
f 741//741 74//74 73//73
f 741//741 75//75 74//74
f 741//741 73//73 731//731
f 742//742 737//737 733//733
f 742//742 733//733 738//738
f 743//743 734//734 739//739
f 743//743 738//738 734//734
f 744//744 7//7 6//6
f 744//744 735//735 740//740
f 744//744 740//740 7//7
f 744//744 739//739 735//735
f 745//745 737//737 742//742
f 745//745 75//75 741//741
f 745//745 741//741 737//737
f 746//746 742//742 738//738
f 746//746 738//738 743//743
f 747//747 743//743 739//739
f 747//747 6//6 5//5
f 747//747 744//744 6//6
f 747//747 739//739 744//744
f 748//748 745//745 742//742
f 748//748 742//742 746//746
f 749//749 5//5 4//4
f 749//749 743//743 747//747
f 749//749 747//747 5//5
f 749//749 746//746 743//743
f 750//750 745//745 748//748
f 750//750 75//75 745//745
f 750//750 76//76 75//75
f 750//750 77//77 76//76
f 751//751 4//4 3//3
f 751//751 748//748 746//746
f 751//751 749//749 4//4
f 751//751 746//746 749//749
f 752//752 2//2 1//1
f 752//752 3//3 2//2
f 752//752 750//750 748//748
f 752//752 751//751 3//3
f 752//752 77//77 750//750
f 752//752 748//748 751//751
f 752//752 1//1 77//77
f 834//834 792//792 793//793
f 834//834 793//793 794//794
f 834//834 794//794 795//795
f 835//835 834//834 795//795
f 835//835 795//795 796//796
f 836//836 835//835 796//796
f 836//836 796//796 797//797
f 837//837 792//792 834//834
f 837//837 834//834 835//835
f 838//838 797//797 798//798
f 838//838 836//836 797//797
f 839//839 837//837 835//835
f 839//839 835//835 836//836
f 840//840 790//790 791//791
f 840//840 791//791 792//792
f 840//840 792//792 837//837
f 841//841 798//798 799//799
f 841//841 838//838 798//798
f 842//842 836//836 838//838
f 842//842 839//839 836//836
f 843//843 837//837 839//839
f 843//843 840//840 837//837
f 844//844 799//799 800//800
f 844//844 841//841 799//799
f 845//845 838//838 841//841
f 845//845 842//842 838//838
f 846//846 843//843 839//839
f 846//846 839//839 842//842
f 847//847 790//790 840//840
f 847//847 840//840 843//843
f 848//848 800//800 801//801
f 848//848 844//844 800//800
f 849//849 845//845 841//841
f 849//849 841//841 844//844
f 850//850 846//846 842//842
f 850//850 842//842 845//845
f 851//851 847//847 843//843
f 851//851 843//843 846//846
f 852//852 790//790 847//847
f 852//852 788//788 789//789
f 852//852 789//789 790//790
f 853//853 801//801 802//802
f 853//853 848//848 801//801
f 854//854 849//849 844//844
f 854//854 844//844 848//848
f 855//855 845//845 849//849
f 855//855 850//850 845//845
f 856//856 851//851 846//846
f 856//856 846//846 850//850
f 857//857 847//847 851//851
f 857//857 852//852 847//847
f 858//858 853//853 802//802
f 858//858 802//802 803//803
f 859//859 854//854 848//848
f 859//859 848//848 853//853
f 860//860 849//849 854//854
f 860//860 855//855 849//849
f 861//861 856//856 850//850
f 861//861 850//850 855//855
f 862//862 851//851 856//856
f 862//862 857//857 851//851
f 863//863 858//858 803//803
f 863//863 803//803 804//804
f 864//864 788//788 852//852
f 864//864 852//852 857//857
f 865//865 859//859 853//853
f 865//865 853//853 858//858
f 866//866 860//860 854//854
f 866//866 854//854 859//859
f 867//867 855//855 860//860
f 867//867 861//861 855//855
f 868//868 862//862 856//856
f 868//868 856//856 861//861
f 869//869 863//863 804//804
f 869//869 804//804 805//805
f 870//870 857//857 862//862
f 870//870 864//864 857//857
f 871//871 858//858 863//863
f 871//871 865//865 858//858
f 872//872 786//786 787//787
f 872//872 787//787 788//788
f 872//872 788//788 864//864
f 873//873 859//859 865//865
f 873//873 866//866 859//859
f 874//874 860//860 866//866
f 874//874 867//867 860//860
f 875//875 861//861 867//867
f 875//875 868//868 861//861
f 876//876 805//805 806//806
f 876//876 869//869 805//805
f 877//877 870//870 862//862
f 877//877 862//862 868//868
f 878//878 863//863 869//869
f 878//878 871//871 863//863
f 879//879 864//864 870//870
f 879//879 872//872 864//864
f 880//880 865//865 871//871
f 880//880 873//873 865//865
f 881//881 866//866 873//873
f 881//881 874//874 866//866
f 882//882 867//867 874//874
f 882//882 875//875 867//867
f 883//883 806//806 807//807
f 883//883 876//876 806//806
f 884//884 868//868 875//875
f 884//884 877//877 868//868
f 885//885 869//869 876//876
f 885//885 878//878 869//869
f 886//886 870//870 877//877
f 886//886 879//879 870//870
f 887//887 880//880 871//871
f 887//887 871//871 878//878
f 888//888 786//786 872//872
f 888//888 872//872 879//879
f 889//889 873//873 880//880
f 889//889 881//881 873//873
f 890//890 882//882 874//874
f 890//890 874//874 881//881
f 891//891 807//807 808//808
f 891//891 883//883 807//807
f 892//892 884//884 875//875
f 892//892 875//875 882//882
f 893//893 885//885 876//876
f 893//893 876//876 883//883
f 894//894 886//886 877//877
f 894//894 877//877 884//884
f 895//895 887//887 878//878
f 895//895 878//878 885//885
f 896//896 888//888 879//879
f 896//896 879//879 886//886
f 897//897 880//880 887//887
f 897//897 889//889 880//880
f 898//898 786//786 888//888
f 898//898 784//784 785//785
f 898//898 785//785 786//786
f 899//899 890//890 881//881
f 899//899 881//881 889//889
f 900//900 808//808 809//809
f 900//900 891//891 808//808
f 901//901 882//882 890//890
f 901//901 892//892 882//882
f 902//902 893//893 883//883
f 902//902 883//883 891//891
f 903//903 884//884 892//892
f 903//903 894//894 884//884
f 904//904 895//895 885//885
f 904//904 885//885 893//893
f 905//905 886//886 894//894
f 905//905 896//896 886//886
f 906//906 897//897 887//887
f 906//906 887//887 895//895
f 907//907 898//898 888//888
f 907//907 888//888 896//896
f 908//908 899//899 889//889
f 908//908 889//889 897//897
f 909//909 809//809 810//810
f 909//909 900//900 809//809
f 910//910 901//901 890//890
f 910//910 890//890 899//899
f 911//911 891//891 900//900
f 911//911 902//902 891//891
f 912//912 892//892 901//901
f 912//912 903//903 892//892
f 913//913 893//893 902//902
f 913//913 904//904 893//893
f 914//914 905//905 894//894
f 914//914 894//894 903//903
f 915//915 895//895 904//904
f 915//915 906//906 895//895
f 916//916 896//896 905//905
f 916//916 907//907 896//896
f 917//917 897//897 906//906
f 917//917 908//908 897//897
f 918//918 784//784 898//898
f 918//918 898//898 907//907
f 919//919 810//810 811//811
f 919//919 909//909 810//810
f 920//920 899//899 908//908
f 920//920 910//910 899//899
f 921//921 911//911 900//900
f 921//921 900//900 909//909
f 922//922 912//912 901//901
f 922//922 901//901 910//910
f 923//923 902//902 911//911
f 923//923 913//913 902//902
f 924//924 903//903 912//912
f 924//924 914//914 903//903
f 925//925 915//915 904//904
f 925//925 904//904 913//913
f 926//926 905//905 914//914
f 926//926 916//916 905//905
f 927//927 906//906 915//915
f 927//927 917//917 906//906
f 928//928 907//907 916//916
f 928//928 918//918 907//907
f 929//929 811//811 812//812
f 929//929 919//919 811//811
f 930//930 908//908 917//917
f 930//930 920//920 908//908
f 931//931 784//784 918//918
f 931//931 782//782 783//783
f 931//931 783//783 784//784
f 932//932 921//921 909//909
f 932//932 909//909 919//919
f 933//933 910//910 920//920
f 933//933 922//922 910//910
f 934//934 911//911 921//921
f 934//934 923//923 911//911
f 935//935 924//924 912//912
f 935//935 912//912 922//922
f 936//936 925//925 913//913
f 936//936 913//913 923//923
f 937//937 914//914 924//924
f 937//937 926//926 914//914
f 938//938 915//915 925//925
f 938//938 927//927 915//915
f 939//939 916//916 926//926
f 939//939 928//928 916//916
f 940//940 812//812 813//813
f 940//940 929//929 812//812
f 941//941 930//930 917//917
f 941//941 917//917 927//927
f 942//942 931//931 918//918
f 942//942 918//918 928//928
f 943//943 919//919 929//929
f 943//943 932//932 919//919
f 944//944 920//920 930//930
f 944//944 933//933 920//920
f 945//945 921//921 932//932
f 945//945 934//934 921//921
f 946//946 922//922 933//933
f 946//946 935//935 922//922
f 947//947 936//936 923//923
f 947//947 923//923 934//934
f 948//948 924//924 935//935
f 948//948 937//937 924//924
f 949//949 938//938 925//925
f 949//949 925//925 936//936
f 950//950 926//926 937//937
f 950//950 939//939 926//926
f 951//951 940//940 813//813
f 951//951 813//813 814//814
f 951//951 814//814 833//833
f 952//952 927//927 938//938
f 952//952 941//941 927//927
f 953//953 928//928 939//939
f 953//953 942//942 928//928
f 954//954 943//943 929//929
f 954//954 929//929 940//940
f 955//955 930//930 941//941
f 955//955 944//944 930//930
f 956//956 782//782 931//931
f 956//956 931//931 942//942
f 957//957 932//932 943//943
f 957//957 945//945 932//932
f 958//958 933//933 944//944
f 958//958 946//946 933//933
f 959//959 934//934 945//945
f 959//959 947//947 934//934
f 960//960 935//935 946//946
f 960//960 948//948 935//935
f 961//961 949//949 936//936
f 961//961 936//936 947//947
f 962//962 937//937 948//948
f 962//962 950//950 937//937
f 963//963 951//951 833//833
f 963//963 833//833 832//832
f 964//964 938//938 949//949
f 964//964 952//952 938//938
f 965//965 953//953 939//939
f 965//965 939//939 950//950
f 966//966 954//954 940//940
f 966//966 940//940 951//951
f 967//967 955//955 941//941
f 967//967 941//941 952//952
f 968//968 956//956 942//942
f 968//968 942//942 953//953
f 969//969 957//957 943//943
f 969//969 943//943 954//954
f 970//970 944//944 955//955
f 970//970 958//958 944//944
f 971//971 782//782 956//956
f 971//971 780//780 781//781
f 971//971 781//781 782//782
f 972//972 945//945 957//957
f 972//972 959//959 945//945
f 973//973 946//946 958//958
f 973//973 960//960 946//946
f 974//974 961//961 947//947
f 974//974 947//947 959//959
f 975//975 948//948 960//960
f 975//975 962//962 948//948
f 976//976 963//963 832//832
f 976//976 832//832 831//831
f 977//977 964//964 949//949
f 977//977 949//949 961//961
f 978//978 965//965 950//950
f 978//978 950//950 962//962
f 979//979 951//951 963//963
f 979//979 966//966 951//951
f 980//980 967//967 952//952
f 980//980 952//952 964//964
f 981//981 968//968 953//953
f 981//981 953//953 965//965
f 982//982 969//969 954//954
f 982//982 954//954 966//966
f 983//983 955//955 967//967
f 983//983 970//970 955//955
f 984//984 971//971 956//956
f 984//984 956//956 968//968
f 985//985 972//972 957//957
f 985//985 957//957 969//969
f 986//986 958//958 970//970
f 986//986 973//973 958//958
f 987//987 974//974 959//959
f 987//987 959//959 972//972
f 988//988 975//975 960//960
f 988//988 960//960 973//973
f 989//989 831//831 830//830
f 989//989 976//976 831//831
f 990//990 977//977 961//961
f 990//990 961//961 974//974
f 991//991 962//962 975//975
f 991//991 978//978 962//962
f 992//992 979//979 963//963
f 992//992 963//963 976//976
f 993//993 964//964 977//977
f 993//993 980//980 964//964
f 994//994 965//965 978//978
f 994//994 981//981 965//965
f 995//995 982//982 966//966
f 995//995 966//966 979//979
f 996//996 967//967 980//980
f 996//996 983//983 967//967
f 997//997 984//984 968//968
f 997//997 968//968 981//981
f 998//998 985//985 969//969
f 998//998 969//969 982//982
f 999//999 986//986 970//970
f 999//999 970//970 983//983
f 1000//1000 780//780 971//971
f 1000//1000 971//971 984//984
f 1001//1001 987//987 972//972
f 1001//1001 972//972 985//985
f 1002//1002 973//973 986//986
f 1002//1002 988//988 973//973
f 1003//1003 989//989 830//830
f 1003//1003 830//830 829//829
f 1004//1004 990//990 974//974
f 1004//1004 974//974 987//987
f 1005//1005 975//975 988//988
f 1005//1005 991//991 975//975
f 1006//1006 976//976 989//989
f 1006//1006 992//992 976//976
f 1007//1007 977//977 990//990
f 1007//1007 993//993 977//977
f 1008//1008 978//978 991//991
f 1008//1008 994//994 978//978
f 1009//1009 995//995 979//979
f 1009//1009 979//979 992//992
f 1010//1010 980//980 993//993
f 1010//1010 996//996 980//980
f 1011//1011 997//997 981//981
f 1011//1011 981//981 994//994
f 1012//1012 982//982 995//995
f 1012//1012 998//998 982//982
f 1013//1013 999//999 983//983
f 1013//1013 983//983 996//996
f 1014//1014 1000//1000 984//984
f 1014//1014 984//984 997//997
f 1015//1015 985//985 998//998
f 1015//1015 1001//1001 985//985
f 1016//1016 1002//1002 986//986
f 1016//1016 986//986 999//999
f 1017//1017 1003//1003 829//829
f 1017//1017 829//829 828//828
f 1018//1018 780//780 1000//1000
f 1018//1018 778//778 779//779
f 1018//1018 779//779 780//780
f 1019//1019 1004//1004 987//987
f 1019//1019 987//987 1001//1001
f 1020//1020 988//988 1002//1002
f 1020//1020 1005//1005 988//988
f 1021//1021 989//989 1003//1003
f 1021//1021 1006//1006 989//989
f 1022//1022 1007//1007 990//990
f 1022//1022 990//990 1004//1004
f 1023//1023 991//991 1005//1005
f 1023//1023 1008//1008 991//991
f 1024//1024 992//992 1006//1006
f 1024//1024 1009//1009 992//992
f 1025//1025 1010//1010 993//993
f 1025//1025 993//993 1007//1007
f 1026//1026 994//994 1008//1008
f 1026//1026 1011//1011 994//994
f 1027//1027 995//995 1009//1009
f 1027//1027 1012//1012 995//995
f 1028//1028 996//996 1010//1010
f 1028//1028 1013//1013 996//996
f 1029//1029 997//997 1011//1011
f 1029//1029 1014//1014 997//997
f 1030//1030 1015//1015 998//998
f 1030//1030 998//998 1012//1012
f 1031//1031 1016//1016 999//999
f 1031//1031 999//999 1013//1013
f 1032//1032 1017//1017 828//828
f 1032//1032 828//828 827//827
f 1033//1033 1000//1000 1014//1014
f 1033//1033 1018//1018 1000//1000
f 1034//1034 1019//1019 1001//1001
f 1034//1034 1001//1001 1015//1015
f 1035//1035 1020//1020 1002//1002
f 1035//1035 1002//1002 1016//1016
f 1036//1036 1021//1021 1003//1003
f 1036//1036 1003//1003 1017//1017
f 1037//1037 1022//1022 1004//1004
f 1037//1037 1004//1004 1019//1019
f 1038//1038 1005//1005 1020//1020
f 1038//1038 1023//1023 1005//1005
f 1039//1039 1006//1006 1021//1021
f 1039//1039 1024//1024 1006//1006
f 1040//1040 1007//1007 1022//1022
f 1040//1040 1025//1025 1007//1007
f 1041//1041 1008//1008 1023//1023
f 1041//1041 1026//1026 1008//1008
f 1042//1042 1009//1009 1024//1024
f 1042//1042 1027//1027 1009//1009
f 1043//1043 1010//1010 1025//1025
f 1043//1043 1028//1028 1010//1010
f 1044//1044 1011//1011 1026//1026
f 1044//1044 1029//1029 1011//1011
f 1045//1045 1030//1030 1012//1012
f 1045//1045 1012//1012 1027//1027
f 1046//1046 1031//1031 1013//1013
f 1046//1046 1013//1013 1028//1028
f 1047//1047 1032//1032 827//827
f 1047//1047 827//827 826//826
f 1048//1048 1033//1033 1014//1014
f 1048//1048 1014//1014 1029//1029
f 1049//1049 1015//1015 1030//1030
f 1049//1049 1034//1034 1015//1015
f 1050//1050 1016//1016 1031//1031
f 1050//1050 1035//1035 1016//1016
f 1051//1051 1036//1036 1017//1017
f 1051//1051 1017//1017 1032//1032
f 1052//1052 778//778 1018//1018
f 1052//1052 1018//1018 1033//1033
f 1053//1053 1019//1019 1034//1034
f 1053//1053 1037//1037 1019//1019
f 1054//1054 1020//1020 1035//1035
f 1054//1054 1038//1038 1020//1020
f 1055//1055 1039//1039 1021//1021
f 1055//1055 1021//1021 1036//1036
f 1056//1056 1022//1022 1037//1037
f 1056//1056 1040//1040 1022//1022
f 1057//1057 1041//1041 1023//1023
f 1057//1057 1023//1023 1038//1038
f 1058//1058 1024//1024 1039//1039
f 1058//1058 1042//1042 1024//1024
f 1059//1059 1025//1025 1040//1040
f 1059//1059 1043//1043 1025//1025
f 1060//1060 1026//1026 1041//1041
f 1060//1060 1044//1044 1026//1026
f 1061//1061 1027//1027 1042//1042
f 1061//1061 1045//1045 1027//1027
f 1062//1062 1028//1028 1043//1043
f 1062//1062 1046//1046 1028//1028
f 1063//1063 826//826 825//825
f 1063//1063 1047//1047 826//826
f 1064//1064 1029//1029 1044//1044
f 1064//1064 1048//1048 1029//1029
f 1065//1065 1049//1049 1030//1030
f 1065//1065 1030//1030 1045//1045
f 1066//1066 1031//1031 1046//1046
f 1066//1066 1050//1050 1031//1031
f 1067//1067 1051//1051 1032//1032
f 1067//1067 1032//1032 1047//1047
f 1068//1068 1033//1033 1048//1048
f 1068//1068 1052//1052 1033//1033
f 1069//1069 1053//1053 1034//1034
f 1069//1069 1034//1034 1049//1049
f 1070//1070 1035//1035 1050//1050
f 1070//1070 1054//1054 1035//1035
f 1071//1071 1036//1036 1051//1051
f 1071//1071 1055//1055 1036//1036
f 1072//1072 776//776 777//777
f 1072//1072 777//777 778//778
f 1072//1072 778//778 1052//1052
f 1073//1073 1056//1056 1037//1037
f 1073//1073 1037//1037 1053//1053
f 1074//1074 1038//1038 1054//1054
f 1074//1074 1057//1057 1038//1038
f 1075//1075 1039//1039 1055//1055
f 1075//1075 1058//1058 1039//1039
f 1076//1076 1040//1040 1056//1056
f 1076//1076 1059//1059 1040//1040
f 1077//1077 1041//1041 1057//1057
f 1077//1077 1060//1060 1041//1041
f 1078//1078 1042//1042 1058//1058
f 1078//1078 1061//1061 1042//1042
f 1079//1079 1043//1043 1059//1059
f 1079//1079 1062//1062 1043//1043
f 1080//1080 1063//1063 825//825
f 1080//1080 825//825 824//824
f 1081//1081 1044//1044 1060//1060
f 1081//1081 1064//1064 1044//1044
f 1082//1082 1045//1045 1061//1061
f 1082//1082 1065//1065 1045//1045
f 1083//1083 1066//1066 1046//1046
f 1083//1083 1046//1046 1062//1062
f 1084//1084 1047//1047 1063//1063
f 1084//1084 1067//1067 1047//1047
f 1085//1085 1068//1068 1048//1048
f 1085//1085 1048//1048 1064//1064
f 1086//1086 1069//1069 1049//1049
f 1086//1086 1049//1049 1065//1065
f 1087//1087 1070//1070 1050//1050
f 1087//1087 1050//1050 1066//1066
f 1088//1088 1071//1071 1051//1051
f 1088//1088 1051//1051 1067//1067
f 1089//1089 1052//1052 1068//1068
f 1089//1089 1072//1072 1052//1052
f 1090//1090 1053//1053 1069//1069
f 1090//1090 1073//1073 1053//1053
f 1091//1091 1054//1054 1070//1070
f 1091//1091 1074//1074 1054//1054
f 1092//1092 1055//1055 1071//1071
f 1092//1092 1075//1075 1055//1055
f 1093//1093 1056//1056 1073//1073
f 1093//1093 1076//1076 1056//1056
f 1094//1094 1057//1057 1074//1074
f 1094//1094 1077//1077 1057//1057
f 1095//1095 1078//1078 1058//1058
f 1095//1095 1058//1058 1075//1075
f 1096//1096 1079//1079 1059//1059
f 1096//1096 1059//1059 1076//1076
f 1097//1097 824//824 823//823
f 1097//1097 1080//1080 824//824
f 1098//1098 1060//1060 1077//1077
f 1098//1098 1081//1081 1060//1060
f 1099//1099 1082//1082 1061//1061
f 1099//1099 1061//1061 1078//1078
f 1100//1100 1062//1062 1079//1079
f 1100//1100 1083//1083 1062//1062
f 1101//1101 1084//1084 1063//1063
f 1101//1101 1063//1063 1080//1080
f 1102//1102 1085//1085 1064//1064
f 1102//1102 1064//1064 1081//1081
f 1103//1103 1086//1086 1065//1065
f 1103//1103 1065//1065 1082//1082
f 1104//1104 1066//1066 1083//1083
f 1104//1104 1087//1087 1066//1066
f 1105//1105 1088//1088 1067//1067
f 1105//1105 1067//1067 1084//1084
f 1106//1106 1089//1089 1068//1068
f 1106//1106 1068//1068 1085//1085
f 1107//1107 1090//1090 1069//1069
f 1107//1107 1069//1069 1086//1086
f 1108//1108 1091//1091 1070//1070
f 1108//1108 1070//1070 1087//1087
f 1109//1109 1071//1071 1088//1088
f 1109//1109 1092//1092 1071//1071
f 1110//1110 1072//1072 1089//1089
f 1110//1110 776//776 1072//1072
f 1111//1111 1073//1073 1090//1090
f 1111//1111 1093//1093 1073//1073
f 1112//1112 1074//1074 1091//1091
f 1112//1112 1094//1094 1074//1074
f 1113//1113 1075//1075 1092//1092
f 1113//1113 1095//1095 1075//1075
f 1114//1114 1076//1076 1093//1093
f 1114//1114 1096//1096 1076//1076
f 1115//1115 1097//1097 823//823
f 1115//1115 823//823 822//822
f 1116//1116 1077//1077 1094//1094
f 1116//1116 1098//1098 1077//1077
f 1117//1117 1099//1099 1078//1078
f 1117//1117 1078//1078 1095//1095
f 1118//1118 1100//1100 1079//1079
f 1118//1118 1079//1079 1096//1096
f 1119//1119 1101//1101 1080//1080
f 1119//1119 1080//1080 1097//1097
f 1120//1120 1081//1081 1098//1098
f 1120//1120 1102//1102 1081//1081
f 1121//1121 1103//1103 1082//1082
f 1121//1121 1082//1082 1099//1099
f 1122//1122 1083//1083 1100//1100
f 1122//1122 1104//1104 1083//1083
f 1123//1123 1084//1084 1101//1101
f 1123//1123 1105//1105 1084//1084
f 1124//1124 1085//1085 1102//1102
f 1124//1124 1106//1106 1085//1085
f 1125//1125 1086//1086 1103//1103
f 1125//1125 1107//1107 1086//1086
f 1126//1126 1108//1108 1087//1087
f 1126//1126 1087//1087 1104//1104
f 1127//1127 1109//1109 1088//1088
f 1127//1127 1088//1088 1105//1105
f 1128//1128 1089//1089 1106//1106
f 1128//1128 1110//1110 1089//1089
f 1129//1129 1090//1090 1107//1107
f 1129//1129 1111//1111 1090//1090
f 1130//1130 1112//1112 1091//1091
f 1130//1130 1091//1091 1108//1108
f 1131//1131 1092//1092 1109//1109
f 1131//1131 1113//1113 1092//1092
f 1132//1132 774//774 775//775
f 1132//1132 775//775 776//776
f 1132//1132 776//776 1110//1110
f 1133//1133 1114//1114 1093//1093
f 1133//1133 1093//1093 1111//1111
f 1134//1134 822//822 821//821
f 1134//1134 1115//1115 822//822
f 1135//1135 1094//1094 1112//1112
f 1135//1135 1116//1116 1094//1094
f 1136//1136 1117//1117 1095//1095
f 1136//1136 1095//1095 1113//1113
f 1137//1137 1118//1118 1096//1096
f 1137//1137 1096//1096 1114//1114
f 1138//1138 1097//1097 1115//1115
f 1138//1138 1119//1119 1097//1097
f 1139//1139 1120//1120 1098//1098
f 1139//1139 1098//1098 1116//1116
f 1140//1140 1099//1099 1117//1117
f 1140//1140 1121//1121 1099//1099
f 1141//1141 1100//1100 1118//1118
f 1141//1141 1122//1122 1100//1100
f 1142//1142 1101//1101 1119//1119
f 1142//1142 1123//1123 1101//1101
f 1143//1143 1102//1102 1120//1120
f 1143//1143 1124//1124 1102//1102
f 1144//1144 1103//1103 1121//1121
f 1144//1144 1125//1125 1103//1103
f 1145//1145 1126//1126 1104//1104
f 1145//1145 1104//1104 1122//1122
f 1146//1146 1105//1105 1123//1123
f 1146//1146 1127//1127 1105//1105
f 1147//1147 1106//1106 1124//1124
f 1147//1147 1128//1128 1106//1106
f 1148//1148 1107//1107 1125//1125
f 1148//1148 1129//1129 1107//1107
f 1149//1149 1108//1108 1126//1126
f 1149//1149 1130//1130 1108//1108
f 1150//1150 1109//1109 1127//1127
f 1150//1150 1131//1131 1109//1109
f 1151//1151 774//774 1132//1132
f 1151//1151 1110//1110 1128//1128
f 1151//1151 1132//1132 1110//1110
f 1152//1152 1111//1111 1129//1129
f 1152//1152 1133//1133 1111//1111
f 1153//1153 1134//1134 821//821
f 1153//1153 821//821 820//820
f 1154//1154 1112//1112 1130//1130
f 1154//1154 1135//1135 1112//1112
f 1155//1155 1136//1136 1113//1113
f 1155//1155 1113//1113 1131//1131
f 1156//1156 1114//1114 1133//1133
f 1156//1156 1137//1137 1114//1114
f 1157//1157 1138//1138 1115//1115
f 1157//1157 1115//1115 1134//1134
f 1158//1158 1116//1116 1135//1135
f 1158//1158 1139//1139 1116//1116
f 1159//1159 1140//1140 1117//1117
f 1159//1159 1117//1117 1136//1136
f 1160//1160 1118//1118 1137//1137
f 1160//1160 1141//1141 1118//1118
f 1161//1161 1119//1119 1138//1138
f 1161//1161 1142//1142 1119//1119
f 1162//1162 1143//1143 1120//1120
f 1162//1162 1120//1120 1139//1139
f 1163//1163 1144//1144 1121//1121
f 1163//1163 1121//1121 1140//1140
f 1164//1164 1122//1122 1141//1141
f 1164//1164 1145//1145 1122//1122
f 1165//1165 1146//1146 1123//1123
f 1165//1165 1123//1123 1142//1142
f 1166//1166 1147//1147 1124//1124
f 1166//1166 1124//1124 1143//1143
f 1167//1167 1148//1148 1125//1125
f 1167//1167 1125//1125 1144//1144
f 1168//1168 1149//1149 1126//1126
f 1168//1168 1126//1126 1145//1145
f 1169//1169 1150//1150 1127//1127
f 1169//1169 1127//1127 1146//1146
f 1170//1170 1151//1151 1128//1128
f 1170//1170 774//774 1151//1151
f 1170//1170 1128//1128 1147//1147
f 1171//1171 1129//1129 1148//1148
f 1171//1171 1152//1152 1129//1129
f 1172//1172 1153//1153 820//820
f 1172//1172 820//820 819//819
f 1173//1173 1154//1154 1130//1130
f 1173//1173 1130//1130 1149//1149
f 1174//1174 1155//1155 1131//1131
f 1174//1174 1131//1131 1150//1150
f 1175//1175 1133//1133 1152//1152
f 1175//1175 1156//1156 1133//1133
f 1176//1176 1157//1157 1134//1134
f 1176//1176 1134//1134 1153//1153
f 1177//1177 1135//1135 1154//1154
f 1177//1177 1158//1158 1135//1135
f 1178//1178 1159//1159 1136//1136
f 1178//1178 1136//1136 1155//1155
f 1179//1179 1160//1160 1137//1137
f 1179//1179 1137//1137 1156//1156
f 1180//1180 1161//1161 1138//1138
f 1180//1180 1138//1138 1157//1157
f 1181//1181 1162//1162 1139//1139
f 1181//1181 1139//1139 1158//1158
f 1182//1182 1163//1163 1140//1140
f 1182//1182 1140//1140 1159//1159
f 1183//1183 1164//1164 1141//1141
f 1183//1183 1141//1141 1160//1160
f 1184//1184 1142//1142 1161//1161
f 1184//1184 1165//1165 1142//1142
f 1185//1185 1143//1143 1162//1162
f 1185//1185 1166//1166 1143//1143
f 1186//1186 1144//1144 1163//1163
f 1186//1186 1167//1167 1144//1144
f 1187//1187 1145//1145 1164//1164
f 1187//1187 1168//1168 1145//1145
f 1188//1188 1146//1146 1165//1165
f 1188//1188 1169//1169 1146//1146
f 1189//1189 774//774 1170//1170
f 1189//1189 1147//1147 1166//1166
f 1189//1189 1170//1170 1147//1147
f 1190//1190 1171//1171 1148//1148
f 1190//1190 1148//1148 1167//1167
f 1191//1191 1172//1172 819//819
f 1191//1191 819//819 818//818
f 1192//1192 1173//1173 1149//1149
f 1192//1192 1149//1149 1168//1168
f 1193//1193 1150//1150 1169//1169
f 1193//1193 1174//1174 1150//1150
f 1194//1194 1175//1175 1152//1152
f 1194//1194 1152//1152 1171//1171
f 1195//1195 1153//1153 1172//1172
f 1195//1195 1176//1176 1153//1153
f 1196//1196 1154//1154 1173//1173
f 1196//1196 1177//1177 1154//1154
f 1197//1197 1155//1155 1174//1174
f 1197//1197 1178//1178 1155//1155
f 1198//1198 1156//1156 1175//1175
f 1198//1198 1179//1179 1156//1156
f 1199//1199 1157//1157 1176//1176
f 1199//1199 1180//1180 1157//1157
f 1200//1200 1158//1158 1177//1177
f 1200//1200 1181//1181 1158//1158
f 1201//1201 1159//1159 1178//1178
f 1201//1201 1182//1182 1159//1159
f 1202//1202 1160//1160 1179//1179
f 1202//1202 1183//1183 1160//1160
f 1203//1203 1161//1161 1180//1180
f 1203//1203 1184//1184 1161//1161
f 1204//1204 1162//1162 1181//1181
f 1204//1204 1185//1185 1162//1162
f 1205//1205 1163//1163 1182//1182
f 1205//1205 1186//1186 1163//1163
f 1206//1206 1187//1187 1164//1164
f 1206//1206 1164//1164 1183//1183
f 1207//1207 1165//1165 1184//1184
f 1207//1207 1188//1188 1165//1165
f 1208//1208 1189//1189 1166//1166
f 1208//1208 1166//1166 1185//1185
f 1208//1208 774//774 1189//1189
f 1209//1209 1167//1167 1186//1186
f 1209//1209 1190//1190 1167//1167
f 1210//1210 1191//1191 818//818
f 1210//1210 818//818 817//817
f 1211//1211 1168//1168 1187//1187
f 1211//1211 1192//1192 1168//1168
f 1212//1212 1169//1169 1188//1188
f 1212//1212 1193//1193 1169//1169
f 1213//1213 1171//1171 1190//1190
f 1213//1213 1194//1194 1171//1171
f 1214//1214 1195//1195 1172//1172
f 1214//1214 1172//1172 1191//1191
f 1215//1215 1196//1196 1173//1173
f 1215//1215 1173//1173 1192//1192
f 1216//1216 1197//1197 1174//1174
f 1216//1216 1174//1174 1193//1193
f 1217//1217 1175//1175 1194//1194
f 1217//1217 1198//1198 1175//1175
f 1218//1218 1199//1199 1176//1176
f 1218//1218 1176//1176 1195//1195
f 1219//1219 1177//1177 1196//1196
f 1219//1219 1200//1200 1177//1177
f 1220//1220 1178//1178 1197//1197
f 1220//1220 1201//1201 1178//1178
f 1221//1221 1179//1179 1198//1198
f 1221//1221 1202//1202 1179//1179
f 1222//1222 1180//1180 1199//1199
f 1222//1222 1203//1203 1180//1180
f 1223//1223 1181//1181 1200//1200
f 1223//1223 1204//1204 1181//1181
f 1224//1224 1182//1182 1201//1201
f 1224//1224 1205//1205 1182//1182
f 1225//1225 1183//1183 1202//1202
f 1225//1225 1206//1206 1183//1183
f 1226//1226 1184//1184 1203//1203
f 1226//1226 1207//1207 1184//1184
f 1227//1227 1185//1185 1204//1204
f 1227//1227 1208//1208 1185//1185
f 1227//1227 774//774 1208//1208
f 1228//1228 1209//1209 1186//1186
f 1228//1228 1186//1186 1205//1205
f 1229//1229 817//817 816//816
f 1229//1229 1210//1210 817//817
f 1230//1230 1211//1211 1187//1187
f 1230//1230 1187//1187 1206//1206
f 1231//1231 1188//1188 1207//1207
f 1231//1231 1212//1212 1188//1188
f 1232//1232 1190//1190 1209//1209
f 1232//1232 1213//1213 1190//1190
f 1233//1233 1214//1214 1191//1191
f 1233//1233 1191//1191 1210//1210
f 1234//1234 1192//1192 1211//1211
f 1234//1234 1215//1215 1192//1192
f 1235//1235 1193//1193 1212//1212
f 1235//1235 1216//1216 1193//1193
f 1236//1236 1217//1217 1194//1194
f 1236//1236 1194//1194 1213//1213
f 1237//1237 1195//1195 1214//1214
f 1237//1237 1218//1218 1195//1195
f 1238//1238 1219//1219 1196//1196
f 1238//1238 1196//1196 1215//1215
f 1239//1239 1197//1197 1216//1216
f 1239//1239 1220//1220 1197//1197
f 1240//1240 1221//1221 1198//1198
f 1240//1240 1198//1198 1217//1217
f 1241//1241 1222//1222 1199//1199
f 1241//1241 1199//1199 1218//1218
f 1242//1242 1223//1223 1200//1200
f 1242//1242 1200//1200 1219//1219
f 1243//1243 1201//1201 1220//1220
f 1243//1243 1224//1224 1201//1201
f 1244//1244 1202//1202 1221//1221
f 1244//1244 1225//1225 1202//1202
f 1245//1245 1226//1226 1203//1203
f 1245//1245 1203//1203 1222//1222
f 1246//1246 1204//1204 1223//1223
f 1246//1246 1227//1227 1204//1204
f 1246//1246 774//774 1227//1227
f 1247//1247 1205//1205 1224//1224
f 1247//1247 1228//1228 1205//1205
f 1248//1248 1229//1229 816//816
f 1248//1248 816//816 815//815
f 1249//1249 1206//1206 1225//1225
f 1249//1249 1230//1230 1206//1206
f 1250//1250 1207//1207 1226//1226
f 1250//1250 1231//1231 1207//1207
f 1251//1251 1209//1209 1228//1228
f 1251//1251 1232//1232 1209//1209
f 1252//1252 1233//1233 1210//1210
f 1252//1252 1210//1210 1229//1229
f 1253//1253 1211//1211 1230//1230
f 1253//1253 1234//1234 1211//1211
f 1254//1254 1212//1212 1231//1231
f 1254//1254 1235//1235 1212//1212
f 1255//1255 1236//1236 1213//1213
f 1255//1255 1213//1213 1232//1232
f 1256//1256 1237//1237 1214//1214
f 1256//1256 1214//1214 1233//1233
f 1257//1257 1215//1215 1234//1234
f 1257//1257 1238//1238 1215//1215
f 1258//1258 1216//1216 1235//1235
f 1258//1258 1239//1239 1216//1216
f 1259//1259 1217//1217 1236//1236
f 1259//1259 1240//1240 1217//1217
f 1260//1260 1218//1218 1237//1237
f 1260//1260 1241//1241 1218//1218
f 1261//1261 1242//1242 1219//1219
f 1261//1261 1219//1219 1238//1238
f 1262//1262 1220//1220 1239//1239
f 1262//1262 1243//1243 1220//1220
f 1263//1263 1221//1221 1240//1240
f 1263//1263 1244//1244 1221//1221
f 1264//1264 1222//1222 1241//1241
f 1264//1264 1245//1245 1222//1222
f 1265//1265 1223//1223 1242//1242
f 1265//1265 1246//1246 1223//1223
f 1265//1265 774//774 1246//1246
f 1266//1266 1224//1224 1243//1243
f 1266//1266 1247//1247 1224//1224
f 1267//1267 753//753 754//754
f 1267//1267 754//754 755//755
f 1267//1267 815//815 753//753
f 1267//1267 1248//1248 815//815
f 1268//1268 1249//1249 1225//1225
f 1268//1268 1225//1225 1244//1244
f 1269//1269 1226//1226 1245//1245
f 1269//1269 1250//1250 1226//1226
f 1270//1270 1251//1251 1228//1228
f 1270//1270 1228//1228 1247//1247
f 1271//1271 1252//1252 1229//1229
f 1271//1271 1229//1229 1248//1248
f 1272//1272 1253//1253 1230//1230
f 1272//1272 1230//1230 1249//1249
f 1273//1273 1254//1254 1231//1231
f 1273//1273 1231//1231 1250//1250
f 1274//1274 1232//1232 1251//1251
f 1274//1274 1255//1255 1232//1232
f 1275//1275 1256//1256 1233//1233
f 1275//1275 1233//1233 1252//1252
f 1276//1276 1234//1234 1253//1253
f 1276//1276 1257//1257 1234//1234
f 1277//1277 1258//1258 1235//1235
f 1277//1277 1235//1235 1254//1254
f 1278//1278 1236//1236 1255//1255
f 1278//1278 1259//1259 1236//1236
f 1279//1279 1237//1237 1256//1256
f 1279//1279 1260//1260 1237//1237
f 1280//1280 1238//1238 1257//1257
f 1280//1280 1261//1261 1238//1238
f 1281//1281 1239//1239 1258//1258
f 1281//1281 1262//1262 1239//1239
f 1282//1282 1263//1263 1240//1240
f 1282//1282 1240//1240 1259//1259
f 1283//1283 1264//1264 1241//1241
f 1283//1283 1241//1241 1260//1260
f 1284//1284 1242//1242 1261//1261
f 1284//1284 1265//1265 1242//1242
f 1284//1284 774//774 1265//1265
f 1285//1285 1243//1243 1262//1262
f 1285//1285 1266//1266 1243//1243
f 1286//1286 1244//1244 1263//1263
f 1286//1286 1268//1268 1244//1244
f 1287//1287 1245//1245 1264//1264
f 1287//1287 1269//1269 1245//1245
f 1288//1288 1247//1247 1266//1266
f 1288//1288 1270//1270 1247//1247
f 1289//1289 1267//1267 755//755
f 1289//1289 1248//1248 1267//1267
f 1289//1289 1271//1271 1248//1248
f 1290//1290 1272//1272 1249//1249
f 1290//1290 1249//1249 1268//1268
f 1291//1291 1273//1273 1250//1250
f 1291//1291 1250//1250 1269//1269
f 1292//1292 1274//1274 1251//1251
f 1292//1292 1251//1251 1270//1270
f 1293//1293 1252//1252 1271//1271
f 1293//1293 1275//1275 1252//1252
f 1294//1294 1276//1276 1253//1253
f 1294//1294 1253//1253 1272//1272
f 1295//1295 1254//1254 1273//1273
f 1295//1295 1277//1277 1254//1254
f 1296//1296 1255//1255 1274//1274
f 1296//1296 1278//1278 1255//1255
f 1297//1297 1256//1256 1275//1275
f 1297//1297 1279//1279 1256//1256
f 1298//1298 1257//1257 1276//1276
f 1298//1298 1280//1280 1257//1257
f 1299//1299 1258//1258 1277//1277
f 1299//1299 1281//1281 1258//1258
f 1300//1300 1259//1259 1278//1278
f 1300//1300 1282//1282 1259//1259
f 1301//1301 1260//1260 1279//1279
f 1301//1301 1283//1283 1260//1260
f 1302//1302 1284//1284 1261//1261
f 1302//1302 1261//1261 1280//1280
f 1302//1302 774//774 1284//1284
f 1303//1303 1285//1285 1262//1262
f 1303//1303 1262//1262 1281//1281
f 1304//1304 1286//1286 1263//1263
f 1304//1304 1263//1263 1282//1282
f 1305//1305 1287//1287 1264//1264
f 1305//1305 1264//1264 1283//1283
f 1306//1306 1288//1288 1266//1266
f 1306//1306 1266//1266 1285//1285
f 1307//1307 1268//1268 1286//1286
f 1307//1307 1290//1290 1268//1268
f 1308//1308 1269//1269 1287//1287
f 1308//1308 1291//1291 1269//1269
f 1309//1309 1270//1270 1288//1288
f 1309//1309 1292//1292 1270//1270
f 1310//1310 1293//1293 1271//1271
f 1310//1310 1271//1271 1289//1289
f 1311//1311 1294//1294 1272//1272
f 1311//1311 1272//1272 1290//1290
f 1312//1312 1273//1273 1291//1291
f 1312//1312 1295//1295 1273//1273
f 1313//1313 1296//1296 1274//1274
f 1313//1313 1274//1274 1292//1292
f 1314//1314 1275//1275 1293//1293
f 1314//1314 1297//1297 1275//1275
f 1315//1315 1298//1298 1276//1276
f 1315//1315 1276//1276 1294//1294
f 1316//1316 1277//1277 1295//1295
f 1316//1316 1299//1299 1277//1277
f 1317//1317 1300//1300 1278//1278
f 1317//1317 1278//1278 1296//1296
f 1318//1318 1279//1279 1297//1297
f 1318//1318 1301//1301 1279//1279
f 1319//1319 1280//1280 1298//1298
f 1319//1319 1302//1302 1280//1280
f 1319//1319 774//774 1302//1302
f 1320//1320 1281//1281 1299//1299
f 1320//1320 1303//1303 1281//1281
f 1321//1321 1282//1282 1300//1300
f 1321//1321 1304//1304 1282//1282
f 1322//1322 1305//1305 1283//1283
f 1322//1322 1283//1283 1301//1301
f 1323//1323 1285//1285 1303//1303
f 1323//1323 1306//1306 1285//1285
f 1324//1324 1286//1286 1304//1304
f 1324//1324 1307//1307 1286//1286
f 1325//1325 1287//1287 1305//1305
f 1325//1325 1308//1308 1287//1287
f 1326//1326 1288//1288 1306//1306
f 1326//1326 1309//1309 1288//1288
f 1327//1327 755//755 756//756
f 1327//1327 756//756 757//757
f 1327//1327 1289//1289 755//755
f 1327//1327 1310//1310 1289//1289
f 1328//1328 1311//1311 1290//1290
f 1328//1328 1290//1290 1307//1307
f 1329//1329 1291//1291 1308//1308
f 1329//1329 1312//1312 1291//1291
f 1330//1330 1313//1313 1292//1292
f 1330//1330 1292//1292 1309//1309
f 1331//1331 1293//1293 1310//1310
f 1331//1331 1314//1314 1293//1293
f 1332//1332 1294//1294 1311//1311
f 1332//1332 1315//1315 1294//1294
f 1333//1333 1295//1295 1312//1312
f 1333//1333 1316//1316 1295//1295
f 1334//1334 1296//1296 1313//1313
f 1334//1334 1317//1317 1296//1296
f 1335//1335 1297//1297 1314//1314
f 1335//1335 1318//1318 1297//1297
f 1336//1336 1319//1319 1298//1298
f 1336//1336 1298//1298 1315//1315
f 1336//1336 774//774 1319//1319
f 1337//1337 1299//1299 1316//1316
f 1337//1337 1320//1320 1299//1299
f 1338//1338 1300//1300 1317//1317
f 1338//1338 1321//1321 1300//1300
f 1339//1339 1322//1322 1301//1301
f 1339//1339 1301//1301 1318//1318
f 1340//1340 1303//1303 1320//1320
f 1340//1340 1323//1323 1303//1303
f 1341//1341 1304//1304 1321//1321
f 1341//1341 1324//1324 1304//1304
f 1342//1342 1305//1305 1322//1322
f 1342//1342 1325//1325 1305//1305
f 1343//1343 1326//1326 1306//1306
f 1343//1343 1306//1306 1323//1323
f 1344//1344 1307//1307 1324//1324
f 1344//1344 1328//1328 1307//1307
f 1345//1345 1308//1308 1325//1325
f 1345//1345 1329//1329 1308//1308
f 1346//1346 1309//1309 1326//1326
f 1346//1346 1330//1330 1309//1309
f 1347//1347 1331//1331 1310//1310
f 1347//1347 1327//1327 757//757
f 1347//1347 1310//1310 1327//1327
f 1348//1348 1332//1332 1311//1311
f 1348//1348 1311//1311 1328//1328
f 1349//1349 1312//1312 1329//1329
f 1349//1349 1333//1333 1312//1312
f 1350//1350 1334//1334 1313//1313
f 1350//1350 1313//1313 1330//1330
f 1351//1351 1314//1314 1331//1331
f 1351//1351 1335//1335 1314//1314
f 1352//1352 1315//1315 1332//1332
f 1352//1352 774//774 1336//1336
f 1352//1352 1336//1336 1315//1315
f 1353//1353 1337//1337 1316//1316
f 1353//1353 1316//1316 1333//1333
f 1354//1354 1317//1317 1334//1334
f 1354//1354 1338//1338 1317//1317
f 1355//1355 1339//1339 1318//1318
f 1355//1355 1318//1318 1335//1335
f 1356//1356 1320//1320 1337//1337
f 1356//1356 1340//1340 1320//1320
f 1357//1357 1321//1321 1338//1338
f 1357//1357 1341//1341 1321//1321
f 1358//1358 1342//1342 1322//1322
f 1358//1358 1322//1322 1339//1339
f 1359//1359 1323//1323 1340//1340
f 1359//1359 1343//1343 1323//1323
f 1360//1360 1324//1324 1341//1341
f 1360//1360 1344//1344 1324//1324
f 1361//1361 1325//1325 1342//1342
f 1361//1361 1345//1345 1325//1325
f 1362//1362 1326//1326 1343//1343
f 1362//1362 1346//1346 1326//1326
f 1363//1363 1328//1328 1344//1344
f 1363//1363 1348//1348 1328//1328
f 1364//1364 1329//1329 1345//1345
f 1364//1364 1349//1349 1329//1329
f 1365//1365 1330//1330 1346//1346
f 1365//1365 1350//1350 1330//1330
f 1366//1366 1331//1331 1347//1347
f 1366//1366 1351//1351 1331//1331
f 1367//1367 774//774 1352//1352
f 1367//1367 1332//1332 1348//1348
f 1367//1367 1352//1352 1332//1332
f 1368//1368 1353//1353 1333//1333
f 1368//1368 1333//1333 1349//1349
f 1369//1369 1354//1354 1334//1334
f 1369//1369 1334//1334 1350//1350
f 1370//1370 1355//1355 1335//1335
f 1370//1370 1335//1335 1351//1351
f 1371//1371 1337//1337 1353//1353
f 1371//1371 1356//1356 1337//1337
f 1372//1372 1338//1338 1354//1354
f 1372//1372 1357//1357 1338//1338
f 1373//1373 1339//1339 1355//1355
f 1373//1373 1358//1358 1339//1339
f 1374//1374 1340//1340 1356//1356
f 1374//1374 1359//1359 1340//1340
f 1375//1375 1341//1341 1357//1357
f 1375//1375 1360//1360 1341//1341
f 1376//1376 1342//1342 1358//1358
f 1376//1376 1361//1361 1342//1342
f 1377//1377 1343//1343 1359//1359
f 1377//1377 1362//1362 1343//1343
f 1378//1378 1344//1344 1360//1360
f 1378//1378 1363//1363 1344//1344
f 1379//1379 1345//1345 1361//1361
f 1379//1379 1364//1364 1345//1345
f 1380//1380 1346//1346 1362//1362
f 1380//1380 1365//1365 1346//1346
f 1381//1381 757//757 758//758
f 1381//1381 758//758 759//759
f 1381//1381 1366//1366 1347//1347
f 1381//1381 1347//1347 757//757
f 1382//1382 1367//1367 1348//1348
f 1382//1382 1348//1348 1363//1363
f 1382//1382 774//774 1367//1367
f 1383//1383 1349//1349 1364//1364
f 1383//1383 1368//1368 1349//1349
f 1384//1384 1350//1350 1365//1365
f 1384//1384 1369//1369 1350//1350
f 1385//1385 1351//1351 1366//1366
f 1385//1385 1370//1370 1351//1351
f 1386//1386 1353//1353 1368//1368
f 1386//1386 1371//1371 1353//1353
f 1387//1387 1372//1372 1354//1354
f 1387//1387 1354//1354 1369//1369
f 1388//1388 1373//1373 1355//1355
f 1388//1388 1355//1355 1370//1370
f 1389//1389 1374//1374 1356//1356
f 1389//1389 1356//1356 1371//1371
f 1390//1390 1375//1375 1357//1357
f 1390//1390 1357//1357 1372//1372
f 1391//1391 1376//1376 1358//1358
f 1391//1391 1358//1358 1373//1373
f 1392//1392 1359//1359 1374//1374
f 1392//1392 1377//1377 1359//1359
f 1393//1393 1378//1378 1360//1360
f 1393//1393 1360//1360 1375//1375
f 1394//1394 1361//1361 1376//1376
f 1394//1394 1379//1379 1361//1361
f 1395//1395 1362//1362 1377//1377
f 1395//1395 1380//1380 1362//1362
f 1396//1396 774//774 1382//1382
f 1396//1396 1363//1363 1378//1378
f 1396//1396 1382//1382 1363//1363
f 1397//1397 1364//1364 1379//1379
f 1397//1397 1383//1383 1364//1364
f 1398//1398 1365//1365 1380//1380
f 1398//1398 1384//1384 1365//1365
f 1399//1399 1385//1385 1366//1366
f 1399//1399 1381//1381 759//759
f 1399//1399 1366//1366 1381//1381
f 1400//1400 1386//1386 1368//1368
f 1400//1400 1368//1368 1383//1383
f 1401//1401 1387//1387 1369//1369
f 1401//1401 1369//1369 1384//1384
f 1402//1402 1388//1388 1370//1370
f 1402//1402 1370//1370 1385//1385
f 1403//1403 1371//1371 1386//1386
f 1403//1403 1389//1389 1371//1371
f 1404//1404 1372//1372 1387//1387
f 1404//1404 1390//1390 1372//1372
f 1405//1405 1373//1373 1388//1388
f 1405//1405 1391//1391 1373//1373
f 1406//1406 1374//1374 1389//1389
f 1406//1406 1392//1392 1374//1374
f 1407//1407 1375//1375 1390//1390
f 1407//1407 1393//1393 1375//1375
f 1408//1408 1376//1376 1391//1391
f 1408//1408 1394//1394 1376//1376
f 1409//1409 1377//1377 1392//1392
f 1409//1409 1395//1395 1377//1377
f 1410//1410 1396//1396 1378//1378
f 1410//1410 1378//1378 1393//1393
f 1410//1410 774//774 1396//1396
f 1411//1411 1379//1379 1394//1394
f 1411//1411 1397//1397 1379//1379
f 1412//1412 1380//1380 1395//1395
f 1412//1412 1398//1398 1380//1380
f 1413//1413 1383//1383 1397//1397
f 1413//1413 1400//1400 1383//1383
f 1414//1414 1384//1384 1398//1398
f 1414//1414 1401//1401 1384//1384
f 1415//1415 1385//1385 1399//1399
f 1415//1415 1402//1402 1385//1385
f 1416//1416 1386//1386 1400//1400
f 1416//1416 1403//1403 1386//1386
f 1417//1417 1404//1404 1387//1387
f 1417//1417 1387//1387 1401//1401
f 1418//1418 1388//1388 1402//1402
f 1418//1418 1405//1405 1388//1388
f 1419//1419 1389//1389 1403//1403
f 1419//1419 1406//1406 1389//1389
f 1420//1420 1390//1390 1404//1404
f 1420//1420 1407//1407 1390//1390
f 1421//1421 1408//1408 1391//1391
f 1421//1421 1391//1391 1405//1405
f 1422//1422 1392//1392 1406//1406
f 1422//1422 1409//1409 1392//1392
f 1423//1423 1410//1410 1393//1393
f 1423//1423 1393//1393 1407//1407
f 1423//1423 774//774 1410//1410
f 1424//1424 1411//1411 1394//1394
f 1424//1424 1394//1394 1408//1408
f 1425//1425 1412//1412 1395//1395
f 1425//1425 1395//1395 1409//1409
f 1426//1426 1397//1397 1411//1411
f 1426//1426 1413//1413 1397//1397
f 1427//1427 1414//1414 1398//1398
f 1427//1427 1398//1398 1412//1412
f 1428//1428 759//759 760//760
f 1428//1428 760//760 761//761
f 1428//1428 1415//1415 1399//1399
f 1428//1428 1399//1399 759//759
f 1429//1429 1400//1400 1413//1413
f 1429//1429 1416//1416 1400//1400
f 1430//1430 1401//1401 1414//1414
f 1430//1430 1417//1417 1401//1401
f 1431//1431 1418//1418 1402//1402
f 1431//1431 1402//1402 1415//1415
f 1432//1432 1403//1403 1416//1416
f 1432//1432 1419//1419 1403//1403
f 1433//1433 1404//1404 1417//1417
f 1433//1433 1420//1420 1404//1404
f 1434//1434 1421//1421 1405//1405
f 1434//1434 1405//1405 1418//1418
f 1435//1435 1422//1422 1406//1406
f 1435//1435 1406//1406 1419//1419
f 1436//1436 1423//1423 1407//1407
f 1436//1436 774//774 1423//1423
f 1436//1436 1407//1407 1420//1420
f 1437//1437 1424//1424 1408//1408
f 1437//1437 1408//1408 1421//1421
f 1438//1438 1425//1425 1409//1409
f 1438//1438 1409//1409 1422//1422
f 1439//1439 1411//1411 1424//1424
f 1439//1439 1426//1426 1411//1411
f 1440//1440 1412//1412 1425//1425
f 1440//1440 1427//1427 1412//1412
f 1441//1441 1413//1413 1426//1426
f 1441//1441 1429//1429 1413//1413
f 1442//1442 1414//1414 1427//1427
f 1442//1442 1430//1430 1414//1414
f 1443//1443 1428//1428 761//761
f 1443//1443 1415//1415 1428//1428
f 1443//1443 1431//1431 1415//1415
f 1444//1444 1416//1416 1429//1429
f 1444//1444 1432//1432 1416//1416
f 1445//1445 1433//1433 1417//1417
f 1445//1445 1417//1417 1430//1430
f 1446//1446 1434//1434 1418//1418
f 1446//1446 1418//1418 1431//1431
f 1447//1447 1435//1435 1419//1419
f 1447//1447 1419//1419 1432//1432
f 1448//1448 1420//1420 1433//1433
f 1448//1448 773//773 774//774
f 1448//1448 774//774 1436//1436
f 1448//1448 1436//1436 1420//1420
f 1449//1449 1437//1437 1421//1421
f 1449//1449 1421//1421 1434//1434
f 1450//1450 1438//1438 1422//1422
f 1450//1450 1422//1422 1435//1435
f 1451//1451 1439//1439 1424//1424
f 1451//1451 1424//1424 1437//1437
f 1452//1452 1425//1425 1438//1438
f 1452//1452 1440//1440 1425//1425
f 1453//1453 1426//1426 1439//1439
f 1453//1453 1441//1441 1426//1426
f 1454//1454 1427//1427 1440//1440
f 1454//1454 1442//1442 1427//1427
f 1455//1455 1429//1429 1441//1441
f 1455//1455 1444//1444 1429//1429
f 1456//1456 1430//1430 1442//1442
f 1456//1456 1445//1445 1430//1430
f 1457//1457 1431//1431 1443//1443
f 1457//1457 1446//1446 1431//1431
f 1458//1458 1432//1432 1444//1444
f 1458//1458 1447//1447 1432//1432
f 1459//1459 773//773 1448//1448
f 1459//1459 1448//1448 1433//1433
f 1459//1459 1433//1433 1445//1445
f 1460//1460 1449//1449 1434//1434
f 1460//1460 1434//1434 1446//1446
f 1461//1461 1435//1435 1447//1447
f 1461//1461 1450//1450 1435//1435
f 1462//1462 1437//1437 1449//1449
f 1462//1462 1451//1451 1437//1437
f 1463//1463 1438//1438 1450//1450
f 1463//1463 1452//1452 1438//1438
f 1464//1464 1439//1439 1451//1451
f 1464//1464 1453//1453 1439//1439
f 1465//1465 1454//1454 1440//1440
f 1465//1465 1440//1440 1452//1452
f 1466//1466 1455//1455 1441//1441
f 1466//1466 1441//1441 1453//1453
f 1467//1467 1442//1442 1454//1454
f 1467//1467 1456//1456 1442//1442
f 1468//1468 761//761 762//762
f 1468//1468 762//762 763//763
f 1468//1468 1457//1457 1443//1443
f 1468//1468 1443//1443 761//761
f 1469//1469 1444//1444 1455//1455
f 1469//1469 1458//1458 1444//1444
f 1470//1470 1459//1459 1445//1445
f 1470//1470 1445//1445 1456//1456
f 1470//1470 773//773 1459//1459
f 1471//1471 1446//1446 1457//1457
f 1471//1471 1460//1460 1446//1446
f 1472//1472 1461//1461 1447//1447
f 1472//1472 1447//1447 1458//1458
f 1473//1473 1449//1449 1460//1460
f 1473//1473 1462//1462 1449//1449
f 1474//1474 1450//1450 1461//1461
f 1474//1474 1463//1463 1450//1450
f 1475//1475 1451//1451 1462//1462
f 1475//1475 1464//1464 1451//1451
f 1476//1476 1452//1452 1463//1463
f 1476//1476 1465//1465 1452//1452
f 1477//1477 1466//1466 1453//1453
f 1477//1477 1453//1453 1464//1464
f 1478//1478 1454//1454 1465//1465
f 1478//1478 1467//1467 1454//1454
f 1479//1479 1455//1455 1466//1466
f 1479//1479 1469//1469 1455//1455
f 1480//1480 1456//1456 1467//1467
f 1480//1480 1470//1470 1456//1456
f 1480//1480 773//773 1470//1470
f 1481//1481 1468//1468 763//763
f 1481//1481 1457//1457 1468//1468
f 1481//1481 1471//1471 1457//1457
f 1482//1482 1458//1458 1469//1469
f 1482//1482 1472//1472 1458//1458
f 1483//1483 1460//1460 1471//1471
f 1483//1483 1473//1473 1460//1460
f 1484//1484 1461//1461 1472//1472
f 1484//1484 1474//1474 1461//1461
f 1485//1485 1462//1462 1473//1473
f 1485//1485 1475//1475 1462//1462
f 1486//1486 1463//1463 1474//1474
f 1486//1486 1476//1476 1463//1463
f 1487//1487 1464//1464 1475//1475
f 1487//1487 1477//1477 1464//1464
f 1488//1488 1465//1465 1476//1476
f 1488//1488 1478//1478 1465//1465
f 1489//1489 1479//1479 1466//1466
f 1489//1489 1466//1466 1477//1477
f 1490//1490 1480//1480 1467//1467
f 1490//1490 1467//1467 1478//1478
f 1490//1490 773//773 1480//1480
f 1491//1491 1469//1469 1479//1479
f 1491//1491 1482//1482 1469//1469
f 1492//1492 1483//1483 1471//1471
f 1492//1492 1471//1471 1481//1481
f 1493//1493 1472//1472 1482//1482
f 1493//1493 1484//1484 1472//1472
f 1494//1494 1473//1473 1483//1483
f 1494//1494 1485//1485 1473//1473
f 1495//1495 1474//1474 1484//1484
f 1495//1495 1486//1486 1474//1474
f 1496//1496 1475//1475 1485//1485
f 1496//1496 1487//1487 1475//1475
f 1497//1497 1488//1488 1476//1476
f 1497//1497 1476//1476 1486//1486
f 1498//1498 1477//1477 1487//1487
f 1498//1498 1489//1489 1477//1477
f 1499//1499 1478//1478 1488//1488
f 1499//1499 1490//1490 1478//1478
f 1499//1499 773//773 1490//1490
f 1500//1500 1491//1491 1479//1479
f 1500//1500 1479//1479 1489//1489
f 1501//1501 763//763 764//764
f 1501//1501 764//764 765//765
f 1501//1501 1492//1492 1481//1481
f 1501//1501 1481//1481 763//763
f 1502//1502 1493//1493 1482//1482
f 1502//1502 1482//1482 1491//1491
f 1503//1503 1483//1483 1492//1492
f 1503//1503 1494//1494 1483//1483
f 1504//1504 1495//1495 1484//1484
f 1504//1504 1484//1484 1493//1493
f 1505//1505 1496//1496 1485//1485
f 1505//1505 1485//1485 1494//1494
f 1506//1506 1486//1486 1495//1495
f 1506//1506 1497//1497 1486//1486
f 1507//1507 1498//1498 1487//1487
f 1507//1507 1487//1487 1496//1496
f 1508//1508 1488//1488 1497//1497
f 1508//1508 773//773 1499//1499
f 1508//1508 1499//1499 1488//1488
f 1509//1509 1489//1489 1498//1498
f 1509//1509 1500//1500 1489//1489
f 1510//1510 1491//1491 1500//1500
f 1510//1510 1502//1502 1491//1491
f 1511//1511 1501//1501 765//765
f 1511//1511 1492//1492 1501//1501
f 1511//1511 1503//1503 1492//1492
f 1512//1512 1493//1493 1502//1502
f 1512//1512 1504//1504 1493//1493
f 1513//1513 1494//1494 1503//1503
f 1513//1513 1505//1505 1494//1494
f 1514//1514 1495//1495 1504//1504
f 1514//1514 1506//1506 1495//1495
f 1515//1515 1507//1507 1496//1496
f 1515//1515 1496//1496 1505//1505
f 1516//1516 1508//1508 1497//1497
f 1516//1516 1497//1497 1506//1506
f 1516//1516 773//773 1508//1508
f 1517//1517 1509//1509 1498//1498
f 1517//1517 1498//1498 1507//1507
f 1518//1518 1510//1510 1500//1500
f 1518//1518 1500//1500 1509//1509
f 1519//1519 1512//1512 1502//1502
f 1519//1519 1502//1502 1510//1510
f 1520//1520 1513//1513 1503//1503
f 1520//1520 1503//1503 1511//1511
f 1521//1521 1504//1504 1512//1512
f 1521//1521 1514//1514 1504//1504
f 1522//1522 1505//1505 1513//1513
f 1522//1522 1515//1515 1505//1505
f 1523//1523 1506//1506 1514//1514
f 1523//1523 1516//1516 1506//1506
f 1523//1523 773//773 1516//1516
f 1524//1524 1507//1507 1515//1515
f 1524//1524 1517//1517 1507//1507
f 1525//1525 1509//1509 1517//1517
f 1525//1525 1518//1518 1509//1509
f 1526//1526 1510//1510 1518//1518
f 1526//1526 1519//1519 1510//1510
f 1527//1527 765//765 766//766
f 1527//1527 766//766 767//767
f 1527//1527 1511//1511 765//765
f 1527//1527 1520//1520 1511//1511
f 1528//1528 1512//1512 1519//1519
f 1528//1528 1521//1521 1512//1512
f 1529//1529 1513//1513 1520//1520
f 1529//1529 1522//1522 1513//1513
f 1530//1530 1523//1523 1514//1514
f 1530//1530 1514//1514 1521//1521
f 1530//1530 773//773 1523//1523
f 1531//1531 1524//1524 1515//1515
f 1531//1531 1515//1515 1522//1522
f 1532//1532 1525//1525 1517//1517
f 1532//1532 1517//1517 1524//1524
f 1533//1533 1526//1526 1518//1518
f 1533//1533 1518//1518 1525//1525
f 1534//1534 1519//1519 1526//1526
f 1534//1534 1528//1528 1519//1519
f 1535//1535 1527//1527 767//767
f 1535//1535 1520//1520 1527//1527
f 1535//1535 1529//1529 1520//1520
f 1536//1536 1521//1521 1528//1528
f 1536//1536 1530//1530 1521//1521
f 1536//1536 773//773 1530//1530
f 1537//1537 1522//1522 1529//1529
f 1537//1537 1531//1531 1522//1522
f 1538//1538 1524//1524 1531//1531
f 1538//1538 1532//1532 1524//1524
f 1539//1539 1525//1525 1532//1532
f 1539//1539 1533//1533 1525//1525
f 1540//1540 1534//1534 1526//1526
f 1540//1540 1526//1526 1533//1533
f 1541//1541 1536//1536 1528//1528
f 1541//1541 1528//1528 1534//1534
f 1541//1541 773//773 1536//1536
f 1542//1542 1529//1529 1535//1535
f 1542//1542 1537//1537 1529//1529
f 1543//1543 1538//1538 1531//1531
f 1543//1543 1531//1531 1537//1537
f 1544//1544 1539//1539 1532//1532
f 1544//1544 1532//1532 1538//1538
f 1545//1545 1533//1533 1539//1539
f 1545//1545 1540//1540 1533//1533
f 1546//1546 1534//1534 1540//1540
f 1546//1546 1541//1541 1534//1534
f 1546//1546 773//773 1541//1541
f 1547//1547 767//767 768//768
f 1547//1547 768//768 769//769
f 1547//1547 1542//1542 1535//1535
f 1547//1547 1535//1535 767//767
f 1548//1548 1537//1537 1542//1542
f 1548//1548 1543//1543 1537//1537
f 1549//1549 1538//1538 1543//1543
f 1549//1549 1544//1544 1538//1538
f 1550//1550 1539//1539 1544//1544
f 1550//1550 1545//1545 1539//1539
f 1551//1551 1546//1546 1540//1540
f 1551//1551 1540//1540 1545//1545
f 1551//1551 773//773 1546//1546
f 1552//1552 1547//1547 769//769
f 1552//1552 1542//1542 1547//1547
f 1552//1552 1548//1548 1542//1542
f 1553//1553 1549//1549 1543//1543
f 1553//1553 1543//1543 1548//1548
f 1554//1554 1550//1550 1544//1544
f 1554//1554 1544//1544 1549//1549
f 1555//1555 1545//1545 1550//1550
f 1555//1555 1551//1551 1545//1545
f 1555//1555 773//773 1551//1551
f 1556//1556 1548//1548 1552//1552
f 1556//1556 1553//1553 1548//1548
f 1557//1557 1549//1549 1553//1553
f 1557//1557 1554//1554 1549//1549
f 1558//1558 773//773 1555//1555
f 1558//1558 1550//1550 1554//1554
f 1558//1558 1555//1555 1550//1550
f 1559//1559 769//769 770//770
f 1559//1559 770//770 771//771
f 1559//1559 1552//1552 769//769
f 1559//1559 1556//1556 1552//1552
f 1560//1560 1553//1553 1556//1556
f 1560//1560 1557//1557 1553//1553
f 1561//1561 1554//1554 1557//1557
f 1561//1561 1558//1558 1554//1554
f 1561//1561 773//773 1558//1558
f 1562//1562 1559//1559 771//771
f 1562//1562 1556//1556 1559//1559
f 1562//1562 1560//1560 1556//1556
f 1563//1563 1557//1557 1560//1560
f 1563//1563 1561//1561 1557//1557
f 1563//1563 773//773 1561//1561
f 1564//1564 1563//1563 1560//1560
f 1564//1564 1560//1560 1562//1562
f 1564//1564 773//773 1563//1563
f 1565//1565 771//771 772//772
f 1565//1565 772//772 773//773
f 1565//1565 1562//1562 771//771
f 1565//1565 1564//1564 1562//1562
f 1565//1565 773//773 1564//1564
f 1647//1647 1604//1604 1605//1605
f 1647//1647 1605//1605 1606//1606
f 1648//1648 1647//1647 1606//1606
f 1649//1649 1648//1648 1606//1606
f 1650//1650 1604//1604 1647//1647
f 1650//1650 1647//1647 1648//1648
f 1651//1651 1649//1649 1606//1606
f 1652//1652 1650//1650 1648//1648
f 1652//1652 1648//1648 1649//1649
f 1653//1653 1602//1602 1603//1603
f 1653//1653 1603//1603 1604//1604
f 1653//1653 1604//1604 1650//1650
f 1654//1654 1651//1651 1606//1606
f 1655//1655 1652//1652 1649//1649
f 1655//1655 1649//1649 1651//1651
f 1656//1656 1653//1653 1650//1650
f 1656//1656 1650//1650 1652//1652
f 1657//1657 1654//1654 1606//1606
f 1658//1658 1655//1655 1651//1651
f 1658//1658 1651//1651 1654//1654
f 1659//1659 1656//1656 1652//1652
f 1659//1659 1652//1652 1655//1655
f 1660//1660 1602//1602 1653//1653
f 1660//1660 1653//1653 1656//1656
f 1661//1661 1657//1657 1606//1606
f 1662//1662 1658//1658 1654//1654
f 1662//1662 1654//1654 1657//1657
f 1663//1663 1655//1655 1658//1658
f 1663//1663 1659//1659 1655//1655
f 1664//1664 1656//1656 1659//1659
f 1664//1664 1660//1660 1656//1656
f 1665//1665 1602//1602 1660//1660
f 1665//1665 1600//1600 1601//1601
f 1665//1665 1601//1601 1602//1602
f 1666//1666 1661//1661 1606//1606
f 1667//1667 1662//1662 1657//1657
f 1667//1667 1657//1657 1661//1661
f 1668//1668 1658//1658 1662//1662
f 1668//1668 1663//1663 1658//1658
f 1669//1669 1659//1659 1663//1663
f 1669//1669 1664//1664 1659//1659
f 1670//1670 1665//1665 1660//1660
f 1670//1670 1660//1660 1664//1664
f 1671//1671 1666//1666 1606//1606
f 1672//1672 1661//1661 1666//1666
f 1672//1672 1667//1667 1661//1661
f 1673//1673 1662//1662 1667//1667
f 1673//1673 1668//1668 1662//1662
f 1674//1674 1663//1663 1668//1668
f 1674//1674 1669//1669 1663//1663
f 1675//1675 1670//1670 1664//1664
f 1675//1675 1664//1664 1669//1669
f 1676//1676 1671//1671 1606//1606
f 1677//1677 1600//1600 1665//1665
f 1677//1677 1665//1665 1670//1670
f 1678//1678 1672//1672 1666//1666
f 1678//1678 1666//1666 1671//1671
f 1679//1679 1667//1667 1672//1672
f 1679//1679 1673//1673 1667//1667
f 1680//1680 1668//1668 1673//1673
f 1680//1680 1674//1674 1668//1668
f 1681//1681 1675//1675 1669//1669
f 1681//1681 1669//1669 1674//1674
f 1682//1682 1676//1676 1606//1606
f 1683//1683 1670//1670 1675//1675
f 1683//1683 1677//1677 1670//1670
f 1684//1684 1671//1671 1676//1676
f 1684//1684 1678//1678 1671//1671
f 1685//1685 1598//1598 1599//1599
f 1685//1685 1599//1599 1600//1600
f 1685//1685 1600//1600 1677//1677
f 1686//1686 1679//1679 1672//1672
f 1686//1686 1672//1672 1678//1678
f 1687//1687 1673//1673 1679//1679
f 1687//1687 1680//1680 1673//1673
f 1688//1688 1674//1674 1680//1680
f 1688//1688 1681//1681 1674//1674
f 1689//1689 1682//1682 1606//1606
f 1690//1690 1683//1683 1675//1675
f 1690//1690 1675//1675 1681//1681
f 1691//1691 1684//1684 1676//1676
f 1691//1691 1676//1676 1682//1682
f 1692//1692 1677//1677 1683//1683
f 1692//1692 1685//1685 1677//1677
f 1693//1693 1678//1678 1684//1684
f 1693//1693 1686//1686 1678//1678
f 1694//1694 1687//1687 1679//1679
f 1694//1694 1679//1679 1686//1686
f 1695//1695 1688//1688 1680//1680
f 1695//1695 1680//1680 1687//1687
f 1696//1696 1689//1689 1606//1606
f 1697//1697 1681//1681 1688//1688
f 1697//1697 1690//1690 1681//1681
f 1698//1698 1682//1682 1689//1689
f 1698//1698 1691//1691 1682//1682
f 1699//1699 1683//1683 1690//1690
f 1699//1699 1692//1692 1683//1683
f 1700//1700 1684//1684 1691//1691
f 1700//1700 1693//1693 1684//1684
f 1701//1701 1598//1598 1685//1685
f 1701//1701 1685//1685 1692//1692
f 1702//1702 1694//1694 1686//1686
f 1702//1702 1686//1686 1693//1693
f 1703//1703 1687//1687 1694//1694
f 1703//1703 1695//1695 1687//1687
f 1704//1704 1696//1696 1606//1606
f 1705//1705 1697//1697 1688//1688
f 1705//1705 1688//1688 1695//1695
f 1706//1706 1698//1698 1689//1689
f 1706//1706 1689//1689 1696//1696
f 1707//1707 1699//1699 1690//1690
f 1707//1707 1690//1690 1697//1697
f 1708//1708 1700//1700 1691//1691
f 1708//1708 1691//1691 1698//1698
f 1709//1709 1701//1701 1692//1692
f 1709//1709 1692//1692 1699//1699
f 1710//1710 1693//1693 1700//1700
f 1710//1710 1702//1702 1693//1693
f 1711//1711 1598//1598 1701//1701
f 1711//1711 1596//1596 1597//1597
f 1711//1711 1597//1597 1598//1598
f 1712//1712 1694//1694 1702//1702
f 1712//1712 1703//1703 1694//1694
f 1713//1713 1704//1704 1606//1606
f 1714//1714 1705//1705 1695//1695
f 1714//1714 1695//1695 1703//1703
f 1715//1715 1706//1706 1696//1696
f 1715//1715 1696//1696 1704//1704
f 1716//1716 1707//1707 1697//1697
f 1716//1716 1697//1697 1705//1705
f 1717//1717 1698//1698 1706//1706
f 1717//1717 1708//1708 1698//1698
f 1718//1718 1699//1699 1707//1707
f 1718//1718 1709//1709 1699//1699
f 1719//1719 1710//1710 1700//1700
f 1719//1719 1700//1700 1708//1708
f 1720//1720 1711//1711 1701//1701
f 1720//1720 1701//1701 1709//1709
f 1721//1721 1702//1702 1710//1710
f 1721//1721 1712//1712 1702//1702
f 1722//1722 1713//1713 1606//1606
f 1723//1723 1714//1714 1703//1703
f 1723//1723 1703//1703 1712//1712
f 1724//1724 1704//1704 1713//1713
f 1724//1724 1715//1715 1704//1704
f 1725//1725 1705//1705 1714//1714
f 1725//1725 1716//1716 1705//1705
f 1726//1726 1706//1706 1715//1715
f 1726//1726 1717//1717 1706//1706
f 1727//1727 1718//1718 1707//1707
f 1727//1727 1707//1707 1716//1716
f 1728//1728 1708//1708 1717//1717
f 1728//1728 1719//1719 1708//1708
f 1729//1729 1709//1709 1718//1718
f 1729//1729 1720//1720 1709//1709
f 1730//1730 1710//1710 1719//1719
f 1730//1730 1721//1721 1710//1710
f 1731//1731 1596//1596 1711//1711
f 1731//1731 1711//1711 1720//1720
f 1732//1732 1722//1722 1606//1606
f 1733//1733 1712//1712 1721//1721
f 1733//1733 1723//1723 1712//1712
f 1734//1734 1713//1713 1722//1722
f 1734//1734 1724//1724 1713//1713
f 1735//1735 1725//1725 1714//1714
f 1735//1735 1714//1714 1723//1723
f 1736//1736 1715//1715 1724//1724
f 1736//1736 1726//1726 1715//1715
f 1737//1737 1716//1716 1725//1725
f 1737//1737 1727//1727 1716//1716
f 1738//1738 1728//1728 1717//1717
f 1738//1738 1717//1717 1726//1726
f 1739//1739 1729//1729 1718//1718
f 1739//1739 1718//1718 1727//1727
f 1740//1740 1730//1730 1719//1719
f 1740//1740 1719//1719 1728//1728
f 1741//1741 1720//1720 1729//1729
f 1741//1741 1731//1731 1720//1720
f 1742//1742 1732//1732 1606//1606
f 1743//1743 1733//1733 1721//1721
f 1743//1743 1721//1721 1730//1730
f 1744//1744 1596//1596 1731//1731
f 1744//1744 1594//1594 1595//1595
f 1744//1744 1595//1595 1596//1596
f 1745//1745 1722//1722 1732//1732
f 1745//1745 1734//1734 1722//1722
f 1746//1746 1723//1723 1733//1733
f 1746//1746 1735//1735 1723//1723
f 1747//1747 1724//1724 1734//1734
f 1747//1747 1736//1736 1724//1724
f 1748//1748 1725//1725 1735//1735
f 1748//1748 1737//1737 1725//1725
f 1749//1749 1726//1726 1736//1736
f 1749//1749 1738//1738 1726//1726
f 1750//1750 1727//1727 1737//1737
f 1750//1750 1739//1739 1727//1727
f 1751//1751 1728//1728 1738//1738
f 1751//1751 1740//1740 1728//1728
f 1752//1752 1729//1729 1739//1739
f 1752//1752 1741//1741 1729//1729
f 1753//1753 1742//1742 1606//1606
f 1754//1754 1730//1730 1740//1740
f 1754//1754 1743//1743 1730//1730
f 1755//1755 1744//1744 1731//1731
f 1755//1755 1731//1731 1741//1741
f 1756//1756 1732//1732 1742//1742
f 1756//1756 1745//1745 1732//1732
f 1757//1757 1733//1733 1743//1743
f 1757//1757 1746//1746 1733//1733
f 1758//1758 1734//1734 1745//1745
f 1758//1758 1747//1747 1734//1734
f 1759//1759 1735//1735 1746//1746
f 1759//1759 1748//1748 1735//1735
f 1760//1760 1749//1749 1736//1736
f 1760//1760 1736//1736 1747//1747
f 1761//1761 1750//1750 1737//1737
f 1761//1761 1737//1737 1748//1748
f 1762//1762 1738//1738 1749//1749
f 1762//1762 1751//1751 1738//1738
f 1763//1763 1752//1752 1739//1739
f 1763//1763 1739//1739 1750//1750
f 1764//1764 1606//1606 1607//1607
f 1764//1764 1753//1753 1606//1606
f 1765//1765 1754//1754 1740//1740
f 1765//1765 1740//1740 1751//1751
f 1766//1766 1741//1741 1752//1752
f 1766//1766 1755//1755 1741//1741
f 1767//1767 1742//1742 1753//1753
f 1767//1767 1756//1756 1742//1742
f 1768//1768 1743//1743 1754//1754
f 1768//1768 1757//1757 1743//1743
f 1769//1769 1594//1594 1744//1744
f 1769//1769 1744//1744 1755//1755
f 1770//1770 1745//1745 1756//1756
f 1770//1770 1758//1758 1745//1745
f 1771//1771 1759//1759 1746//1746
f 1771//1771 1746//1746 1757//1757
f 1772//1772 1747//1747 1758//1758
f 1772//1772 1760//1760 1747//1747
f 1773//1773 1748//1748 1759//1759
f 1773//1773 1761//1761 1748//1748
f 1774//1774 1749//1749 1760//1760
f 1774//1774 1762//1762 1749//1749
f 1775//1775 1763//1763 1750//1750
f 1775//1775 1750//1750 1761//1761
f 1776//1776 1764//1764 1607//1607
f 1777//1777 1765//1765 1751//1751
f 1777//1777 1751//1751 1762//1762
f 1778//1778 1766//1766 1752//1752
f 1778//1778 1752//1752 1763//1763
f 1779//1779 1753//1753 1764//1764
f 1779//1779 1767//1767 1753//1753
f 1780//1780 1754//1754 1765//1765
f 1780//1780 1768//1768 1754//1754
f 1781//1781 1755//1755 1766//1766
f 1781//1781 1769//1769 1755//1755
f 1782//1782 1756//1756 1767//1767
f 1782//1782 1770//1770 1756//1756
f 1783//1783 1757//1757 1768//1768
f 1783//1783 1771//1771 1757//1757
f 1784//1784 1594//1594 1769//1769
f 1784//1784 1592//1592 1593//1593
f 1784//1784 1593//1593 1594//1594
f 1785//1785 1772//1772 1758//1758
f 1785//1785 1758//1758 1770//1770
f 1786//1786 1759//1759 1771//1771
f 1786//1786 1773//1773 1759//1759
f 1787//1787 1774//1774 1760//1760
f 1787//1787 1760//1760 1772//1772
f 1788//1788 1761//1761 1773//1773
f 1788//1788 1775//1775 1761//1761
f 1789//1789 1776//1776 1607//1607
f 1790//1790 1762//1762 1774//1774
f 1790//1790 1777//1777 1762//1762
f 1791//1791 1778//1778 1763//1763
f 1791//1791 1763//1763 1775//1775
f 1792//1792 1779//1779 1764//1764
f 1792//1792 1764//1764 1776//1776
f 1793//1793 1780//1780 1765//1765
f 1793//1793 1765//1765 1777//1777
f 1794//1794 1781//1781 1766//1766
f 1794//1794 1766//1766 1778//1778
f 1795//1795 1767//1767 1779//1779
f 1795//1795 1782//1782 1767//1767
f 1796//1796 1783//1783 1768//1768
f 1796//1796 1768//1768 1780//1780
f 1797//1797 1784//1784 1769//1769
f 1797//1797 1769//1769 1781//1781
f 1798//1798 1785//1785 1770//1770
f 1798//1798 1770//1770 1782//1782
f 1799//1799 1771//1771 1783//1783
f 1799//1799 1786//1786 1771//1771
f 1800//1800 1772//1772 1785//1785
f 1800//1800 1787//1787 1772//1772
f 1801//1801 1773//1773 1786//1786
f 1801//1801 1788//1788 1773//1773
f 1802//1802 1789//1789 1607//1607
f 1803//1803 1774//1774 1787//1787
f 1803//1803 1790//1790 1774//1774
f 1804//1804 1775//1775 1788//1788
f 1804//1804 1791//1791 1775//1775
f 1805//1805 1776//1776 1789//1789
f 1805//1805 1792//1792 1776//1776
f 1806//1806 1777//1777 1790//1790
f 1806//1806 1793//1793 1777//1777
f 1807//1807 1778//1778 1791//1791
f 1807//1807 1794//1794 1778//1778
f 1808//1808 1795//1795 1779//1779
f 1808//1808 1779//1779 1792//1792
f 1809//1809 1780//1780 1793//1793
f 1809//1809 1796//1796 1780//1780
f 1810//1810 1797//1797 1781//1781
f 1810//1810 1781//1781 1794//1794
f 1811//1811 1782//1782 1795//1795
f 1811//1811 1798//1798 1782//1782
f 1812//1812 1783//1783 1796//1796
f 1812//1812 1799//1799 1783//1783
f 1813//1813 1592//1592 1784//1784
f 1813//1813 1784//1784 1797//1797
f 1814//1814 1800//1800 1785//1785
f 1814//1814 1785//1785 1798//1798
f 1815//1815 1786//1786 1799//1799
f 1815//1815 1801//1801 1786//1786
f 1816//1816 1802//1802 1607//1607
f 1817//1817 1787//1787 1800//1800
f 1817//1817 1803//1803 1787//1787
f 1818//1818 1804//1804 1788//1788
f 1818//1818 1788//1788 1801//1801
f 1819//1819 1789//1789 1802//1802
f 1819//1819 1805//1805 1789//1789
f 1820//1820 1806//1806 1790//1790
f 1820//1820 1790//1790 1803//1803
f 1821//1821 1791//1791 1804//1804
f 1821//1821 1807//1807 1791//1791
f 1822//1822 1792//1792 1805//1805
f 1822//1822 1808//1808 1792//1792
f 1823//1823 1793//1793 1806//1806
f 1823//1823 1809//1809 1793//1793
f 1824//1824 1810//1810 1794//1794
f 1824//1824 1794//1794 1807//1807
f 1825//1825 1795//1795 1808//1808
f 1825//1825 1811//1811 1795//1795
f 1826//1826 1812//1812 1796//1796
f 1826//1826 1796//1796 1809//1809
f 1827//1827 1797//1797 1810//1810
f 1827//1827 1813//1813 1797//1797
f 1828//1828 1798//1798 1811//1811
f 1828//1828 1814//1814 1798//1798
f 1829//1829 1815//1815 1799//1799
f 1829//1829 1799//1799 1812//1812
f 1830//1830 1816//1816 1607//1607
f 1831//1831 1590//1590 1591//1591
f 1831//1831 1591//1591 1592//1592
f 1831//1831 1592//1592 1813//1813
f 1832//1832 1817//1817 1800//1800
f 1832//1832 1800//1800 1814//1814
f 1833//1833 1801//1801 1815//1815
f 1833//1833 1818//1818 1801//1801
f 1834//1834 1802//1802 1816//1816
f 1834//1834 1819//1819 1802//1802
f 1835//1835 1820//1820 1803//1803
f 1835//1835 1803//1803 1817//1817
f 1836//1836 1804//1804 1818//1818
f 1836//1836 1821//1821 1804//1804
f 1837//1837 1805//1805 1819//1819
f 1837//1837 1822//1822 1805//1805
f 1838//1838 1806//1806 1820//1820
f 1838//1838 1823//1823 1806//1806
f 1839//1839 1807//1807 1821//1821
f 1839//1839 1824//1824 1807//1807
f 1840//1840 1808//1808 1822//1822
f 1840//1840 1825//1825 1808//1808
f 1841//1841 1826//1826 1809//1809
f 1841//1841 1809//1809 1823//1823
f 1842//1842 1827//1827 1810//1810
f 1842//1842 1810//1810 1824//1824
f 1843//1843 1828//1828 1811//1811
f 1843//1843 1811//1811 1825//1825
f 1844//1844 1829//1829 1812//1812
f 1844//1844 1812//1812 1826//1826
f 1845//1845 1830//1830 1607//1607
f 1846//1846 1831//1831 1813//1813
f 1846//1846 1813//1813 1827//1827
f 1847//1847 1832//1832 1814//1814
f 1847//1847 1814//1814 1828//1828
f 1848//1848 1833//1833 1815//1815
f 1848//1848 1815//1815 1829//1829
f 1849//1849 1816//1816 1830//1830
f 1849//1849 1834//1834 1816//1816
f 1850//1850 1835//1835 1817//1817
f 1850//1850 1817//1817 1832//1832
f 1851//1851 1836//1836 1818//1818
f 1851//1851 1818//1818 1833//1833
f 1852//1852 1837//1837 1819//1819
f 1852//1852 1819//1819 1834//1834
f 1853//1853 1820//1820 1835//1835
f 1853//1853 1838//1838 1820//1820
f 1854//1854 1839//1839 1821//1821
f 1854//1854 1821//1821 1836//1836
f 1855//1855 1840//1840 1822//1822
f 1855//1855 1822//1822 1837//1837
f 1856//1856 1841//1841 1823//1823
f 1856//1856 1823//1823 1838//1838
f 1857//1857 1824//1824 1839//1839
f 1857//1857 1842//1842 1824//1824
f 1858//1858 1843//1843 1825//1825
f 1858//1858 1825//1825 1840//1840
f 1859//1859 1844//1844 1826//1826
f 1859//1859 1826//1826 1841//1841
f 1860//1860 1845//1845 1607//1607
f 1861//1861 1846//1846 1827//1827
f 1861//1861 1827//1827 1842//1842
f 1862//1862 1828//1828 1843//1843
f 1862//1862 1847//1847 1828//1828
f 1863//1863 1829//1829 1844//1844
f 1863//1863 1848//1848 1829//1829
f 1864//1864 1849//1849 1830//1830
f 1864//1864 1830//1830 1845//1845
f 1865//1865 1831//1831 1846//1846
f 1865//1865 1590//1590 1831//1831
f 1866//1866 1832//1832 1847//1847
f 1866//1866 1850//1850 1832//1832
f 1867//1867 1833//1833 1848//1848
f 1867//1867 1851//1851 1833//1833
f 1868//1868 1852//1852 1834//1834
f 1868//1868 1834//1834 1849//1849
f 1869//1869 1835//1835 1850//1850
f 1869//1869 1853//1853 1835//1835
f 1870//1870 1836//1836 1851//1851
f 1870//1870 1854//1854 1836//1836
f 1871//1871 1837//1837 1852//1852
f 1871//1871 1855//1855 1837//1837
f 1872//1872 1856//1856 1838//1838
f 1872//1872 1838//1838 1853//1853
f 1873//1873 1839//1839 1854//1854
f 1873//1873 1857//1857 1839//1839
f 1874//1874 1840//1840 1855//1855
f 1874//1874 1858//1858 1840//1840
f 1875//1875 1841//1841 1856//1856
f 1875//1875 1859//1859 1841//1841
f 1876//1876 1860//1860 1607//1607
f 1877//1877 1842//1842 1857//1857
f 1877//1877 1861//1861 1842//1842
f 1878//1878 1862//1862 1843//1843
f 1878//1878 1843//1843 1858//1858
f 1879//1879 1863//1863 1844//1844
f 1879//1879 1844//1844 1859//1859
f 1880//1880 1864//1864 1845//1845
f 1880//1880 1845//1845 1860//1860
f 1881//1881 1865//1865 1846//1846
f 1881//1881 1846//1846 1861//1861
f 1882//1882 1847//1847 1862//1862
f 1882//1882 1866//1866 1847//1847
f 1883//1883 1867//1867 1848//1848
f 1883//1883 1848//1848 1863//1863
f 1884//1884 1868//1868 1849//1849
f 1884//1884 1849//1849 1864//1864
f 1885//1885 1590//1590 1865//1865
f 1885//1885 1588//1588 1589//1589
f 1885//1885 1589//1589 1590//1590
f 1886//1886 1869//1869 1850//1850
f 1886//1886 1850//1850 1866//1866
f 1887//1887 1851//1851 1867//1867
f 1887//1887 1870//1870 1851//1851
f 1888//1888 1871//1871 1852//1852
f 1888//1888 1852//1852 1868//1868
f 1889//1889 1853//1853 1869//1869
f 1889//1889 1872//1872 1853//1853
f 1890//1890 1854//1854 1870//1870
f 1890//1890 1873//1873 1854//1854
f 1891//1891 1874//1874 1855//1855
f 1891//1891 1855//1855 1871//1871
f 1892//1892 1875//1875 1856//1856
f 1892//1892 1856//1856 1872//1872
f 1893//1893 1876//1876 1607//1607
f 1894//1894 1857//1857 1873//1873
f 1894//1894 1877//1877 1857//1857
f 1895//1895 1858//1858 1874//1874
f 1895//1895 1878//1878 1858//1858
f 1896//1896 1859//1859 1875//1875
f 1896//1896 1879//1879 1859//1859
f 1897//1897 1880//1880 1860//1860
f 1897//1897 1860//1860 1876//1876
f 1898//1898 1881//1881 1861//1861
f 1898//1898 1861//1861 1877//1877
f 1899//1899 1882//1882 1862//1862
f 1899//1899 1862//1862 1878//1878
f 1900//1900 1883//1883 1863//1863
f 1900//1900 1863//1863 1879//1879
f 1901//1901 1864//1864 1880//1880
f 1901//1901 1884//1884 1864//1864
f 1902//1902 1885//1885 1865//1865
f 1902//1902 1865//1865 1881//1881
f 1903//1903 1886//1886 1866//1866
f 1903//1903 1866//1866 1882//1882
f 1904//1904 1887//1887 1867//1867
f 1904//1904 1867//1867 1883//1883
f 1905//1905 1888//1888 1868//1868
f 1905//1905 1868//1868 1884//1884
f 1906//1906 1889//1889 1869//1869
f 1906//1906 1869//1869 1886//1886
f 1907//1907 1870//1870 1887//1887
f 1907//1907 1890//1890 1870//1870
f 1908//1908 1871//1871 1888//1888
f 1908//1908 1891//1891 1871//1871
f 1909//1909 1892//1892 1872//1872
f 1909//1909 1872//1872 1889//1889
f 1910//1910 1893//1893 1607//1607
f 1911//1911 1873//1873 1890//1890
f 1911//1911 1894//1894 1873//1873
f 1912//1912 1874//1874 1891//1891
f 1912//1912 1895//1895 1874//1874
f 1913//1913 1875//1875 1892//1892
f 1913//1913 1896//1896 1875//1875
f 1914//1914 1897//1897 1876//1876
f 1914//1914 1876//1876 1893//1893
f 1915//1915 1898//1898 1877//1877
f 1915//1915 1877//1877 1894//1894
f 1916//1916 1899//1899 1878//1878
f 1916//1916 1878//1878 1895//1895
f 1917//1917 1900//1900 1879//1879
f 1917//1917 1879//1879 1896//1896
f 1918//1918 1901//1901 1880//1880
f 1918//1918 1880//1880 1897//1897
f 1919//1919 1881//1881 1898//1898
f 1919//1919 1902//1902 1881//1881
f 1920//1920 1882//1882 1899//1899
f 1920//1920 1903//1903 1882//1882
f 1921//1921 1904//1904 1883//1883
f 1921//1921 1883//1883 1900//1900
f 1922//1922 1884//1884 1901//1901
f 1922//1922 1905//1905 1884//1884
f 1923//1923 1885//1885 1902//1902
f 1923//1923 1588//1588 1885//1885
f 1924//1924 1906//1906 1886//1886
f 1924//1924 1886//1886 1903//1903
f 1925//1925 1887//1887 1904//1904
f 1925//1925 1907//1907 1887//1887
f 1926//1926 1888//1888 1905//1905
f 1926//1926 1908//1908 1888//1888
f 1927//1927 1889//1889 1906//1906
f 1927//1927 1909//1909 1889//1889
f 1928//1928 1910//1910 1607//1607
f 1929//1929 1890//1890 1907//1907
f 1929//1929 1911//1911 1890//1890
f 1930//1930 1912//1912 1891//1891
f 1930//1930 1891//1891 1908//1908
f 1931//1931 1913//1913 1892//1892
f 1931//1931 1892//1892 1909//1909
f 1932//1932 1914//1914 1893//1893
f 1932//1932 1893//1893 1910//1910
f 1933//1933 1915//1915 1894//1894
f 1933//1933 1894//1894 1911//1911
f 1934//1934 1916//1916 1895//1895
f 1934//1934 1895//1895 1912//1912
f 1935//1935 1896//1896 1913//1913
f 1935//1935 1917//1917 1896//1896
f 1936//1936 1897//1897 1914//1914
f 1936//1936 1918//1918 1897//1897
f 1937//1937 1919//1919 1898//1898
f 1937//1937 1898//1898 1915//1915
f 1938//1938 1899//1899 1916//1916
f 1938//1938 1920//1920 1899//1899
f 1939//1939 1900//1900 1917//1917
f 1939//1939 1921//1921 1900//1900
f 1940//1940 1901//1901 1918//1918
f 1940//1940 1922//1922 1901//1901
f 1941//1941 1923//1923 1902//1902
f 1941//1941 1902//1902 1919//1919
f 1942//1942 1924//1924 1903//1903
f 1942//1942 1903//1903 1920//1920
f 1943//1943 1904//1904 1921//1921
f 1943//1943 1925//1925 1904//1904
f 1944//1944 1905//1905 1922//1922
f 1944//1944 1926//1926 1905//1905
f 1945//1945 1567//1567 1566//1566
f 1945//1945 1566//1566 1587//1587
f 1945//1945 1587//1587 1588//1588
f 1945//1945 1588//1588 1923//1923
f 1946//1946 1906//1906 1924//1924
f 1946//1946 1927//1927 1906//1906
f 1947//1947 1928//1928 1607//1607
f 1948//1948 1907//1907 1925//1925
f 1948//1948 1929//1929 1907//1907
f 1949//1949 1908//1908 1926//1926
f 1949//1949 1930//1930 1908//1908
f 1950//1950 1909//1909 1927//1927
f 1950//1950 1931//1931 1909//1909
f 1951//1951 1910//1910 1928//1928
f 1951//1951 1932//1932 1910//1910
f 1952//1952 1933//1933 1911//1911
f 1952//1952 1911//1911 1929//1929
f 1953//1953 1934//1934 1912//1912
f 1953//1953 1912//1912 1930//1930
f 1954//1954 1913//1913 1931//1931
f 1954//1954 1935//1935 1913//1913
f 1955//1955 1936//1936 1914//1914
f 1955//1955 1914//1914 1932//1932
f 1956//1956 1915//1915 1933//1933
f 1956//1956 1937//1937 1915//1915
f 1957//1957 1938//1938 1916//1916
f 1957//1957 1916//1916 1934//1934
f 1958//1958 1917//1917 1935//1935
f 1958//1958 1939//1939 1917//1917
f 1959//1959 1918//1918 1936//1936
f 1959//1959 1940//1940 1918//1918
f 1960//1960 1919//1919 1937//1937
f 1960//1960 1941//1941 1919//1919
f 1961//1961 1942//1942 1920//1920
f 1961//1961 1920//1920 1938//1938
f 1962//1962 1921//1921 1939//1939
f 1962//1962 1943//1943 1921//1921
f 1963//1963 1922//1922 1940//1940
f 1963//1963 1944//1944 1922//1922
f 1964//1964 1568//1568 1567//1567
f 1964//1964 1567//1567 1945//1945
f 1964//1964 1923//1923 1941//1941
f 1964//1964 1945//1945 1923//1923
f 1965//1965 1924//1924 1942//1942
f 1965//1965 1946//1946 1924//1924
f 1966//1966 1947//1947 1607//1607
f 1967//1967 1925//1925 1943//1943
f 1967//1967 1948//1948 1925//1925
f 1968//1968 1926//1926 1944//1944
f 1968//1968 1949//1949 1926//1926
f 1969//1969 1927//1927 1946//1946
f 1969//1969 1950//1950 1927//1927
f 1970//1970 1951//1951 1928//1928
f 1970//1970 1928//1928 1947//1947
f 1971//1971 1952//1952 1929//1929
f 1971//1971 1929//1929 1948//1948
f 1972//1972 1930//1930 1949//1949
f 1972//1972 1953//1953 1930//1930
f 1973//1973 1931//1931 1950//1950
f 1973//1973 1954//1954 1931//1931
f 1974//1974 1932//1932 1951//1951
f 1974//1974 1955//1955 1932//1932
f 1975//1975 1956//1956 1933//1933
f 1975//1975 1933//1933 1952//1952
f 1976//1976 1957//1957 1934//1934
f 1976//1976 1934//1934 1953//1953
f 1977//1977 1958//1958 1935//1935
f 1977//1977 1935//1935 1954//1954
f 1978//1978 1959//1959 1936//1936
f 1978//1978 1936//1936 1955//1955
f 1979//1979 1937//1937 1956//1956
f 1979//1979 1960//1960 1937//1937
f 1980//1980 1938//1938 1957//1957
f 1980//1980 1961//1961 1938//1938
f 1981//1981 1939//1939 1958//1958
f 1981//1981 1962//1962 1939//1939
f 1982//1982 1940//1940 1959//1959
f 1982//1982 1963//1963 1940//1940
f 1983//1983 1964//1964 1941//1941
f 1983//1983 1569//1569 1568//1568
f 1983//1983 1568//1568 1964//1964
f 1983//1983 1941//1941 1960//1960
f 1984//1984 1942//1942 1961//1961
f 1984//1984 1965//1965 1942//1942
f 1985//1985 1966//1966 1607//1607
f 1986//1986 1967//1967 1943//1943
f 1986//1986 1943//1943 1962//1962
f 1987//1987 1944//1944 1963//1963
f 1987//1987 1968//1968 1944//1944
f 1988//1988 1946//1946 1965//1965
f 1988//1988 1969//1969 1946//1946
f 1989//1989 1947//1947 1966//1966
f 1989//1989 1970//1970 1947//1947
f 1990//1990 1948//1948 1967//1967
f 1990//1990 1971//1971 1948//1948
f 1991//1991 1972//1972 1949//1949
f 1991//1991 1949//1949 1968//1968
f 1992//1992 1950//1950 1969//1969
f 1992//1992 1973//1973 1950//1950
f 1993//1993 1951//1951 1970//1970
f 1993//1993 1974//1974 1951//1951
f 1994//1994 1952//1952 1971//1971
f 1994//1994 1975//1975 1952//1952
f 1995//1995 1953//1953 1972//1972
f 1995//1995 1976//1976 1953//1953
f 1996//1996 1954//1954 1973//1973
f 1996//1996 1977//1977 1954//1954
f 1997//1997 1978//1978 1955//1955
f 1997//1997 1955//1955 1974//1974
f 1998//1998 1956//1956 1975//1975
f 1998//1998 1979//1979 1956//1956
f 1999//1999 1957//1957 1976//1976
f 1999//1999 1980//1980 1957//1957
f 2000//2000 1958//1958 1977//1977
f 2000//2000 1981//1981 1958//1958
f 2001//2001 1959//1959 1978//1978
f 2001//2001 1982//1982 1959//1959
f 2002//2002 1570//1570 1569//1569
f 2002//2002 1569//1569 1983//1983
f 2002//2002 1960//1960 1979//1979
f 2002//2002 1983//1983 1960//1960
f 2003//2003 1984//1984 1961//1961
f 2003//2003 1961//1961 1980//1980
f 2004//2004 1985//1985 1607//1607
f 2005//2005 1962//1962 1981//1981
f 2005//2005 1986//1986 1962//1962
f 2006//2006 1987//1987 1963//1963
f 2006//2006 1963//1963 1982//1982
f 2007//2007 1988//1988 1965//1965
f 2007//2007 1965//1965 1984//1984
f 2008//2008 1989//1989 1966//1966
f 2008//2008 1966//1966 1985//1985
f 2009//2009 1990//1990 1967//1967
f 2009//2009 1967//1967 1986//1986
f 2010//2010 1991//1991 1968//1968
f 2010//2010 1968//1968 1987//1987
f 2011//2011 1969//1969 1988//1988
f 2011//2011 1992//1992 1969//1969
f 2012//2012 1970//1970 1989//1989
f 2012//2012 1993//1993 1970//1970
f 2013//2013 1971//1971 1990//1990
f 2013//2013 1994//1994 1971//1971
f 2014//2014 1972//1972 1991//1991
f 2014//2014 1995//1995 1972//1972
f 2015//2015 1996//1996 1973//1973
f 2015//2015 1973//1973 1992//1992
f 2016//2016 1974//1974 1993//1993
f 2016//2016 1997//1997 1974//1974
f 2017//2017 1998//1998 1975//1975
f 2017//2017 1975//1975 1994//1994
f 2018//2018 1999//1999 1976//1976
f 2018//2018 1976//1976 1995//1995
f 2019//2019 2000//2000 1977//1977
f 2019//2019 1977//1977 1996//1996
f 2020//2020 1978//1978 1997//1997
f 2020//2020 2001//2001 1978//1978
f 2021//2021 1979//1979 1998//1998
f 2021//2021 1571//1571 1570//1570
f 2021//2021 1570//1570 2002//2002
f 2021//2021 2002//2002 1979//1979
f 2022//2022 2003//2003 1980//1980
f 2022//2022 1980//1980 1999//1999
f 2023//2023 2004//2004 1607//1607
f 2024//2024 1981//1981 2000//2000
f 2024//2024 2005//2005 1981//1981
f 2025//2025 1982//1982 2001//2001
f 2025//2025 2006//2006 1982//1982
f 2026//2026 2007//2007 1984//1984
f 2026//2026 1984//1984 2003//2003
f 2027//2027 1985//1985 2004//2004
f 2027//2027 2008//2008 1985//1985
f 2028//2028 1986//1986 2005//2005
f 2028//2028 2009//2009 1986//1986
f 2029//2029 2010//2010 1987//1987
f 2029//2029 1987//1987 2006//2006
f 2030//2030 1988//1988 2007//2007
f 2030//2030 2011//2011 1988//1988
f 2031//2031 2012//2012 1989//1989
f 2031//2031 1989//1989 2008//2008
f 2032//2032 1990//1990 2009//2009
f 2032//2032 2013//2013 1990//1990
f 2033//2033 1991//1991 2010//2010
f 2033//2033 2014//2014 1991//1991
f 2034//2034 2015//2015 1992//1992
f 2034//2034 1992//1992 2011//2011
f 2035//2035 1993//1993 2012//2012
f 2035//2035 2016//2016 1993//1993
f 2036//2036 1994//1994 2013//2013
f 2036//2036 2017//2017 1994//1994
f 2037//2037 2018//2018 1995//1995
f 2037//2037 1995//1995 2014//2014
f 2038//2038 1996//1996 2015//2015
f 2038//2038 2019//2019 1996//1996
f 2039//2039 1997//1997 2016//2016
f 2039//2039 2020//2020 1997//1997
f 2040//2040 1572//1572 1571//1571
f 2040//2040 2021//2021 1998//1998
f 2040//2040 1571//1571 2021//2021
f 2040//2040 1998//1998 2017//2017
f 2041//2041 1999//1999 2018//2018
f 2041//2041 2022//2022 1999//1999
f 2042//2042 2023//2023 1607//1607
f 2043//2043 2024//2024 2000//2000
f 2043//2043 2000//2000 2019//2019
f 2044//2044 2001//2001 2020//2020
f 2044//2044 2025//2025 2001//2001
f 2045//2045 2026//2026 2003//2003
f 2045//2045 2003//2003 2022//2022
f 2046//2046 2027//2027 2004//2004
f 2046//2046 2004//2004 2023//2023
f 2047//2047 2028//2028 2005//2005
f 2047//2047 2005//2005 2024//2024
f 2048//2048 2006//2006 2025//2025
f 2048//2048 2029//2029 2006//2006
f 2049//2049 2030//2030 2007//2007
f 2049//2049 2007//2007 2026//2026
f 2050//2050 2031//2031 2008//2008
f 2050//2050 2008//2008 2027//2027
f 2051//2051 2009//2009 2028//2028
f 2051//2051 2032//2032 2009//2009
f 2052//2052 2010//2010 2029//2029
f 2052//2052 2033//2033 2010//2010
f 2053//2053 2011//2011 2030//2030
f 2053//2053 2034//2034 2011//2011
f 2054//2054 2035//2035 2012//2012
f 2054//2054 2012//2012 2031//2031
f 2055//2055 2013//2013 2032//2032
f 2055//2055 2036//2036 2013//2013
f 2056//2056 2037//2037 2014//2014
f 2056//2056 2014//2014 2033//2033
f 2057//2057 2038//2038 2015//2015
f 2057//2057 2015//2015 2034//2034
f 2058//2058 2016//2016 2035//2035
f 2058//2058 2039//2039 2016//2016
f 2059//2059 1573//1573 1572//1572
f 2059//2059 2040//2040 2017//2017
f 2059//2059 2017//2017 2036//2036
f 2059//2059 1572//1572 2040//2040
f 2060//2060 2018//2018 2037//2037
f 2060//2060 2041//2041 2018//2018
f 2061//2061 2042//2042 1607//1607
f 2062//2062 2019//2019 2038//2038
f 2062//2062 2043//2043 2019//2019
f 2063//2063 2044//2044 2020//2020
f 2063//2063 2020//2020 2039//2039
f 2064//2064 2022//2022 2041//2041
f 2064//2064 2045//2045 2022//2022
f 2065//2065 2023//2023 2042//2042
f 2065//2065 2046//2046 2023//2023
f 2066//2066 2047//2047 2024//2024
f 2066//2066 2024//2024 2043//2043
f 2067//2067 2048//2048 2025//2025
f 2067//2067 2025//2025 2044//2044
f 2068//2068 2049//2049 2026//2026
f 2068//2068 2026//2026 2045//2045
f 2069//2069 2027//2027 2046//2046
f 2069//2069 2050//2050 2027//2027
f 2070//2070 2051//2051 2028//2028
f 2070//2070 2028//2028 2047//2047
f 2071//2071 2052//2052 2029//2029
f 2071//2071 2029//2029 2048//2048
f 2072//2072 2030//2030 2049//2049
f 2072//2072 2053//2053 2030//2030
f 2073//2073 2054//2054 2031//2031
f 2073//2073 2031//2031 2050//2050
f 2074//2074 2055//2055 2032//2032
f 2074//2074 2032//2032 2051//2051
f 2075//2075 2033//2033 2052//2052
f 2075//2075 2056//2056 2033//2033
f 2076//2076 2034//2034 2053//2053
f 2076//2076 2057//2057 2034//2034
f 2077//2077 2035//2035 2054//2054
f 2077//2077 2058//2058 2035//2035
f 2078//2078 1574//1574 1573//1573
f 2078//2078 2036//2036 2055//2055
f 2078//2078 1573//1573 2059//2059
f 2078//2078 2059//2059 2036//2036
f 2079//2079 2037//2037 2056//2056
f 2079//2079 2060//2060 2037//2037
f 2080//2080 1607//1607 1608//1608
f 2080//2080 1608//1608 1609//1609
f 2080//2080 2061//2061 1607//1607
f 2081//2081 2038//2038 2057//2057
f 2081//2081 2062//2062 2038//2038
f 2082//2082 2039//2039 2058//2058
f 2082//2082 2063//2063 2039//2039
f 2083//2083 2041//2041 2060//2060
f 2083//2083 2064//2064 2041//2041
f 2084//2084 2065//2065 2042//2042
f 2084//2084 2042//2042 2061//2061
f 2085//2085 2066//2066 2043//2043
f 2085//2085 2043//2043 2062//2062
f 2086//2086 2044//2044 2063//2063
f 2086//2086 2067//2067 2044//2044
f 2087//2087 2045//2045 2064//2064
f 2087//2087 2068//2068 2045//2045
f 2088//2088 2069//2069 2046//2046
f 2088//2088 2046//2046 2065//2065
f 2089//2089 2070//2070 2047//2047
f 2089//2089 2047//2047 2066//2066
f 2090//2090 2048//2048 2067//2067
f 2090//2090 2071//2071 2048//2048
f 2091//2091 2072//2072 2049//2049
f 2091//2091 2049//2049 2068//2068
f 2092//2092 2050//2050 2069//2069
f 2092//2092 2073//2073 2050//2050
f 2093//2093 2051//2051 2070//2070
f 2093//2093 2074//2074 2051//2051
f 2094//2094 2052//2052 2071//2071
f 2094//2094 2075//2075 2052//2052
f 2095//2095 2076//2076 2053//2053
f 2095//2095 2053//2053 2072//2072
f 2096//2096 2054//2054 2073//2073
f 2096//2096 2077//2077 2054//2054
f 2097//2097 1575//1575 1574//1574
f 2097//2097 2078//2078 2055//2055
f 2097//2097 2055//2055 2074//2074
f 2097//2097 1574//1574 2078//2078
f 2098//2098 2056//2056 2075//2075
f 2098//2098 2079//2079 2056//2056
f 2099//2099 2057//2057 2076//2076
f 2099//2099 2081//2081 2057//2057
f 2100//2100 2082//2082 2058//2058
f 2100//2100 2058//2058 2077//2077
f 2101//2101 2060//2060 2079//2079
f 2101//2101 2083//2083 2060//2060
f 2102//2102 2080//2080 1609//1609
f 2102//2102 2061//2061 2080//2080
f 2102//2102 2084//2084 2061//2061
f 2103//2103 2062//2062 2081//2081
f 2103//2103 2085//2085 2062//2062
f 2104//2104 2086//2086 2063//2063
f 2104//2104 2063//2063 2082//2082
f 2105//2105 2087//2087 2064//2064
f 2105//2105 2064//2064 2083//2083
f 2106//2106 2088//2088 2065//2065
f 2106//2106 2065//2065 2084//2084
f 2107//2107 2089//2089 2066//2066
f 2107//2107 2066//2066 2085//2085
f 2108//2108 2090//2090 2067//2067
f 2108//2108 2067//2067 2086//2086
f 2109//2109 2068//2068 2087//2087
f 2109//2109 2091//2091 2068//2068
f 2110//2110 2069//2069 2088//2088
f 2110//2110 2092//2092 2069//2069
f 2111//2111 2070//2070 2089//2089
f 2111//2111 2093//2093 2070//2070
f 2112//2112 2094//2094 2071//2071
f 2112//2112 2071//2071 2090//2090
f 2113//2113 2072//2072 2091//2091
f 2113//2113 2095//2095 2072//2072
f 2114//2114 2096//2096 2073//2073
f 2114//2114 2073//2073 2092//2092
f 2115//2115 1576//1576 1575//1575
f 2115//2115 1575//1575 2097//2097
f 2115//2115 2074//2074 2093//2093
f 2115//2115 2097//2097 2074//2074
f 2116//2116 2075//2075 2094//2094
f 2116//2116 2098//2098 2075//2075
f 2117//2117 2099//2099 2076//2076
f 2117//2117 2076//2076 2095//2095
f 2118//2118 2100//2100 2077//2077
f 2118//2118 2077//2077 2096//2096
f 2119//2119 2101//2101 2079//2079
f 2119//2119 2079//2079 2098//2098
f 2120//2120 2103//2103 2081//2081
f 2120//2120 2081//2081 2099//2099
f 2121//2121 2082//2082 2100//2100
f 2121//2121 2104//2104 2082//2082
f 2122//2122 2083//2083 2101//2101
f 2122//2122 2105//2105 2083//2083
f 2123//2123 2084//2084 2102//2102
f 2123//2123 2106//2106 2084//2084
f 2124//2124 2085//2085 2103//2103
f 2124//2124 2107//2107 2085//2085
f 2125//2125 2086//2086 2104//2104
f 2125//2125 2108//2108 2086//2086
f 2126//2126 2087//2087 2105//2105
f 2126//2126 2109//2109 2087//2087
f 2127//2127 2110//2110 2088//2088
f 2127//2127 2088//2088 2106//2106
f 2128//2128 2089//2089 2107//2107
f 2128//2128 2111//2111 2089//2089
f 2129//2129 2090//2090 2108//2108
f 2129//2129 2112//2112 2090//2090
f 2130//2130 2113//2113 2091//2091
f 2130//2130 2091//2091 2109//2109
f 2131//2131 2092//2092 2110//2110
f 2131//2131 2114//2114 2092//2092
f 2132//2132 1577//1577 1576//1576
f 2132//2132 2093//2093 2111//2111
f 2132//2132 2115//2115 2093//2093
f 2132//2132 1576//1576 2115//2115
f 2133//2133 2116//2116 2094//2094
f 2133//2133 2094//2094 2112//2112
f 2134//2134 2095//2095 2113//2113
f 2134//2134 2117//2117 2095//2095
f 2135//2135 2118//2118 2096//2096
f 2135//2135 2096//2096 2114//2114
f 2136//2136 2098//2098 2116//2116
f 2136//2136 2119//2119 2098//2098
f 2137//2137 2099//2099 2117//2117
f 2137//2137 2120//2120 2099//2099
f 2138//2138 2121//2121 2100//2100
f 2138//2138 2100//2100 2118//2118
f 2139//2139 2101//2101 2119//2119
f 2139//2139 2122//2122 2101//2101
f 2140//2140 2123//2123 2102//2102
f 2140//2140 1609//1609 1610//1610
f 2140//2140 1610//1610 1611//1611
f 2140//2140 2102//2102 1609//1609
f 2141//2141 2124//2124 2103//2103
f 2141//2141 2103//2103 2120//2120
f 2142//2142 2104//2104 2121//2121
f 2142//2142 2125//2125 2104//2104
f 2143//2143 2105//2105 2122//2122
f 2143//2143 2126//2126 2105//2105
f 2144//2144 2106//2106 2123//2123
f 2144//2144 2127//2127 2106//2106
f 2145//2145 2107//2107 2124//2124
f 2145//2145 2128//2128 2107//2107
f 2146//2146 2129//2129 2108//2108
f 2146//2146 2108//2108 2125//2125
f 2147//2147 2109//2109 2126//2126
f 2147//2147 2130//2130 2109//2109
f 2148//2148 2110//2110 2127//2127
f 2148//2148 2131//2131 2110//2110
f 2149//2149 1578//1578 1577//1577
f 2149//2149 1577//1577 2132//2132
f 2149//2149 2111//2111 2128//2128
f 2149//2149 2132//2132 2111//2111
f 2150//2150 2112//2112 2129//2129
f 2150//2150 2133//2133 2112//2112
f 2151//2151 2113//2113 2130//2130
f 2151//2151 2134//2134 2113//2113
f 2152//2152 2135//2135 2114//2114
f 2152//2152 2114//2114 2131//2131
f 2153//2153 2136//2136 2116//2116
f 2153//2153 2116//2116 2133//2133
f 2154//2154 2137//2137 2117//2117
f 2154//2154 2117//2117 2134//2134
f 2155//2155 2138//2138 2118//2118
f 2155//2155 2118//2118 2135//2135
f 2156//2156 2139//2139 2119//2119
f 2156//2156 2119//2119 2136//2136
f 2157//2157 2120//2120 2137//2137
f 2157//2157 2141//2141 2120//2120
f 2158//2158 2142//2142 2121//2121
f 2158//2158 2121//2121 2138//2138
f 2159//2159 2122//2122 2139//2139
f 2159//2159 2143//2143 2122//2122
f 2160//2160 2140//2140 1611//1611
f 2160//2160 2144//2144 2123//2123
f 2160//2160 2123//2123 2140//2140
f 2161//2161 2145//2145 2124//2124
f 2161//2161 2124//2124 2141//2141
f 2162//2162 2125//2125 2142//2142
f 2162//2162 2146//2146 2125//2125
f 2163//2163 2126//2126 2143//2143
f 2163//2163 2147//2147 2126//2126
f 2164//2164 2127//2127 2144//2144
f 2164//2164 2148//2148 2127//2127
f 2165//2165 1579//1579 1578//1578
f 2165//2165 2128//2128 2145//2145
f 2165//2165 2149//2149 2128//2128
f 2165//2165 1578//1578 2149//2149
f 2166//2166 2150//2150 2129//2129
f 2166//2166 2129//2129 2146//2146
f 2167//2167 2151//2151 2130//2130
f 2167//2167 2130//2130 2147//2147
f 2168//2168 2131//2131 2148//2148
f 2168//2168 2152//2152 2131//2131
f 2169//2169 2133//2133 2150//2150
f 2169//2169 2153//2153 2133//2133
f 2170//2170 2134//2134 2151//2151
f 2170//2170 2154//2154 2134//2134
f 2171//2171 2135//2135 2152//2152
f 2171//2171 2155//2155 2135//2135
f 2172//2172 2136//2136 2153//2153
f 2172//2172 2156//2156 2136//2136
f 2173//2173 2157//2157 2137//2137
f 2173//2173 2137//2137 2154//2154
f 2174//2174 2138//2138 2155//2155
f 2174//2174 2158//2158 2138//2138
f 2175//2175 2139//2139 2156//2156
f 2175//2175 2159//2159 2139//2139
f 2176//2176 2141//2141 2157//2157
f 2176//2176 2161//2161 2141//2141
f 2177//2177 2142//2142 2158//2158
f 2177//2177 2162//2162 2142//2142
f 2178//2178 2143//2143 2159//2159
f 2178//2178 2163//2163 2143//2143
f 2179//2179 2144//2144 2160//2160
f 2179//2179 2164//2164 2144//2144
f 2180//2180 1580//1580 1579//1579
f 2180//2180 1579//1579 2165//2165
f 2180//2180 2145//2145 2161//2161
f 2180//2180 2165//2165 2145//2145
f 2181//2181 2146//2146 2162//2162
f 2181//2181 2166//2166 2146//2146
f 2182//2182 2167//2167 2147//2147
f 2182//2182 2147//2147 2163//2163
f 2183//2183 2168//2168 2148//2148
f 2183//2183 2148//2148 2164//2164
f 2184//2184 2169//2169 2150//2150
f 2184//2184 2150//2150 2166//2166
f 2185//2185 2151//2151 2167//2167
f 2185//2185 2170//2170 2151//2151
f 2186//2186 2152//2152 2168//2168
f 2186//2186 2171//2171 2152//2152
f 2187//2187 2172//2172 2153//2153
f 2187//2187 2153//2153 2169//2169
f 2188//2188 2154//2154 2170//2170
f 2188//2188 2173//2173 2154//2154
f 2189//2189 2174//2174 2155//2155
f 2189//2189 2155//2155 2171//2171
f 2190//2190 2175//2175 2156//2156
f 2190//2190 2156//2156 2172//2172
f 2191//2191 2157//2157 2173//2173
f 2191//2191 2176//2176 2157//2157
f 2192//2192 2158//2158 2174//2174
f 2192//2192 2177//2177 2158//2158
f 2193//2193 2159//2159 2175//2175
f 2193//2193 2178//2178 2159//2159
f 2194//2194 2179//2179 2160//2160
f 2194//2194 1611//1611 1612//1612
f 2194//2194 1612//1612 1613//1613
f 2194//2194 2160//2160 1611//1611
f 2195//2195 1581//1581 1580//1580
f 2195//2195 2161//2161 2176//2176
f 2195//2195 2180//2180 2161//2161
f 2195//2195 1580//1580 2180//2180
f 2196//2196 2162//2162 2177//2177
f 2196//2196 2181//2181 2162//2162
f 2197//2197 2163//2163 2178//2178
f 2197//2197 2182//2182 2163//2163
f 2198//2198 2164//2164 2179//2179
f 2198//2198 2183//2183 2164//2164
f 2199//2199 2184//2184 2166//2166
f 2199//2199 2166//2166 2181//2181
f 2200//2200 2167//2167 2182//2182
f 2200//2200 2185//2185 2167//2167
f 2201//2201 2186//2186 2168//2168
f 2201//2201 2168//2168 2183//2183
f 2202//2202 2169//2169 2184//2184
f 2202//2202 2187//2187 2169//2169
f 2203//2203 2170//2170 2185//2185
f 2203//2203 2188//2188 2170//2170
f 2204//2204 2189//2189 2171//2171
f 2204//2204 2171//2171 2186//2186
f 2205//2205 2172//2172 2187//2187
f 2205//2205 2190//2190 2172//2172
f 2206//2206 2173//2173 2188//2188
f 2206//2206 2191//2191 2173//2173
f 2207//2207 2174//2174 2189//2189
f 2207//2207 2192//2192 2174//2174
f 2208//2208 2175//2175 2190//2190
f 2208//2208 2193//2193 2175//2175
f 2209//2209 1582//1582 1581//1581
f 2209//2209 1581//1581 2195//2195
f 2209//2209 2176//2176 2191//2191
f 2209//2209 2195//2195 2176//2176
f 2210//2210 2177//2177 2192//2192
f 2210//2210 2196//2196 2177//2177
f 2211//2211 2178//2178 2193//2193
f 2211//2211 2197//2197 2178//2178
f 2212//2212 2194//2194 1613//1613
f 2212//2212 2179//2179 2194//2194
f 2212//2212 2198//2198 2179//2179
f 2213//2213 2181//2181 2196//2196
f 2213//2213 2199//2199 2181//2181
f 2214//2214 2200//2200 2182//2182
f 2214//2214 2182//2182 2197//2197
f 2215//2215 2201//2201 2183//2183
f 2215//2215 2183//2183 2198//2198
f 2216//2216 2202//2202 2184//2184
f 2216//2216 2184//2184 2199//2199
f 2217//2217 2203//2203 2185//2185
f 2217//2217 2185//2185 2200//2200
f 2218//2218 2204//2204 2186//2186
f 2218//2218 2186//2186 2201//2201
f 2219//2219 2205//2205 2187//2187
f 2219//2219 2187//2187 2202//2202
f 2220//2220 2188//2188 2203//2203
f 2220//2220 2206//2206 2188//2188
f 2221//2221 2207//2207 2189//2189
f 2221//2221 2189//2189 2204//2204
f 2222//2222 2190//2190 2205//2205
f 2222//2222 2208//2208 2190//2190
f 2223//2223 1583//1583 1582//1582
f 2223//2223 2191//2191 2206//2206
f 2223//2223 2209//2209 2191//2191
f 2223//2223 1582//1582 2209//2209
f 2224//2224 2192//2192 2207//2207
f 2224//2224 2210//2210 2192//2192
f 2225//2225 2193//2193 2208//2208
f 2225//2225 2211//2211 2193//2193
f 2226//2226 2196//2196 2210//2210
f 2226//2226 2213//2213 2196//2196
f 2227//2227 2214//2214 2197//2197
f 2227//2227 2197//2197 2211//2211
f 2228//2228 2215//2215 2198//2198
f 2228//2228 2198//2198 2212//2212
f 2229//2229 2216//2216 2199//2199
f 2229//2229 2199//2199 2213//2213
f 2230//2230 2200//2200 2214//2214
f 2230//2230 2217//2217 2200//2200
f 2231//2231 2218//2218 2201//2201
f 2231//2231 2201//2201 2215//2215
f 2232//2232 2202//2202 2216//2216
f 2232//2232 2219//2219 2202//2202
f 2233//2233 2203//2203 2217//2217
f 2233//2233 2220//2220 2203//2203
f 2234//2234 2204//2204 2218//2218
f 2234//2234 2221//2221 2204//2204
f 2235//2235 2205//2205 2219//2219
f 2235//2235 2222//2222 2205//2205
f 2236//2236 1584//1584 1583//1583
f 2236//2236 2206//2206 2220//2220
f 2236//2236 2223//2223 2206//2206
f 2236//2236 1583//1583 2223//2223
f 2237//2237 2207//2207 2221//2221
f 2237//2237 2224//2224 2207//2207
f 2238//2238 2225//2225 2208//2208
f 2238//2238 2208//2208 2222//2222
f 2239//2239 2226//2226 2210//2210
f 2239//2239 2210//2210 2224//2224
f 2240//2240 2211//2211 2225//2225
f 2240//2240 2227//2227 2211//2211
f 2241//2241 2212//2212 1613//1613
f 2241//2241 1613//1613 1614//1614
f 2241//2241 1614//1614 1615//1615
f 2241//2241 2228//2228 2212//2212
f 2242//2242 2229//2229 2213//2213
f 2242//2242 2213//2213 2226//2226
f 2243//2243 2214//2214 2227//2227
f 2243//2243 2230//2230 2214//2214
f 2244//2244 2215//2215 2228//2228
f 2244//2244 2231//2231 2215//2215
f 2245//2245 2232//2232 2216//2216
f 2245//2245 2216//2216 2229//2229
f 2246//2246 2217//2217 2230//2230
f 2246//2246 2233//2233 2217//2217
f 2247//2247 2234//2234 2218//2218
f 2247//2247 2218//2218 2231//2231
f 2248//2248 2235//2235 2219//2219
f 2248//2248 2219//2219 2232//2232
f 2249//2249 1585//1585 1584//1584
f 2249//2249 2236//2236 2220//2220
f 2249//2249 1584//1584 2236//2236
f 2249//2249 2220//2220 2233//2233
f 2250//2250 2237//2237 2221//2221
f 2250//2250 2221//2221 2234//2234
f 2251//2251 2238//2238 2222//2222
f 2251//2251 2222//2222 2235//2235
f 2252//2252 2224//2224 2237//2237
f 2252//2252 2239//2239 2224//2224
f 2253//2253 2225//2225 2238//2238
f 2253//2253 2240//2240 2225//2225
f 2254//2254 2226//2226 2239//2239
f 2254//2254 2242//2242 2226//2226
f 2255//2255 2227//2227 2240//2240
f 2255//2255 2243//2243 2227//2227
f 2256//2256 2241//2241 1615//1615
f 2256//2256 2228//2228 2241//2241
f 2256//2256 2244//2244 2228//2228
f 2257//2257 2229//2229 2242//2242
f 2257//2257 2245//2245 2229//2229
f 2258//2258 2246//2246 2230//2230
f 2258//2258 2230//2230 2243//2243
f 2259//2259 2247//2247 2231//2231
f 2259//2259 2231//2231 2244//2244
f 2260//2260 2248//2248 2232//2232
f 2260//2260 2232//2232 2245//2245
f 2261//2261 1586//1586 1585//1585
f 2261//2261 2233//2233 2246//2246
f 2261//2261 2249//2249 2233//2233
f 2261//2261 1585//1585 2249//2249
f 2261//2261 1646//1646 1586//1586
f 2262//2262 2250//2250 2234//2234
f 2262//2262 2234//2234 2247//2247
f 2263//2263 2235//2235 2248//2248
f 2263//2263 2251//2251 2235//2235
f 2264//2264 2252//2252 2237//2237
f 2264//2264 2237//2237 2250//2250
f 2265//2265 2253//2253 2238//2238
f 2265//2265 2238//2238 2251//2251
f 2266//2266 2239//2239 2252//2252
f 2266//2266 2254//2254 2239//2239
f 2267//2267 2240//2240 2253//2253
f 2267//2267 2255//2255 2240//2240
f 2268//2268 2242//2242 2254//2254
f 2268//2268 2257//2257 2242//2242
f 2269//2269 2243//2243 2255//2255
f 2269//2269 2258//2258 2243//2243
f 2270//2270 2244//2244 2256//2256
f 2270//2270 2259//2259 2244//2244
f 2271//2271 2245//2245 2257//2257
f 2271//2271 2260//2260 2245//2245
f 2272//2272 2261//2261 2246//2246
f 2272//2272 2246//2246 2258//2258
f 2272//2272 1645//1645 1646//1646
f 2272//2272 1646//1646 2261//2261
f 2273//2273 2262//2262 2247//2247
f 2273//2273 2247//2247 2259//2259
f 2274//2274 2248//2248 2260//2260
f 2274//2274 2263//2263 2248//2248
f 2275//2275 2264//2264 2250//2250
f 2275//2275 2250//2250 2262//2262
f 2276//2276 2265//2265 2251//2251
f 2276//2276 2251//2251 2263//2263
f 2277//2277 2266//2266 2252//2252
f 2277//2277 2252//2252 2264//2264
f 2278//2278 2253//2253 2265//2265
f 2278//2278 2267//2267 2253//2253
f 2279//2279 2254//2254 2266//2266
f 2279//2279 2268//2268 2254//2254
f 2280//2280 2269//2269 2255//2255
f 2280//2280 2255//2255 2267//2267
f 2281//2281 2270//2270 2256//2256
f 2281//2281 2256//2256 1615//1615
f 2281//2281 1615//1615 1616//1616
f 2281//2281 1616//1616 1617//1617
f 2282//2282 2257//2257 2268//2268
f 2282//2282 2271//2271 2257//2257
f 2283//2283 1645//1645 2272//2272
f 2283//2283 2258//2258 2269//2269
f 2283//2283 1644//1644 1645//1645
f 2283//2283 2272//2272 2258//2258
f 2284//2284 2259//2259 2270//2270
f 2284//2284 2273//2273 2259//2259
f 2285//2285 2260//2260 2271//2271
f 2285//2285 2274//2274 2260//2260
f 2286//2286 2275//2275 2262//2262
f 2286//2286 2262//2262 2273//2273
f 2287//2287 2263//2263 2274//2274
f 2287//2287 2276//2276 2263//2263
f 2288//2288 2264//2264 2275//2275
f 2288//2288 2277//2277 2264//2264
f 2289//2289 2278//2278 2265//2265
f 2289//2289 2265//2265 2276//2276
f 2290//2290 2279//2279 2266//2266
f 2290//2290 2266//2266 2277//2277
f 2291//2291 2267//2267 2278//2278
f 2291//2291 2280//2280 2267//2267
f 2292//2292 2282//2282 2268//2268
f 2292//2292 2268//2268 2279//2279
f 2293//2293 1644//1644 2283//2283
f 2293//2293 2283//2283 2269//2269
f 2293//2293 1643//1643 1644//1644
f 2293//2293 2269//2269 2280//2280
f 2294//2294 2284//2284 2270//2270
f 2294//2294 2270//2270 2281//2281
f 2294//2294 2281//2281 1617//1617
f 2295//2295 2271//2271 2282//2282
f 2295//2295 2285//2285 2271//2271
f 2296//2296 2273//2273 2284//2284
f 2296//2296 2286//2286 2273//2273
f 2297//2297 2287//2287 2274//2274
f 2297//2297 2274//2274 2285//2285
f 2298//2298 2288//2288 2275//2275
f 2298//2298 2275//2275 2286//2286
f 2299//2299 2289//2289 2276//2276
f 2299//2299 2276//2276 2287//2287
f 2300//2300 2290//2290 2277//2277
f 2300//2300 2277//2277 2288//2288
f 2301//2301 2291//2291 2278//2278
f 2301//2301 2278//2278 2289//2289
f 2302//2302 2279//2279 2290//2290
f 2302//2302 2292//2292 2279//2279
f 2303//2303 2280//2280 2291//2291
f 2303//2303 2293//2293 2280//2280
f 2303//2303 1642//1642 1643//1643
f 2303//2303 1643//1643 2293//2293
f 2304//2304 2295//2295 2282//2282
f 2304//2304 2282//2282 2292//2292
f 2305//2305 2284//2284 2294//2294
f 2305//2305 2296//2296 2284//2284
f 2306//2306 2285//2285 2295//2295
f 2306//2306 2297//2297 2285//2285
f 2307//2307 2286//2286 2296//2296
f 2307//2307 2298//2298 2286//2286
f 2308//2308 2299//2299 2287//2287
f 2308//2308 2287//2287 2297//2297
f 2309//2309 2300//2300 2288//2288
f 2309//2309 2288//2288 2298//2298
f 2310//2310 2289//2289 2299//2299
f 2310//2310 2301//2301 2289//2289
f 2311//2311 2290//2290 2300//2300
f 2311//2311 2302//2302 2290//2290
f 2312//2312 1642//1642 2303//2303
f 2312//2312 2303//2303 2291//2291
f 2312//2312 1641//1641 1642//1642
f 2312//2312 2291//2291 2301//2301
f 2313//2313 2292//2292 2302//2302
f 2313//2313 2304//2304 2292//2292
f 2314//2314 2305//2305 2294//2294
f 2314//2314 1617//1617 1618//1618
f 2314//2314 1618//1618 1619//1619
f 2314//2314 2294//2294 1617//1617
f 2315//2315 2295//2295 2304//2304
f 2315//2315 2306//2306 2295//2295
f 2316//2316 2296//2296 2305//2305
f 2316//2316 2307//2307 2296//2296
f 2317//2317 2297//2297 2306//2306
f 2317//2317 2308//2308 2297//2297
f 2318//2318 2309//2309 2298//2298
f 2318//2318 2298//2298 2307//2307
f 2319//2319 2310//2310 2299//2299
f 2319//2319 2299//2299 2308//2308
f 2320//2320 2300//2300 2309//2309
f 2320//2320 2311//2311 2300//2300
f 2321//2321 2301//2301 2310//2310
f 2321//2321 1641//1641 2312//2312
f 2321//2321 2312//2312 2301//2301
f 2321//2321 1640//1640 1641//1641
f 2322//2322 2313//2313 2302//2302
f 2322//2322 2302//2302 2311//2311
f 2323//2323 2315//2315 2304//2304
f 2323//2323 2304//2304 2313//2313
f 2324//2324 2305//2305 2314//2314
f 2324//2324 2314//2314 1619//1619
f 2324//2324 2316//2316 2305//2305
f 2325//2325 2306//2306 2315//2315
f 2325//2325 2317//2317 2306//2306
f 2326//2326 2318//2318 2307//2307
f 2326//2326 2307//2307 2316//2316
f 2327//2327 2319//2319 2308//2308
f 2327//2327 2308//2308 2317//2317
f 2328//2328 2309//2309 2318//2318
f 2328//2328 2320//2320 2309//2309
f 2329//2329 2321//2321 2310//2310
f 2329//2329 2310//2310 2319//2319
f 2329//2329 1640//1640 2321//2321
f 2329//2329 1639//1639 1640//1640
f 2330//2330 2311//2311 2320//2320
f 2330//2330 2322//2322 2311//2311
f 2331//2331 2323//2323 2313//2313
f 2331//2331 2313//2313 2322//2322
f 2332//2332 2315//2315 2323//2323
f 2332//2332 2325//2325 2315//2315
f 2333//2333 2316//2316 2324//2324
f 2333//2333 2326//2326 2316//2316
f 2334//2334 2327//2327 2317//2317
f 2334//2334 2317//2317 2325//2325
f 2335//2335 2318//2318 2326//2326
f 2335//2335 2328//2328 2318//2318
f 2336//2336 2319//2319 2327//2327
f 2336//2336 2329//2329 2319//2319
f 2336//2336 1638//1638 1639//1639
f 2336//2336 1639//1639 2329//2329
f 2337//2337 2320//2320 2328//2328
f 2337//2337 2330//2330 2320//2320
f 2338//2338 2331//2331 2322//2322
f 2338//2338 2322//2322 2330//2330
f 2339//2339 2323//2323 2331//2331
f 2339//2339 2332//2332 2323//2323
f 2340//2340 1619//1619 1620//1620
f 2340//2340 1620//1620 1621//1621
f 2340//2340 2324//2324 1619//1619
f 2340//2340 2333//2333 2324//2324
f 2341//2341 2334//2334 2325//2325
f 2341//2341 2325//2325 2332//2332
f 2342//2342 2335//2335 2326//2326
f 2342//2342 2326//2326 2333//2333
f 2343//2343 2336//2336 2327//2327
f 2343//2343 1638//1638 2336//2336
f 2343//2343 1637//1637 1638//1638
f 2343//2343 2327//2327 2334//2334
f 2344//2344 2328//2328 2335//2335
f 2344//2344 2337//2337 2328//2328
f 2345//2345 2330//2330 2337//2337
f 2345//2345 2338//2338 2330//2330
f 2346//2346 2339//2339 2331//2331
f 2346//2346 2331//2331 2338//2338
f 2347//2347 2341//2341 2332//2332
f 2347//2347 2332//2332 2339//2339
f 2348//2348 2340//2340 1621//1621
f 2348//2348 2333//2333 2340//2340
f 2348//2348 2342//2342 2333//2333
f 2349//2349 2334//2334 2341//2341
f 2349//2349 1637//1637 2343//2343
f 2349//2349 2343//2343 2334//2334
f 2349//2349 1636//1636 1637//1637
f 2350//2350 2335//2335 2342//2342
f 2350//2350 2344//2344 2335//2335
f 2351//2351 2337//2337 2344//2344
f 2351//2351 2345//2345 2337//2337
f 2352//2352 2346//2346 2338//2338
f 2352//2352 2338//2338 2345//2345
f 2353//2353 2347//2347 2339//2339
f 2353//2353 2339//2339 2346//2346
f 2354//2354 2341//2341 2347//2347
f 2354//2354 2349//2349 2341//2341
f 2354//2354 1636//1636 2349//2349
f 2354//2354 1635//1635 1636//1636
f 2355//2355 2350//2350 2342//2342
f 2355//2355 2342//2342 2348//2348
f 2356//2356 2344//2344 2350//2350
f 2356//2356 2351//2351 2344//2344
f 2357//2357 2345//2345 2351//2351
f 2357//2357 2352//2352 2345//2345
f 2358//2358 2346//2346 2352//2352
f 2358//2358 2353//2353 2346//2346
f 2359//2359 2347//2347 2353//2353
f 2359//2359 2354//2354 2347//2347
f 2359//2359 1635//1635 2354//2354
f 2359//2359 1634//1634 1635//1635
f 2360//2360 2355//2355 2348//2348
f 2360//2360 1621//1621 1622//1622
f 2360//2360 1622//1622 1623//1623
f 2360//2360 2348//2348 1621//1621
f 2361//2361 2350//2350 2355//2355
f 2361//2361 2356//2356 2350//2350
f 2362//2362 2351//2351 2356//2356
f 2362//2362 2357//2357 2351//2351
f 2363//2363 2352//2352 2357//2357
f 2363//2363 2358//2358 2352//2352
f 2364//2364 2359//2359 2353//2353
f 2364//2364 2353//2353 2358//2358
f 2364//2364 1633//1633 1634//1634
f 2364//2364 1634//1634 2359//2359
f 2365//2365 2355//2355 2360//2360
f 2365//2365 2361//2361 2355//2355
f 2365//2365 2360//2360 1623//1623
f 2366//2366 2362//2362 2356//2356
f 2366//2366 2356//2356 2361//2361
f 2367//2367 2357//2357 2362//2362
f 2367//2367 2363//2363 2357//2357
f 2368//2368 1632//1632 1633//1633
f 2368//2368 2364//2364 2358//2358
f 2368//2368 2358//2358 2363//2363
f 2368//2368 1633//1633 2364//2364
f 2369//2369 2361//2361 2365//2365
f 2369//2369 2366//2366 2361//2361
f 2370//2370 2367//2367 2362//2362
f 2370//2370 2362//2362 2366//2366
f 2371//2371 2368//2368 2363//2363
f 2371//2371 1631//1631 1632//1632
f 2371//2371 1632//1632 2368//2368
f 2371//2371 2363//2363 2367//2367
f 2372//2372 2369//2369 2365//2365
f 2372//2372 1623//1623 1624//1624
f 2372//2372 1624//1624 1625//1625
f 2372//2372 2365//2365 1623//1623
f 2373//2373 2366//2366 2369//2369
f 2373//2373 2370//2370 2366//2366
f 2374//2374 1631//1631 2371//2371
f 2374//2374 2371//2371 2367//2367
f 2374//2374 1630//1630 1631//1631
f 2374//2374 2367//2367 2370//2370
f 2375//2375 2373//2373 2369//2369
f 2375//2375 2372//2372 1625//1625
f 2375//2375 2369//2369 2372//2372
f 2376//2376 1630//1630 2374//2374
f 2376//2376 2374//2374 2370//2370
f 2376//2376 1629//1629 1630//1630
f 2376//2376 2370//2370 2373//2373
f 2377//2377 1629//1629 2376//2376
f 2377//2377 2376//2376 2373//2373
f 2377//2377 1628//1628 1629//1629
f 2377//2377 2373//2373 2375//2375
f 2378//2378 2377//2377 2375//2375
f 2378//2378 2375//2375 1625//1625
f 2378//2378 1628//1628 2377//2377
f 2378//2378 1625//1625 1626//1626
f 2378//2378 1626//1626 1627//1627
f 2378//2378 1627//1627 1628//1628
f 2456//2456 2436//2436 2435//2435
f 2456//2456 2437//2437 2436//2436
f 2456//2456 2438//2438 2437//2437
f 2457//2457 2439//2439 2438//2438
f 2457//2457 2438//2438 2456//2456
f 2458//2458 2439//2439 2457//2457
f 2458//2458 2440//2440 2439//2439
f 2459//2459 2457//2457 2456//2456
f 2459//2459 2456//2456 2435//2435
f 2460//2460 2440//2440 2458//2458
f 2460//2460 2441//2441 2440//2440
f 2461//2461 2457//2457 2459//2459
f 2461//2461 2458//2458 2457//2457
f 2462//2462 2459//2459 2435//2435
f 2462//2462 2434//2434 2433//2433
f 2462//2462 2435//2435 2434//2434
f 2463//2463 2442//2442 2441//2441
f 2463//2463 2441//2441 2460//2460
f 2464//2464 2458//2458 2461//2461
f 2464//2464 2460//2460 2458//2458
f 2465//2465 2461//2461 2459//2459
f 2465//2465 2459//2459 2462//2462
f 2466//2466 2442//2442 2463//2463
f 2466//2466 2443//2443 2442//2442
f 2467//2467 2460//2460 2464//2464
f 2467//2467 2463//2463 2460//2460
f 2468//2468 2464//2464 2461//2461
f 2468//2468 2461//2461 2465//2465
f 2469//2469 2465//2465 2462//2462
f 2469//2469 2462//2462 2433//2433
f 2470//2470 2444//2444 2443//2443
f 2470//2470 2443//2443 2466//2466
f 2471//2471 2463//2463 2467//2467
f 2471//2471 2466//2466 2463//2463
f 2472//2472 2464//2464 2468//2468
f 2472//2472 2467//2467 2464//2464
f 2473//2473 2468//2468 2465//2465
f 2473//2473 2465//2465 2469//2469
f 2474//2474 2444//2444 2470//2470
f 2474//2474 2445//2445 2444//2444
f 2475//2475 2469//2469 2433//2433
f 2475//2475 2432//2432 2431//2431
f 2475//2475 2433//2433 2432//2432
f 2476//2476 2466//2466 2471//2471
f 2476//2476 2470//2470 2466//2466
f 2477//2477 2471//2471 2467//2467
f 2477//2477 2467//2467 2472//2472
f 2478//2478 2468//2468 2473//2473
f 2478//2478 2472//2472 2468//2468
f 2479//2479 2446//2446 2445//2445
f 2479//2479 2445//2445 2474//2474
f 2480//2480 2469//2469 2475//2475
f 2480//2480 2473//2473 2469//2469
f 2481//2481 2474//2474 2470//2470
f 2481//2481 2470//2470 2476//2476
f 2482//2482 2471//2471 2477//2477
f 2482//2482 2476//2476 2471//2471
f 2483//2483 2472//2472 2478//2478
f 2483//2483 2477//2477 2472//2472
f 2484//2484 2446//2446 2479//2479
f 2484//2484 2447//2447 2446//2446
f 2485//2485 2473//2473 2480//2480
f 2485//2485 2478//2478 2473//2473
f 2486//2486 2479//2479 2474//2474
f 2486//2486 2474//2474 2481//2481
f 2487//2487 2475//2475 2431//2431
f 2487//2487 2480//2480 2475//2475
f 2488//2488 2481//2481 2476//2476
f 2488//2488 2476//2476 2482//2482
f 2489//2489 2477//2477 2483//2483
f 2489//2489 2482//2482 2477//2477
f 2490//2490 2448//2448 2447//2447
f 2490//2490 2447//2447 2484//2484
f 2491//2491 2483//2483 2478//2478
f 2491//2491 2478//2478 2485//2485
f 2492//2492 2484//2484 2479//2479
f 2492//2492 2479//2479 2486//2486
f 2493//2493 2480//2480 2487//2487
f 2493//2493 2485//2485 2480//2480
f 2494//2494 2486//2486 2481//2481
f 2494//2494 2481//2481 2488//2488
f 2495//2495 2487//2487 2431//2431
f 2495//2495 2430//2430 2429//2429
f 2495//2495 2431//2431 2430//2430
f 2496//2496 2482//2482 2489//2489
f 2496//2496 2488//2488 2482//2482
f 2497//2497 2448//2448 2490//2490
f 2497//2497 2449//2449 2448//2448
f 2498//2498 2489//2489 2483//2483
f 2498//2498 2483//2483 2491//2491
f 2499//2499 2484//2484 2492//2492
f 2499//2499 2490//2490 2484//2484
f 2500//2500 2485//2485 2493//2493
f 2500//2500 2491//2491 2485//2485
f 2501//2501 2492//2492 2486//2486
f 2501//2501 2486//2486 2494//2494
f 2502//2502 2487//2487 2495//2495
f 2502//2502 2493//2493 2487//2487
f 2503//2503 2488//2488 2496//2496
f 2503//2503 2494//2494 2488//2488
f 2504//2504 2449//2449 2497//2497
f 2504//2504 2450//2450 2449//2449
f 2505//2505 2496//2496 2489//2489
f 2505//2505 2489//2489 2498//2498
f 2506//2506 2490//2490 2499//2499
f 2506//2506 2497//2497 2490//2490
f 2507//2507 2491//2491 2500//2500
f 2507//2507 2498//2498 2491//2491
f 2508//2508 2499//2499 2492//2492
f 2508//2508 2492//2492 2501//2501
f 2509//2509 2500//2500 2493//2493
f 2509//2509 2493//2493 2502//2502
f 2510//2510 2494//2494 2503//2503
f 2510//2510 2501//2501 2494//2494
f 2511//2511 2495//2495 2429//2429
f 2511//2511 2502//2502 2495//2495
f 2512//2512 2451//2451 2450//2450
f 2512//2512 2450//2450 2504//2504
f 2513//2513 2503//2503 2496//2496
f 2513//2513 2496//2496 2505//2505
f 2514//2514 2497//2497 2506//2506
f 2514//2514 2504//2504 2497//2497
f 2515//2515 2498//2498 2507//2507
f 2515//2515 2505//2505 2498//2498
f 2516//2516 2499//2499 2508//2508
f 2516//2516 2506//2506 2499//2499
f 2517//2517 2500//2500 2509//2509
f 2517//2517 2507//2507 2500//2500
f 2518//2518 2501//2501 2510//2510
f 2518//2518 2508//2508 2501//2501
f 2519//2519 2509//2509 2502//2502
f 2519//2519 2502//2502 2511//2511
f 2520//2520 2451//2451 2512//2512
f 2520//2520 2452//2452 2451//2451
f 2521//2521 2510//2510 2503//2503
f 2521//2521 2503//2503 2513//2513
f 2522//2522 2511//2511 2429//2429
f 2522//2522 2428//2428 2427//2427
f 2522//2522 2429//2429 2428//2428
f 2523//2523 2504//2504 2514//2514
f 2523//2523 2512//2512 2504//2504
f 2524//2524 2505//2505 2515//2515
f 2524//2524 2513//2513 2505//2505
f 2525//2525 2506//2506 2516//2516
f 2525//2525 2514//2514 2506//2506
f 2526//2526 2515//2515 2507//2507
f 2526//2526 2507//2507 2517//2517
f 2527//2527 2516//2516 2508//2508
f 2527//2527 2508//2508 2518//2518
f 2528//2528 2517//2517 2509//2509
f 2528//2528 2509//2509 2519//2519
f 2529//2529 2452//2452 2520//2520
f 2529//2529 2453//2453 2452//2452
f 2530//2530 2510//2510 2521//2521
f 2530//2530 2518//2518 2510//2510
f 2531//2531 2511//2511 2522//2522
f 2531//2531 2519//2519 2511//2511
f 2532//2532 2512//2512 2523//2523
f 2532//2532 2520//2520 2512//2512
f 2533//2533 2513//2513 2524//2524
f 2533//2533 2521//2521 2513//2513
f 2534//2534 2514//2514 2525//2525
f 2534//2534 2523//2523 2514//2514
f 2535//2535 2515//2515 2526//2526
f 2535//2535 2524//2524 2515//2515
f 2536//2536 2525//2525 2516//2516
f 2536//2536 2516//2516 2527//2527
f 2537//2537 2526//2526 2517//2517
f 2537//2537 2517//2517 2528//2528
f 2538//2538 2453//2453 2529//2529
f 2538//2538 2454//2454 2453//2453
f 2539//2539 2527//2527 2518//2518
f 2539//2539 2518//2518 2530//2530
f 2540//2540 2528//2528 2519//2519
f 2540//2540 2519//2519 2531//2531
f 2541//2541 2520//2520 2532//2532
f 2541//2541 2529//2529 2520//2520
f 2542//2542 2530//2530 2521//2521
f 2542//2542 2521//2521 2533//2533
f 2543//2543 2522//2522 2427//2427
f 2543//2543 2531//2531 2522//2522
f 2544//2544 2532//2532 2523//2523
f 2544//2544 2523//2523 2534//2534
f 2545//2545 2533//2533 2524//2524
f 2545//2545 2524//2524 2535//2535
f 2546//2546 2534//2534 2525//2525
f 2546//2546 2525//2525 2536//2536
f 2547//2547 2535//2535 2526//2526
f 2547//2547 2526//2526 2537//2537
f 2548//2548 2455//2455 2454//2454
f 2548//2548 2454//2454 2538//2538
f 2549//2549 2536//2536 2527//2527
f 2549//2549 2527//2527 2539//2539
f 2550//2550 2528//2528 2540//2540
f 2550//2550 2537//2537 2528//2528
f 2551//2551 2529//2529 2541//2541
f 2551//2551 2538//2538 2529//2529
f 2552//2552 2530//2530 2542//2542
f 2552//2552 2539//2539 2530//2530
f 2553//2553 2540//2540 2531//2531
f 2553//2553 2531//2531 2543//2543
f 2554//2554 2532//2532 2544//2544
f 2554//2554 2541//2541 2532//2532
f 2555//2555 2542//2542 2533//2533
f 2555//2555 2533//2533 2545//2545
f 2556//2556 2543//2543 2427//2427
f 2556//2556 2426//2426 2425//2425
f 2556//2556 2427//2427 2426//2426
f 2557//2557 2544//2544 2534//2534
f 2557//2557 2534//2534 2546//2546
f 2558//2558 2545//2545 2535//2535
f 2558//2558 2535//2535 2547//2547
f 2559//2559 2455//2455 2548//2548
f 2559//2559 2398//2398 2455//2455
f 2560//2560 2546//2546 2536//2536
f 2560//2560 2536//2536 2549//2549
f 2561//2561 2547//2547 2537//2537
f 2561//2561 2537//2537 2550//2550
f 2562//2562 2538//2538 2551//2551
f 2562//2562 2548//2548 2538//2538
f 2563//2563 2539//2539 2552//2552
f 2563//2563 2549//2549 2539//2539
f 2564//2564 2550//2550 2540//2540
f 2564//2564 2540//2540 2553//2553
f 2565//2565 2551//2551 2541//2541
f 2565//2565 2541//2541 2554//2554
f 2566//2566 2542//2542 2555//2555
f 2566//2566 2552//2552 2542//2542
f 2567//2567 2543//2543 2556//2556
f 2567//2567 2553//2553 2543//2543
f 2568//2568 2544//2544 2557//2557
f 2568//2568 2554//2554 2544//2544
f 2569//2569 2555//2555 2545//2545
f 2569//2569 2545//2545 2558//2558
f 2570//2570 2397//2397 2398//2398
f 2570//2570 2398//2398 2559//2559
f 2571//2571 2546//2546 2560//2560
f 2571//2571 2557//2557 2546//2546
f 2572//2572 2547//2547 2561//2561
f 2572//2572 2558//2558 2547//2547
f 2573//2573 2559//2559 2548//2548
f 2573//2573 2548//2548 2562//2562
f 2574//2574 2560//2560 2549//2549
f 2574//2574 2549//2549 2563//2563
f 2575//2575 2561//2561 2550//2550
f 2575//2575 2550//2550 2564//2564
f 2576//2576 2562//2562 2551//2551
f 2576//2576 2551//2551 2565//2565
f 2577//2577 2563//2563 2552//2552
f 2577//2577 2552//2552 2566//2566
f 2578//2578 2564//2564 2553//2553
f 2578//2578 2553//2553 2567//2567
f 2579//2579 2565//2565 2554//2554
f 2579//2579 2554//2554 2568//2568
f 2580//2580 2566//2566 2555//2555
f 2580//2580 2555//2555 2569//2569
f 2581//2581 2556//2556 2425//2425
f 2581//2581 2567//2567 2556//2556
f 2582//2582 2397//2397 2570//2570
f 2582//2582 2396//2396 2397//2397
f 2583//2583 2568//2568 2557//2557
f 2583//2583 2557//2557 2571//2571
f 2584//2584 2569//2569 2558//2558
f 2584//2584 2558//2558 2572//2572
f 2585//2585 2570//2570 2559//2559
f 2585//2585 2559//2559 2573//2573
f 2586//2586 2560//2560 2574//2574
f 2586//2586 2571//2571 2560//2560
f 2587//2587 2561//2561 2575//2575
f 2587//2587 2572//2572 2561//2561
f 2588//2588 2573//2573 2562//2562
f 2588//2588 2562//2562 2576//2576
f 2589//2589 2563//2563 2577//2577
f 2589//2589 2574//2574 2563//2563
f 2590//2590 2564//2564 2578//2578
f 2590//2590 2575//2575 2564//2564
f 2591//2591 2576//2576 2565//2565
f 2591//2591 2565//2565 2579//2579
f 2592//2592 2577//2577 2566//2566
f 2592//2592 2566//2566 2580//2580
f 2593//2593 2567//2567 2581//2581
f 2593//2593 2578//2578 2567//2567
f 2594//2594 2395//2395 2396//2396
f 2594//2594 2396//2396 2582//2582
f 2595//2595 2568//2568 2583//2583
f 2595//2595 2579//2579 2568//2568
f 2596//2596 2569//2569 2584//2584
f 2596//2596 2580//2580 2569//2569
f 2597//2597 2581//2581 2425//2425
f 2597//2597 2424//2424 2423//2423
f 2597//2597 2425//2425 2424//2424
f 2598//2598 2570//2570 2585//2585
f 2598//2598 2582//2582 2570//2570
f 2599//2599 2583//2583 2571//2571
f 2599//2599 2571//2571 2586//2586
f 2600//2600 2572//2572 2587//2587
f 2600//2600 2584//2584 2572//2572
f 2601//2601 2585//2585 2573//2573
f 2601//2601 2573//2573 2588//2588
f 2602//2602 2574//2574 2589//2589
f 2602//2602 2586//2586 2574//2574
f 2603//2603 2575//2575 2590//2590
f 2603//2603 2587//2587 2575//2575
f 2604//2604 2576//2576 2591//2591
f 2604//2604 2588//2588 2576//2576
f 2605//2605 2577//2577 2592//2592
f 2605//2605 2589//2589 2577//2577
f 2606//2606 2590//2590 2578//2578
f 2606//2606 2578//2578 2593//2593
f 2607//2607 2394//2394 2395//2395
f 2607//2607 2395//2395 2594//2594
f 2608//2608 2591//2591 2579//2579
f 2608//2608 2579//2579 2595//2595
f 2609//2609 2580//2580 2596//2596
f 2609//2609 2592//2592 2580//2580
f 2610//2610 2593//2593 2581//2581
f 2610//2610 2581//2581 2597//2597
f 2611//2611 2594//2594 2582//2582
f 2611//2611 2582//2582 2598//2598
f 2612//2612 2583//2583 2599//2599
f 2612//2612 2595//2595 2583//2583
f 2613//2613 2584//2584 2600//2600
f 2613//2613 2596//2596 2584//2584
f 2614//2614 2585//2585 2601//2601
f 2614//2614 2598//2598 2585//2585
f 2615//2615 2599//2599 2586//2586
f 2615//2615 2586//2586 2602//2602
f 2616//2616 2600//2600 2587//2587
f 2616//2616 2587//2587 2603//2603
f 2617//2617 2601//2601 2588//2588
f 2617//2617 2588//2588 2604//2604
f 2618//2618 2602//2602 2589//2589
f 2618//2618 2589//2589 2605//2605
f 2619//2619 2590//2590 2606//2606
f 2619//2619 2603//2603 2590//2590
f 2620//2620 2394//2394 2607//2607
f 2620//2620 2393//2393 2394//2394
f 2621//2621 2604//2604 2591//2591
f 2621//2621 2591//2591 2608//2608
f 2622//2622 2592//2592 2609//2609
f 2622//2622 2605//2605 2592//2592
f 2623//2623 2593//2593 2610//2610
f 2623//2623 2606//2606 2593//2593
f 2624//2624 2594//2594 2611//2611
f 2624//2624 2607//2607 2594//2594
f 2625//2625 2608//2608 2595//2595
f 2625//2625 2595//2595 2612//2612
f 2626//2626 2596//2596 2613//2613
f 2626//2626 2609//2609 2596//2596
f 2627//2627 2610//2610 2597//2597
f 2627//2627 2597//2597 2423//2423
f 2628//2628 2598//2598 2614//2614
f 2628//2628 2611//2611 2598//2598
f 2629//2629 2612//2612 2599//2599
f 2629//2629 2599//2599 2615//2615
f 2630//2630 2613//2613 2600//2600
f 2630//2630 2600//2600 2616//2616
f 2631//2631 2601//2601 2617//2617
f 2631//2631 2614//2614 2601//2601
f 2632//2632 2602//2602 2618//2618
f 2632//2632 2615//2615 2602//2602
f 2633//2633 2616//2616 2603//2603
f 2633//2633 2603//2603 2619//2619
f 2634//2634 2392//2392 2393//2393
f 2634//2634 2393//2393 2620//2620
f 2635//2635 2617//2617 2604//2604
f 2635//2635 2604//2604 2621//2621
f 2636//2636 2605//2605 2622//2622
f 2636//2636 2618//2618 2605//2605
f 2637//2637 2619//2619 2606//2606
f 2637//2637 2606//2606 2623//2623
f 2638//2638 2607//2607 2624//2624
f 2638//2638 2620//2620 2607//2607
f 2639//2639 2621//2621 2608//2608
f 2639//2639 2608//2608 2625//2625
f 2640//2640 2622//2622 2609//2609
f 2640//2640 2609//2609 2626//2626
f 2641//2641 2623//2623 2610//2610
f 2641//2641 2610//2610 2627//2627
f 2642//2642 2624//2624 2611//2611
f 2642//2642 2611//2611 2628//2628
f 2643//2643 2612//2612 2629//2629
f 2643//2643 2625//2625 2612//2612
f 2644//2644 2626//2626 2613//2613
f 2644//2644 2613//2613 2630//2630
f 2645//2645 2422//2422 2421//2421
f 2645//2645 2423//2423 2422//2422
f 2645//2645 2627//2627 2423//2423
f 2646//2646 2628//2628 2614//2614
f 2646//2646 2614//2614 2631//2631
f 2647//2647 2629//2629 2615//2615
f 2647//2647 2615//2615 2632//2632
f 2648//2648 2616//2616 2633//2633
f 2648//2648 2630//2630 2616//2616
f 2649//2649 2391//2391 2392//2392
f 2649//2649 2392//2392 2634//2634
f 2650//2650 2631//2631 2617//2617
f 2650//2650 2617//2617 2635//2635
f 2651//2651 2632//2632 2618//2618
f 2651//2651 2618//2618 2636//2636
f 2652//2652 2619//2619 2637//2637
f 2652//2652 2633//2633 2619//2619
f 2653//2653 2634//2634 2620//2620
f 2653//2653 2620//2620 2638//2638
f 2654//2654 2621//2621 2639//2639
f 2654//2654 2635//2635 2621//2621
f 2655//2655 2636//2636 2622//2622
f 2655//2655 2622//2622 2640//2640
f 2656//2656 2623//2623 2641//2641
f 2656//2656 2637//2637 2623//2623
f 2657//2657 2624//2624 2642//2642
f 2657//2657 2638//2638 2624//2624
f 2658//2658 2639//2639 2625//2625
f 2658//2658 2625//2625 2643//2643
f 2659//2659 2640//2640 2626//2626
f 2659//2659 2626//2626 2644//2644
f 2660//2660 2641//2641 2627//2627
f 2660//2660 2627//2627 2645//2645
f 2661//2661 2628//2628 2646//2646
f 2661//2661 2642//2642 2628//2628
f 2662//2662 2629//2629 2647//2647
f 2662//2662 2643//2643 2629//2629
f 2663//2663 2630//2630 2648//2648
f 2663//2663 2644//2644 2630//2630
f 2664//2664 2390//2390 2391//2391
f 2664//2664 2391//2391 2649//2649
f 2665//2665 2646//2646 2631//2631
f 2665//2665 2631//2631 2650//2650
f 2666//2666 2647//2647 2632//2632
f 2666//2666 2632//2632 2651//2651
f 2667//2667 2633//2633 2652//2652
f 2667//2667 2648//2648 2633//2633
f 2668//2668 2634//2634 2653//2653
f 2668//2668 2649//2649 2634//2634
f 2669//2669 2650//2650 2635//2635
f 2669//2669 2635//2635 2654//2654
f 2670//2670 2636//2636 2655//2655
f 2670//2670 2651//2651 2636//2636
f 2671//2671 2637//2637 2656//2656
f 2671//2671 2652//2652 2637//2637
f 2672//2672 2653//2653 2638//2638
f 2672//2672 2638//2638 2657//2657
f 2673//2673 2639//2639 2658//2658
f 2673//2673 2654//2654 2639//2639
f 2674//2674 2655//2655 2640//2640
f 2674//2674 2640//2640 2659//2659
f 2675//2675 2641//2641 2660//2660
f 2675//2675 2656//2656 2641//2641
f 2676//2676 2657//2657 2642//2642
f 2676//2676 2642//2642 2661//2661
f 2677//2677 2658//2658 2643//2643
f 2677//2677 2643//2643 2662//2662
f 2678//2678 2659//2659 2644//2644
f 2678//2678 2644//2644 2663//2663
f 2679//2679 2660//2660 2645//2645
f 2679//2679 2645//2645 2421//2421
f 2680//2680 2389//2389 2390//2390
f 2680//2680 2390//2390 2664//2664
f 2681//2681 2646//2646 2665//2665
f 2681//2681 2661//2661 2646//2646
f 2682//2682 2647//2647 2666//2666
f 2682//2682 2662//2662 2647//2647
f 2683//2683 2648//2648 2667//2667
f 2683//2683 2663//2663 2648//2648
f 2684//2684 2664//2664 2649//2649
f 2684//2684 2649//2649 2668//2668
f 2685//2685 2665//2665 2650//2650
f 2685//2685 2650//2650 2669//2669
f 2686//2686 2666//2666 2651//2651
f 2686//2686 2651//2651 2670//2670
f 2687//2687 2667//2667 2652//2652
f 2687//2687 2652//2652 2671//2671
f 2688//2688 2653//2653 2672//2672
f 2688//2688 2668//2668 2653//2653
f 2689//2689 2669//2669 2654//2654
f 2689//2689 2654//2654 2673//2673
f 2690//2690 2670//2670 2655//2655
f 2690//2690 2655//2655 2674//2674
f 2691//2691 2671//2671 2656//2656
f 2691//2691 2656//2656 2675//2675
f 2692//2692 2657//2657 2676//2676
f 2692//2692 2672//2672 2657//2657
f 2693//2693 2658//2658 2677//2677
f 2693//2693 2673//2673 2658//2658
f 2694//2694 2659//2659 2678//2678
f 2694//2694 2674//2674 2659//2659
f 2695//2695 2660//2660 2679//2679
f 2695//2695 2675//2675 2660//2660
f 2696//2696 2388//2388 2389//2389
f 2696//2696 2389//2389 2680//2680
f 2697//2697 2661//2661 2681//2681
f 2697//2697 2676//2676 2661//2661
f 2698//2698 2662//2662 2682//2682
f 2698//2698 2677//2677 2662//2662
f 2699//2699 2663//2663 2683//2683
f 2699//2699 2678//2678 2663//2663
f 2700//2700 2420//2420 2419//2419
f 2700//2700 2421//2421 2420//2420
f 2700//2700 2679//2679 2421//2421
f 2701//2701 2680//2680 2664//2664
f 2701//2701 2664//2664 2684//2684
f 2702//2702 2681//2681 2665//2665
f 2702//2702 2665//2665 2685//2685
f 2703//2703 2666//2666 2686//2686
f 2703//2703 2682//2682 2666//2666
f 2704//2704 2667//2667 2687//2687
f 2704//2704 2683//2683 2667//2667
f 2705//2705 2684//2684 2668//2668
f 2705//2705 2668//2668 2688//2688
f 2706//2706 2685//2685 2669//2669
f 2706//2706 2669//2669 2689//2689
f 2707//2707 2670//2670 2690//2690
f 2707//2707 2686//2686 2670//2670
f 2708//2708 2687//2687 2671//2671
f 2708//2708 2671//2671 2691//2691
f 2709//2709 2672//2672 2692//2692
f 2709//2709 2688//2688 2672//2672
f 2710//2710 2673//2673 2693//2693
f 2710//2710 2689//2689 2673//2673
f 2711//2711 2674//2674 2694//2694
f 2711//2711 2690//2690 2674//2674
f 2712//2712 2691//2691 2675//2675
f 2712//2712 2675//2675 2695//2695
f 2713//2713 2387//2387 2388//2388
f 2713//2713 2388//2388 2696//2696
f 2714//2714 2676//2676 2697//2697
f 2714//2714 2692//2692 2676//2676
f 2715//2715 2677//2677 2698//2698
f 2715//2715 2693//2693 2677//2677
f 2716//2716 2694//2694 2678//2678
f 2716//2716 2678//2678 2699//2699
f 2717//2717 2695//2695 2679//2679
f 2717//2717 2679//2679 2700//2700
f 2718//2718 2696//2696 2680//2680
f 2718//2718 2680//2680 2701//2701
f 2719//2719 2681//2681 2702//2702
f 2719//2719 2697//2697 2681//2681
f 2720//2720 2698//2698 2682//2682
f 2720//2720 2682//2682 2703//2703
f 2721//2721 2699//2699 2683//2683
f 2721//2721 2683//2683 2704//2704
f 2722//2722 2701//2701 2684//2684
f 2722//2722 2684//2684 2705//2705
f 2723//2723 2702//2702 2685//2685
f 2723//2723 2685//2685 2706//2706
f 2724//2724 2703//2703 2686//2686
f 2724//2724 2686//2686 2707//2707
f 2725//2725 2687//2687 2708//2708
f 2725//2725 2704//2704 2687//2687
f 2726//2726 2688//2688 2709//2709
f 2726//2726 2705//2705 2688//2688
f 2727//2727 2689//2689 2710//2710
f 2727//2727 2706//2706 2689//2689
f 2728//2728 2690//2690 2711//2711
f 2728//2728 2707//2707 2690//2690
f 2729//2729 2691//2691 2712//2712
f 2729//2729 2708//2708 2691//2691
f 2730//2730 2386//2386 2387//2387
f 2730//2730 2387//2387 2713//2713
f 2731//2731 2692//2692 2714//2714
f 2731//2731 2709//2709 2692//2692
f 2732//2732 2710//2710 2693//2693
f 2732//2732 2693//2693 2715//2715
f 2733//2733 2694//2694 2716//2716
f 2733//2733 2711//2711 2694//2694
f 2734//2734 2695//2695 2717//2717
f 2734//2734 2712//2712 2695//2695
f 2735//2735 2713//2713 2696//2696
f 2735//2735 2696//2696 2718//2718
f 2736//2736 2714//2714 2697//2697
f 2736//2736 2697//2697 2719//2719
f 2737//2737 2698//2698 2720//2720
f 2737//2737 2715//2715 2698//2698
f 2738//2738 2716//2716 2699//2699
f 2738//2738 2699//2699 2721//2721
f 2739//2739 2717//2717 2700//2700
f 2739//2739 2419//2419 2418//2418
f 2739//2739 2700//2700 2419//2419
f 2740//2740 2718//2718 2701//2701
f 2740//2740 2701//2701 2722//2722
f 2741//2741 2719//2719 2702//2702
f 2741//2741 2702//2702 2723//2723
f 2742//2742 2720//2720 2703//2703
f 2742//2742 2703//2703 2724//2724
f 2743//2743 2721//2721 2704//2704
f 2743//2743 2704//2704 2725//2725
f 2744//2744 2705//2705 2726//2726
f 2744//2744 2722//2722 2705//2705
f 2745//2745 2723//2723 2706//2706
f 2745//2745 2706//2706 2727//2727
f 2746//2746 2724//2724 2707//2707
f 2746//2746 2707//2707 2728//2728
f 2747//2747 2725//2725 2708//2708
f 2747//2747 2708//2708 2729//2729
f 2748//2748 2385//2385 2386//2386
f 2748//2748 2386//2386 2730//2730
f 2749//2749 2709//2709 2731//2731
f 2749//2749 2726//2726 2709//2709
f 2750//2750 2727//2727 2710//2710
f 2750//2750 2710//2710 2732//2732
f 2751//2751 2711//2711 2733//2733
f 2751//2751 2728//2728 2711//2711
f 2752//2752 2729//2729 2712//2712
f 2752//2752 2712//2712 2734//2734
f 2753//2753 2713//2713 2735//2735
f 2753//2753 2730//2730 2713//2713
f 2754//2754 2731//2731 2714//2714
f 2754//2754 2714//2714 2736//2736
f 2755//2755 2732//2732 2715//2715
f 2755//2755 2715//2715 2737//2737
f 2756//2756 2733//2733 2716//2716
f 2756//2756 2716//2716 2738//2738
f 2757//2757 2734//2734 2717//2717
f 2757//2757 2717//2717 2739//2739
f 2757//2757 2739//2739 2418//2418
f 2758//2758 2718//2718 2740//2740
f 2758//2758 2735//2735 2718//2718
f 2759//2759 2719//2719 2741//2741
f 2759//2759 2736//2736 2719//2719
f 2760//2760 2720//2720 2742//2742
f 2760//2760 2737//2737 2720//2720
f 2761//2761 2721//2721 2743//2743
f 2761//2761 2738//2738 2721//2721
f 2762//2762 2722//2722 2744//2744
f 2762//2762 2740//2740 2722//2722
f 2763//2763 2723//2723 2745//2745
f 2763//2763 2741//2741 2723//2723
f 2764//2764 2742//2742 2724//2724
f 2764//2764 2724//2724 2746//2746
f 2765//2765 2743//2743 2725//2725
f 2765//2765 2725//2725 2747//2747
f 2766//2766 2384//2384 2385//2385
f 2766//2766 2385//2385 2748//2748
f 2767//2767 2726//2726 2749//2749
f 2767//2767 2744//2744 2726//2726
f 2768//2768 2745//2745 2727//2727
f 2768//2768 2727//2727 2750//2750
f 2769//2769 2728//2728 2751//2751
f 2769//2769 2746//2746 2728//2728
f 2770//2770 2729//2729 2752//2752
f 2770//2770 2747//2747 2729//2729
f 2771//2771 2748//2748 2730//2730
f 2771//2771 2730//2730 2753//2753
f 2772//2772 2731//2731 2754//2754
f 2772//2772 2749//2749 2731//2731
f 2773//2773 2732//2732 2755//2755
f 2773//2773 2750//2750 2732//2732
f 2774//2774 2733//2733 2756//2756
f 2774//2774 2751//2751 2733//2733
f 2775//2775 2734//2734 2757//2757
f 2775//2775 2757//2757 2418//2418
f 2775//2775 2752//2752 2734//2734
f 2776//2776 2753//2753 2735//2735
f 2776//2776 2735//2735 2758//2758
f 2777//2777 2754//2754 2736//2736
f 2777//2777 2736//2736 2759//2759
f 2778//2778 2755//2755 2737//2737
f 2778//2778 2737//2737 2760//2760
f 2779//2779 2756//2756 2738//2738
f 2779//2779 2738//2738 2761//2761
f 2780//2780 2740//2740 2762//2762
f 2780//2780 2758//2758 2740//2740
f 2781//2781 2759//2759 2741//2741
f 2781//2781 2741//2741 2763//2763
f 2782//2782 2760//2760 2742//2742
f 2782//2782 2742//2742 2764//2764
f 2783//2783 2761//2761 2743//2743
f 2783//2783 2743//2743 2765//2765
f 2784//2784 2383//2383 2384//2384
f 2784//2784 2384//2384 2766//2766
f 2785//2785 2744//2744 2767//2767
f 2785//2785 2762//2762 2744//2744
f 2786//2786 2745//2745 2768//2768
f 2786//2786 2763//2763 2745//2745
f 2787//2787 2746//2746 2769//2769
f 2787//2787 2764//2764 2746//2746
f 2788//2788 2747//2747 2770//2770
f 2788//2788 2765//2765 2747//2747
f 2789//2789 2766//2766 2748//2748
f 2789//2789 2748//2748 2771//2771
f 2790//2790 2767//2767 2749//2749
f 2790//2790 2749//2749 2772//2772
f 2791//2791 2750//2750 2773//2773
f 2791//2791 2768//2768 2750//2750
f 2792//2792 2751//2751 2774//2774
f 2792//2792 2769//2769 2751//2751
f 2793//2793 2770//2770 2752//2752
f 2793//2793 2775//2775 2418//2418
f 2793//2793 2752//2752 2775//2775
f 2794//2794 2753//2753 2776//2776
f 2794//2794 2771//2771 2753//2753
f 2795//2795 2754//2754 2777//2777
f 2795//2795 2772//2772 2754//2754
f 2796//2796 2773//2773 2755//2755
f 2796//2796 2755//2755 2778//2778
f 2797//2797 2774//2774 2756//2756
f 2797//2797 2756//2756 2779//2779
f 2798//2798 2776//2776 2758//2758
f 2798//2798 2758//2758 2780//2780
f 2799//2799 2777//2777 2759//2759
f 2799//2799 2759//2759 2781//2781
f 2800//2800 2778//2778 2760//2760
f 2800//2800 2760//2760 2782//2782
f 2801//2801 2779//2779 2761//2761
f 2801//2801 2761//2761 2783//2783
f 2802//2802 2382//2382 2383//2383
f 2802//2802 2383//2383 2784//2784
f 2803//2803 2780//2780 2762//2762
f 2803//2803 2762//2762 2785//2785
f 2804//2804 2781//2781 2763//2763
f 2804//2804 2763//2763 2786//2786
f 2805//2805 2764//2764 2787//2787
f 2805//2805 2782//2782 2764//2764
f 2806//2806 2783//2783 2765//2765
f 2806//2806 2765//2765 2788//2788
f 2807//2807 2784//2784 2766//2766
f 2807//2807 2766//2766 2789//2789
f 2808//2808 2767//2767 2790//2790
f 2808//2808 2785//2785 2767//2767
f 2809//2809 2786//2786 2768//2768
f 2809//2809 2768//2768 2791//2791
f 2810//2810 2769//2769 2792//2792
f 2810//2810 2787//2787 2769//2769
f 2811//2811 2793//2793 2418//2418
f 2811//2811 2770//2770 2793//2793
f 2811//2811 2788//2788 2770//2770
f 2812//2812 2789//2789 2771//2771
f 2812//2812 2771//2771 2794//2794
f 2813//2813 2772//2772 2795//2795
f 2813//2813 2790//2790 2772//2772
f 2814//2814 2791//2791 2773//2773
f 2814//2814 2773//2773 2796//2796
f 2815//2815 2774//2774 2797//2797
f 2815//2815 2792//2792 2774//2774
f 2816//2816 2794//2794 2776//2776
f 2816//2816 2776//2776 2798//2798
f 2817//2817 2777//2777 2799//2799
f 2817//2817 2795//2795 2777//2777
f 2818//2818 2796//2796 2778//2778
f 2818//2818 2778//2778 2800//2800
f 2819//2819 2797//2797 2779//2779
f 2819//2819 2779//2779 2801//2801
f 2820//2820 2381//2381 2382//2382
f 2820//2820 2382//2382 2802//2802
f 2821//2821 2798//2798 2780//2780
f 2821//2821 2780//2780 2803//2803
f 2822//2822 2781//2781 2804//2804
f 2822//2822 2799//2799 2781//2781
f 2823//2823 2800//2800 2782//2782
f 2823//2823 2782//2782 2805//2805
f 2824//2824 2801//2801 2783//2783
f 2824//2824 2783//2783 2806//2806
f 2825//2825 2802//2802 2784//2784
f 2825//2825 2784//2784 2807//2807
f 2826//2826 2803//2803 2785//2785
f 2826//2826 2785//2785 2808//2808
f 2827//2827 2786//2786 2809//2809
f 2827//2827 2804//2804 2786//2786
f 2828//2828 2805//2805 2787//2787
f 2828//2828 2787//2787 2810//2810
f 2829//2829 2788//2788 2811//2811
f 2829//2829 2811//2811 2418//2418
f 2829//2829 2806//2806 2788//2788
f 2830//2830 2789//2789 2812//2812
f 2830//2830 2807//2807 2789//2789
f 2831//2831 2790//2790 2813//2813
f 2831//2831 2808//2808 2790//2790
f 2832//2832 2791//2791 2814//2814
f 2832//2832 2809//2809 2791//2791
f 2833//2833 2810//2810 2792//2792
f 2833//2833 2792//2792 2815//2815
f 2834//2834 2812//2812 2794//2794
f 2834//2834 2794//2794 2816//2816
f 2835//2835 2795//2795 2817//2817
f 2835//2835 2813//2813 2795//2795
f 2836//2836 2814//2814 2796//2796
f 2836//2836 2796//2796 2818//2818
f 2837//2837 2815//2815 2797//2797
f 2837//2837 2797//2797 2819//2819
f 2838//2838 2380//2380 2381//2381
f 2838//2838 2381//2381 2820//2820
f 2839//2839 2816//2816 2798//2798
f 2839//2839 2798//2798 2821//2821
f 2840//2840 2817//2817 2799//2799
f 2840//2840 2799//2799 2822//2822
f 2841//2841 2818//2818 2800//2800
f 2841//2841 2800//2800 2823//2823
f 2842//2842 2819//2819 2801//2801
f 2842//2842 2801//2801 2824//2824
f 2843//2843 2820//2820 2802//2802
f 2843//2843 2802//2802 2825//2825
f 2844//2844 2821//2821 2803//2803
f 2844//2844 2803//2803 2826//2826
f 2845//2845 2804//2804 2827//2827
f 2845//2845 2822//2822 2804//2804
f 2846//2846 2823//2823 2805//2805
f 2846//2846 2805//2805 2828//2828
f 2847//2847 2829//2829 2418//2418
f 2847//2847 2806//2806 2829//2829
f 2847//2847 2824//2824 2806//2806
f 2848//2848 2825//2825 2807//2807
f 2848//2848 2807//2807 2830//2830
f 2849//2849 2808//2808 2831//2831
f 2849//2849 2826//2826 2808//2808
f 2850//2850 2827//2827 2809//2809
f 2850//2850 2809//2809 2832//2832
f 2851//2851 2810//2810 2833//2833
f 2851//2851 2828//2828 2810//2810
f 2852//2852 2812//2812 2834//2834
f 2852//2852 2830//2830 2812//2812
f 2853//2853 2831//2831 2813//2813
f 2853//2853 2813//2813 2835//2835
f 2854//2854 2814//2814 2836//2836
f 2854//2854 2832//2832 2814//2814
f 2855//2855 2833//2833 2815//2815
f 2855//2855 2815//2815 2837//2837
f 2856//2856 2379//2379 2380//2380
f 2856//2856 2399//2399 2379//2379
f 2856//2856 2400//2400 2399//2399
f 2856//2856 2380//2380 2838//2838
f 2857//2857 2816//2816 2839//2839
f 2857//2857 2834//2834 2816//2816
f 2858//2858 2835//2835 2817//2817
f 2858//2858 2817//2817 2840//2840
f 2859//2859 2818//2818 2841//2841
f 2859//2859 2836//2836 2818//2818
f 2860//2860 2837//2837 2819//2819
f 2860//2860 2819//2819 2842//2842
f 2861//2861 2820//2820 2843//2843
f 2861//2861 2838//2838 2820//2820
f 2862//2862 2821//2821 2844//2844
f 2862//2862 2839//2839 2821//2821
f 2863//2863 2822//2822 2845//2845
f 2863//2863 2840//2840 2822//2822
f 2864//2864 2823//2823 2846//2846
f 2864//2864 2841//2841 2823//2823
f 2865//2865 2847//2847 2418//2418
f 2865//2865 2824//2824 2847//2847
f 2865//2865 2842//2842 2824//2824
f 2866//2866 2825//2825 2848//2848
f 2866//2866 2843//2843 2825//2825
f 2867//2867 2826//2826 2849//2849
f 2867//2867 2844//2844 2826//2826
f 2868//2868 2845//2845 2827//2827
f 2868//2868 2827//2827 2850//2850
f 2869//2869 2846//2846 2828//2828
f 2869//2869 2828//2828 2851//2851
f 2870//2870 2848//2848 2830//2830
f 2870//2870 2830//2830 2852//2852
f 2871//2871 2831//2831 2853//2853
f 2871//2871 2849//2849 2831//2831
f 2872//2872 2850//2850 2832//2832
f 2872//2872 2832//2832 2854//2854
f 2873//2873 2833//2833 2855//2855
f 2873//2873 2851//2851 2833//2833
f 2874//2874 2852//2852 2834//2834
f 2874//2874 2834//2834 2857//2857
f 2875//2875 2853//2853 2835//2835
f 2875//2875 2835//2835 2858//2858
f 2876//2876 2836//2836 2859//2859
f 2876//2876 2854//2854 2836//2836
f 2877//2877 2855//2855 2837//2837
f 2877//2877 2837//2837 2860//2860
f 2878//2878 2400//2400 2856//2856
f 2878//2878 2856//2856 2838//2838
f 2878//2878 2838//2838 2861//2861
f 2879//2879 2839//2839 2862//2862
f 2879//2879 2857//2857 2839//2839
f 2880//2880 2858//2858 2840//2840
f 2880//2880 2840//2840 2863//2863
f 2881//2881 2841//2841 2864//2864
f 2881//2881 2859//2859 2841//2841
f 2882//2882 2842//2842 2865//2865
f 2882//2882 2865//2865 2418//2418
f 2882//2882 2860//2860 2842//2842
f 2883//2883 2861//2861 2843//2843
f 2883//2883 2843//2843 2866//2866
f 2884//2884 2862//2862 2844//2844
f 2884//2884 2844//2844 2867//2867
f 2885//2885 2845//2845 2868//2868
f 2885//2885 2863//2863 2845//2845
f 2886//2886 2846//2846 2869//2869
f 2886//2886 2864//2864 2846//2846
f 2887//2887 2848//2848 2870//2870
f 2887//2887 2866//2866 2848//2848
f 2888//2888 2849//2849 2871//2871
f 2888//2888 2867//2867 2849//2849
f 2889//2889 2868//2868 2850//2850
f 2889//2889 2850//2850 2872//2872
f 2890//2890 2869//2869 2851//2851
f 2890//2890 2851//2851 2873//2873
f 2891//2891 2852//2852 2874//2874
f 2891//2891 2870//2870 2852//2852
f 2892//2892 2853//2853 2875//2875
f 2892//2892 2871//2871 2853//2853
f 2893//2893 2854//2854 2876//2876
f 2893//2893 2872//2872 2854//2854
f 2894//2894 2873//2873 2855//2855
f 2894//2894 2855//2855 2877//2877
f 2895//2895 2857//2857 2879//2879
f 2895//2895 2874//2874 2857//2857
f 2896//2896 2858//2858 2880//2880
f 2896//2896 2875//2875 2858//2858
f 2897//2897 2876//2876 2859//2859
f 2897//2897 2859//2859 2881//2881
f 2898//2898 2877//2877 2860//2860
f 2898//2898 2860//2860 2882//2882
f 2898//2898 2882//2882 2418//2418
f 2899//2899 2861//2861 2883//2883
f 2899//2899 2878//2878 2861//2861
f 2900//2900 2879//2879 2862//2862
f 2900//2900 2862//2862 2884//2884
f 2901//2901 2880//2880 2863//2863
f 2901//2901 2863//2863 2885//2885
f 2902//2902 2864//2864 2886//2886
f 2902//2902 2881//2881 2864//2864
f 2903//2903 2883//2883 2866//2866
f 2903//2903 2866//2866 2887//2887
f 2904//2904 2867//2867 2888//2888
f 2904//2904 2884//2884 2867//2867
f 2905//2905 2885//2885 2868//2868
f 2905//2905 2868//2868 2889//2889
f 2906//2906 2886//2886 2869//2869
f 2906//2906 2869//2869 2890//2890
f 2907//2907 2887//2887 2870//2870
f 2907//2907 2870//2870 2891//2891
f 2908//2908 2888//2888 2871//2871
f 2908//2908 2871//2871 2892//2892
f 2909//2909 2889//2889 2872//2872
f 2909//2909 2872//2872 2893//2893
f 2910//2910 2873//2873 2894//2894
f 2910//2910 2890//2890 2873//2873
f 2911//2911 2874//2874 2895//2895
f 2911//2911 2891//2891 2874//2874
f 2912//2912 2892//2892 2875//2875
f 2912//2912 2875//2875 2896//2896
f 2913//2913 2876//2876 2897//2897
f 2913//2913 2893//2893 2876//2876
f 2914//2914 2894//2894 2877//2877
f 2914//2914 2898//2898 2418//2418
f 2914//2914 2877//2877 2898//2898
f 2915//2915 2400//2400 2878//2878
f 2915//2915 2401//2401 2400//2400
f 2915//2915 2402//2402 2401//2401
f 2915//2915 2878//2878 2899//2899
f 2916//2916 2895//2895 2879//2879
f 2916//2916 2879//2879 2900//2900
f 2917//2917 2896//2896 2880//2880
f 2917//2917 2880//2880 2901//2901
f 2918//2918 2897//2897 2881//2881
f 2918//2918 2881//2881 2902//2902
f 2919//2919 2899//2899 2883//2883
f 2919//2919 2883//2883 2903//2903
f 2920//2920 2900//2900 2884//2884
f 2920//2920 2884//2884 2904//2904
f 2921//2921 2885//2885 2905//2905
f 2921//2921 2901//2901 2885//2885
f 2922//2922 2902//2902 2886//2886
f 2922//2922 2886//2886 2906//2906
f 2923//2923 2903//2903 2887//2887
f 2923//2923 2887//2887 2907//2907
f 2924//2924 2904//2904 2888//2888
f 2924//2924 2888//2888 2908//2908
f 2925//2925 2889//2889 2909//2909
f 2925//2925 2905//2905 2889//2889
f 2926//2926 2906//2906 2890//2890
f 2926//2926 2890//2890 2910//2910
f 2927//2927 2891//2891 2911//2911
f 2927//2927 2907//2907 2891//2891
f 2928//2928 2908//2908 2892//2892
f 2928//2928 2892//2892 2912//2912
f 2929//2929 2893//2893 2913//2913
f 2929//2929 2909//2909 2893//2893
f 2930//2930 2914//2914 2418//2418
f 2930//2930 2910//2910 2894//2894
f 2930//2930 2894//2894 2914//2914
f 2931//2931 2895//2895 2916//2916
f 2931//2931 2911//2911 2895//2895
f 2932//2932 2912//2912 2896//2896
f 2932//2932 2896//2896 2917//2917
f 2933//2933 2913//2913 2897//2897
f 2933//2933 2897//2897 2918//2918
f 2934//2934 2402//2402 2915//2915
f 2934//2934 2915//2915 2899//2899
f 2934//2934 2899//2899 2919//2919
f 2935//2935 2916//2916 2900//2900
f 2935//2935 2900//2900 2920//2920
f 2936//2936 2917//2917 2901//2901
f 2936//2936 2901//2901 2921//2921
f 2937//2937 2902//2902 2922//2922
f 2937//2937 2918//2918 2902//2902
f 2938//2938 2919//2919 2903//2903
f 2938//2938 2903//2903 2923//2923
f 2939//2939 2920//2920 2904//2904
f 2939//2939 2904//2904 2924//2924
f 2940//2940 2905//2905 2925//2925
f 2940//2940 2921//2921 2905//2905
f 2941//2941 2922//2922 2906//2906
f 2941//2941 2906//2906 2926//2926
f 2942//2942 2907//2907 2927//2927
f 2942//2942 2923//2923 2907//2907
f 2943//2943 2908//2908 2928//2928
f 2943//2943 2924//2924 2908//2908
f 2944//2944 2909//2909 2929//2929
f 2944//2944 2925//2925 2909//2909
f 2945//2945 2930//2930 2418//2418
f 2945//2945 2926//2926 2910//2910
f 2945//2945 2910//2910 2930//2930
f 2946//2946 2927//2927 2911//2911
f 2946//2946 2911//2911 2931//2931
f 2947//2947 2928//2928 2912//2912
f 2947//2947 2912//2912 2932//2932
f 2948//2948 2913//2913 2933//2933
f 2948//2948 2929//2929 2913//2913
f 2949//2949 2931//2931 2916//2916
f 2949//2949 2916//2916 2935//2935
f 2950//2950 2917//2917 2936//2936
f 2950//2950 2932//2932 2917//2917
f 2951//2951 2918//2918 2937//2937
f 2951//2951 2933//2933 2918//2918
f 2952//2952 2919//2919 2938//2938
f 2952//2952 2934//2934 2919//2919
f 2953//2953 2920//2920 2939//2939
f 2953//2953 2935//2935 2920//2920
f 2954//2954 2936//2936 2921//2921
f 2954//2954 2921//2921 2940//2940
f 2955//2955 2922//2922 2941//2941
f 2955//2955 2937//2937 2922//2922
f 2956//2956 2938//2938 2923//2923
f 2956//2956 2923//2923 2942//2942
f 2957//2957 2939//2939 2924//2924
f 2957//2957 2924//2924 2943//2943
f 2958//2958 2925//2925 2944//2944
f 2958//2958 2940//2940 2925//2925
f 2959//2959 2926//2926 2945//2945
f 2959//2959 2945//2945 2418//2418
f 2959//2959 2941//2941 2926//2926
f 2960//2960 2942//2942 2927//2927
f 2960//2960 2927//2927 2946//2946
f 2961//2961 2943//2943 2928//2928
f 2961//2961 2928//2928 2947//2947
f 2962//2962 2929//2929 2948//2948
f 2962//2962 2944//2944 2929//2929
f 2963//2963 2946//2946 2931//2931
f 2963//2963 2931//2931 2949//2949
f 2964//2964 2947//2947 2932//2932
f 2964//2964 2932//2932 2950//2950
f 2965//2965 2933//2933 2951//2951
f 2965//2965 2948//2948 2933//2933
f 2966//2966 2403//2403 2402//2402
f 2966//2966 2404//2404 2403//2403
f 2966//2966 2934//2934 2952//2952
f 2966//2966 2402//2402 2934//2934
f 2967//2967 2935//2935 2953//2953
f 2967//2967 2949//2949 2935//2935
f 2968//2968 2950//2950 2936//2936
f 2968//2968 2936//2936 2954//2954
f 2969//2969 2937//2937 2955//2955
f 2969//2969 2951//2951 2937//2937
f 2970//2970 2952//2952 2938//2938
f 2970//2970 2938//2938 2956//2956
f 2971//2971 2953//2953 2939//2939
f 2971//2971 2939//2939 2957//2957
f 2972//2972 2940//2940 2958//2958
f 2972//2972 2954//2954 2940//2940
f 2973//2973 2959//2959 2418//2418
f 2973//2973 2941//2941 2959//2959
f 2973//2973 2955//2955 2941//2941
f 2974//2974 2942//2942 2960//2960
f 2974//2974 2956//2956 2942//2942
f 2975//2975 2957//2957 2943//2943
f 2975//2975 2943//2943 2961//2961
f 2976//2976 2958//2958 2944//2944
f 2976//2976 2944//2944 2962//2962
f 2977//2977 2960//2960 2946//2946
f 2977//2977 2946//2946 2963//2963
f 2978//2978 2961//2961 2947//2947
f 2978//2978 2947//2947 2964//2964
f 2979//2979 2962//2962 2948//2948
f 2979//2979 2948//2948 2965//2965
f 2980//2980 2949//2949 2967//2967
f 2980//2980 2963//2963 2949//2949
f 2981//2981 2950//2950 2968//2968
f 2981//2981 2964//2964 2950//2950
f 2982//2982 2965//2965 2951//2951
f 2982//2982 2951//2951 2969//2969
f 2983//2983 2404//2404 2966//2966
f 2983//2983 2966//2966 2952//2952
f 2983//2983 2952//2952 2970//2970
f 2984//2984 2967//2967 2953//2953
f 2984//2984 2953//2953 2971//2971
f 2985//2985 2968//2968 2954//2954
f 2985//2985 2954//2954 2972//2972
f 2986//2986 2969//2969 2955//2955
f 2986//2986 2955//2955 2973//2973
f 2986//2986 2973//2973 2418//2418
f 2987//2987 2970//2970 2956//2956
f 2987//2987 2956//2956 2974//2974
f 2988//2988 2971//2971 2957//2957
f 2988//2988 2957//2957 2975//2975
f 2989//2989 2958//2958 2976//2976
f 2989//2989 2972//2972 2958//2958
f 2990//2990 2974//2974 2960//2960
f 2990//2990 2960//2960 2977//2977
f 2991//2991 2975//2975 2961//2961
f 2991//2991 2961//2961 2978//2978
f 2992//2992 2976//2976 2962//2962
f 2992//2992 2962//2962 2979//2979
f 2993//2993 2977//2977 2963//2963
f 2993//2993 2963//2963 2980//2980
f 2994//2994 2978//2978 2964//2964
f 2994//2994 2964//2964 2981//2981
f 2995//2995 2979//2979 2965//2965
f 2995//2995 2965//2965 2982//2982
f 2996//2996 2980//2980 2967//2967
f 2996//2996 2967//2967 2984//2984
f 2997//2997 2968//2968 2985//2985
f 2997//2997 2981//2981 2968//2968
f 2998//2998 2986//2986 2418//2418
f 2998//2998 2969//2969 2986//2986
f 2998//2998 2982//2982 2969//2969
f 2999//2999 2970//2970 2987//2987
f 2999//2999 2983//2983 2970//2970
f 3000//3000 2971//2971 2988//2988
f 3000//3000 2984//2984 2971//2971
f 3001//3001 2985//2985 2972//2972
f 3001//3001 2972//2972 2989//2989
f 3002//3002 2974//2974 2990//2990
f 3002//3002 2987//2987 2974//2974
f 3003//3003 2975//2975 2991//2991
f 3003//3003 2988//2988 2975//2975
f 3004//3004 2976//2976 2992//2992
f 3004//3004 2989//2989 2976//2976
f 3005//3005 2990//2990 2977//2977
f 3005//3005 2977//2977 2993//2993
f 3006//3006 2978//2978 2994//2994
f 3006//3006 2991//2991 2978//2978
f 3007//3007 2992//2992 2979//2979
f 3007//3007 2979//2979 2995//2995
f 3008//3008 2993//2993 2980//2980
f 3008//3008 2980//2980 2996//2996
f 3009//3009 2994//2994 2981//2981
f 3009//3009 2981//2981 2997//2997
f 3010//3010 2998//2998 2418//2418
f 3010//3010 2995//2995 2982//2982
f 3010//3010 2982//2982 2998//2998
f 3011//3011 2404//2404 2983//2983
f 3011//3011 2405//2405 2404//2404
f 3011//3011 2406//2406 2405//2405
f 3011//3011 2983//2983 2999//2999
f 3012//3012 2996//2996 2984//2984
f 3012//3012 2984//2984 3000//3000
f 3013//3013 2985//2985 3001//3001
f 3013//3013 2997//2997 2985//2985
f 3014//3014 2999//2999 2987//2987
f 3014//3014 2987//2987 3002//3002
f 3015//3015 2988//2988 3003//3003
f 3015//3015 3000//3000 2988//2988
f 3016//3016 3001//3001 2989//2989
f 3016//3016 2989//2989 3004//3004
f 3017//3017 3002//3002 2990//2990
f 3017//3017 2990//2990 3005//3005
f 3018//3018 3003//3003 2991//2991
f 3018//3018 2991//2991 3006//3006
f 3019//3019 3004//3004 2992//2992
f 3019//3019 2992//2992 3007//3007
f 3020//3020 2993//2993 3008//3008
f 3020//3020 3005//3005 2993//2993
f 3021//3021 2994//2994 3009//3009
f 3021//3021 3006//3006 2994//2994
f 3022//3022 3010//3010 2418//2418
f 3022//3022 2418//2418 2417//2417
f 3022//3022 3007//3007 2995//2995
f 3022//3022 2995//2995 3010//3010
f 3023//3023 2996//2996 3012//3012
f 3023//3023 3008//3008 2996//2996
f 3024//3024 2997//2997 3013//3013
f 3024//3024 3009//3009 2997//2997
f 3025//3025 2406//2406 3011//3011
f 3025//3025 3011//3011 2999//2999
f 3025//3025 2999//2999 3014//3014
f 3026//3026 3012//3012 3000//3000
f 3026//3026 3000//3000 3015//3015
f 3027//3027 3001//3001 3016//3016
f 3027//3027 3013//3013 3001//3001
f 3028//3028 3002//3002 3017//3017
f 3028//3028 3014//3014 3002//3002
f 3029//3029 3003//3003 3018//3018
f 3029//3029 3015//3015 3003//3003
f 3030//3030 3016//3016 3004//3004
f 3030//3030 3004//3004 3019//3019
f 3031//3031 3017//3017 3005//3005
f 3031//3031 3005//3005 3020//3020
f 3032//3032 3018//3018 3006//3006
f 3032//3032 3006//3006 3021//3021
f 3033//3033 3019//3019 3007//3007
f 3033//3033 3007//3007 3022//3022
f 3033//3033 3022//3022 2417//2417
f 3034//3034 3008//3008 3023//3023
f 3034//3034 3020//3020 3008//3008
f 3035//3035 3021//3021 3009//3009
f 3035//3035 3009//3009 3024//3024
f 3036//3036 3012//3012 3026//3026
f 3036//3036 3023//3023 3012//3012
f 3037//3037 3013//3013 3027//3027
f 3037//3037 3024//3024 3013//3013
f 3038//3038 3025//3025 3014//3014
f 3038//3038 3014//3014 3028//3028
f 3039//3039 3026//3026 3015//3015
f 3039//3039 3015//3015 3029//3029
f 3040//3040 3027//3027 3016//3016
f 3040//3040 3016//3016 3030//3030
f 3041//3041 3017//3017 3031//3031
f 3041//3041 3028//3028 3017//3017
f 3042//3042 3029//3029 3018//3018
f 3042//3042 3018//3018 3032//3032
f 3043//3043 3030//3030 3019//3019
f 3043//3043 3019//3019 3033//3033
f 3043//3043 3033//3033 2417//2417
f 3044//3044 3031//3031 3020//3020
f 3044//3044 3020//3020 3034//3034
f 3045//3045 3021//3021 3035//3035
f 3045//3045 3032//3032 3021//3021
f 3046//3046 3023//3023 3036//3036
f 3046//3046 3034//3034 3023//3023
f 3047//3047 3035//3035 3024//3024
f 3047//3047 3024//3024 3037//3037
f 3048//3048 2406//2406 3025//3025
f 3048//3048 2407//2407 2406//2406
f 3048//3048 2408//2408 2407//2407
f 3048//3048 3025//3025 3038//3038
f 3049//3049 3036//3036 3026//3026
f 3049//3049 3026//3026 3039//3039
f 3050//3050 3027//3027 3040//3040
f 3050//3050 3037//3037 3027//3027
f 3051//3051 3028//3028 3041//3041
f 3051//3051 3038//3038 3028//3028
f 3052//3052 3029//3029 3042//3042
f 3052//3052 3039//3039 3029//3029
f 3053//3053 3030//3030 3043//3043
f 3053//3053 3040//3040 3030//3030
f 3053//3053 3043//3043 2417//2417
f 3054//3054 3031//3031 3044//3044
f 3054//3054 3041//3041 3031//3031
f 3055//3055 3032//3032 3045//3045
f 3055//3055 3042//3042 3032//3032
f 3056//3056 3034//3034 3046//3046
f 3056//3056 3044//3044 3034//3034
f 3057//3057 3035//3035 3047//3047
f 3057//3057 3045//3045 3035//3035
f 3058//3058 3046//3046 3036//3036
f 3058//3058 3036//3036 3049//3049
f 3059//3059 3037//3037 3050//3050
f 3059//3059 3047//3047 3037//3037
f 3060//3060 2408//2408 3048//3048
f 3060//3060 3048//3048 3038//3038
f 3060//3060 3038//3038 3051//3051
f 3061//3061 3049//3049 3039//3039
f 3061//3061 3039//3039 3052//3052
f 3062//3062 3050//3050 3040//3040
f 3062//3062 3040//3040 3053//3053
f 3062//3062 3053//3053 2417//2417
f 3063//3063 3041//3041 3054//3054
f 3063//3063 3051//3051 3041//3041
f 3064//3064 3042//3042 3055//3055
f 3064//3064 3052//3052 3042//3042
f 3065//3065 3054//3054 3044//3044
f 3065//3065 3044//3044 3056//3056
f 3066//3066 3055//3055 3045//3045
f 3066//3066 3045//3045 3057//3057
f 3067//3067 3056//3056 3046//3046
f 3067//3067 3046//3046 3058//3058
f 3068//3068 3047//3047 3059//3059
f 3068//3068 3057//3057 3047//3047
f 3069//3069 3058//3058 3049//3049
f 3069//3069 3049//3049 3061//3061
f 3070//3070 3059//3059 3050//3050
f 3070//3070 3062//3062 2417//2417
f 3070//3070 3050//3050 3062//3062
f 3071//3071 3060//3060 3051//3051
f 3071//3071 3051//3051 3063//3063
f 3072//3072 3061//3061 3052//3052
f 3072//3072 3052//3052 3064//3064
f 3073//3073 3054//3054 3065//3065
f 3073//3073 3063//3063 3054//3054
f 3074//3074 3064//3064 3055//3055
f 3074//3074 3055//3055 3066//3066
f 3075//3075 3065//3065 3056//3056
f 3075//3075 3056//3056 3067//3067
f 3076//3076 3066//3066 3057//3057
f 3076//3076 3057//3057 3068//3068
f 3077//3077 3067//3067 3058//3058
f 3077//3077 3058//3058 3069//3069
f 3078//3078 3068//3068 3059//3059
f 3078//3078 3070//3070 2417//2417
f 3078//3078 3059//3059 3070//3070
f 3079//3079 2409//2409 2408//2408
f 3079//3079 2410//2410 2409//2409
f 3079//3079 2408//2408 3060//3060
f 3079//3079 3060//3060 3071//3071
f 3080//3080 3069//3069 3061//3061
f 3080//3080 3061//3061 3072//3072
f 3081//3081 3071//3071 3063//3063
f 3081//3081 3063//3063 3073//3073
f 3082//3082 3072//3072 3064//3064
f 3082//3082 3064//3064 3074//3074
f 3083//3083 3073//3073 3065//3065
f 3083//3083 3065//3065 3075//3075
f 3084//3084 3074//3074 3066//3066
f 3084//3084 3066//3066 3076//3076
f 3085//3085 3075//3075 3067//3067
f 3085//3085 3067//3067 3077//3077
f 3086//3086 3078//3078 2417//2417
f 3086//3086 3076//3076 3068//3068
f 3086//3086 3068//3068 3078//3078
f 3087//3087 3069//3069 3080//3080
f 3087//3087 3077//3077 3069//3069
f 3088//3088 3071//3071 3081//3081
f 3088//3088 3079//3079 3071//3071
f 3088//3088 2410//2410 3079//3079
f 3089//3089 3080//3080 3072//3072
f 3089//3089 3072//3072 3082//3082
f 3090//3090 3073//3073 3083//3083
f 3090//3090 3081//3081 3073//3073
f 3091//3091 3082//3082 3074//3074
f 3091//3091 3074//3074 3084//3084
f 3092//3092 3075//3075 3085//3085
f 3092//3092 3083//3083 3075//3075
f 3093//3093 3084//3084 3076//3076
f 3093//3093 3086//3086 2417//2417
f 3093//3093 3076//3076 3086//3086
f 3094//3094 3077//3077 3087//3087
f 3094//3094 3085//3085 3077//3077
f 3095//3095 3080//3080 3089//3089
f 3095//3095 3087//3087 3080//3080
f 3096//3096 3081//3081 3090//3090
f 3096//3096 3088//3088 3081//3081
f 3097//3097 3089//3089 3082//3082
f 3097//3097 3082//3082 3091//3091
f 3098//3098 3090//3090 3083//3083
f 3098//3098 3083//3083 3092//3092
f 3099//3099 3091//3091 3084//3084
f 3099//3099 3093//3093 2417//2417
f 3099//3099 3084//3084 3093//3093
f 3100//3100 3085//3085 3094//3094
f 3100//3100 3092//3092 3085//3085
f 3101//3101 3087//3087 3095//3095
f 3101//3101 3094//3094 3087//3087
f 3102//3102 2410//2410 3088//3088
f 3102//3102 2411//2411 2410//2410
f 3102//3102 2412//2412 2411//2411
f 3102//3102 3088//3088 3096//3096
f 3103//3103 3095//3095 3089//3089
f 3103//3103 3089//3089 3097//3097
f 3104//3104 3096//3096 3090//3090
f 3104//3104 3090//3090 3098//3098
f 3105//3105 3091//3091 3099//3099
f 3105//3105 3097//3097 3091//3091
f 3105//3105 3099//3099 2417//2417
f 3106//3106 3098//3098 3092//3092
f 3106//3106 3092//3092 3100//3100
f 3107//3107 3100//3100 3094//3094
f 3107//3107 3094//3094 3101//3101
f 3108//3108 3095//3095 3103//3103
f 3108//3108 3101//3101 3095//3095
f 3109//3109 2412//2412 3102//3102
f 3109//3109 3102//3102 3096//3096
f 3109//3109 3096//3096 3104//3104
f 3110//3110 3103//3103 3097//3097
f 3110//3110 3097//3097 3105//3105
f 3110//3110 3105//3105 2417//2417
f 3111//3111 3104//3104 3098//3098
f 3111//3111 3098//3098 3106//3106
f 3112//3112 3106//3106 3100//3100
f 3112//3112 3100//3100 3107//3107
f 3113//3113 3107//3107 3101//3101
f 3113//3113 3101//3101 3108//3108
f 3114//3114 3108//3108 3103//3103
f 3114//3114 3103//3103 3110//3110
f 3114//3114 3110//3110 2417//2417
f 3115//3115 3109//3109 3104//3104
f 3115//3115 3104//3104 3111//3111
f 3116//3116 3111//3111 3106//3106
f 3116//3116 3106//3106 3112//3112
f 3117//3117 3112//3112 3107//3107
f 3117//3117 3107//3107 3113//3113
f 3118//3118 3108//3108 3114//3114
f 3118//3118 3113//3113 3108//3108
f 3118//3118 3114//3114 2417//2417
f 3119//3119 3109//3109 3115//3115
f 3119//3119 2413//2413 2412//2412
f 3119//3119 2414//2414 2413//2413
f 3119//3119 2412//2412 3109//3109
f 3120//3120 3111//3111 3116//3116
f 3120//3120 3115//3115 3111//3111
f 3121//3121 3116//3116 3112//3112
f 3121//3121 3112//3112 3117//3117
f 3122//3122 3117//3117 3113//3113
f 3122//3122 3113//3113 3118//3118
f 3122//3122 3118//3118 2417//2417
f 3123//3123 3119//3119 3115//3115
f 3123//3123 3115//3115 3120//3120
f 3123//3123 2414//2414 3119//3119
f 3124//3124 3116//3116 3121//3121
f 3124//3124 3120//3120 3116//3116
f 3125//3125 3122//3122 2417//2417
f 3125//3125 3117//3117 3122//3122
f 3125//3125 3121//3121 3117//3117
f 3126//3126 3123//3123 3120//3120
f 3126//3126 3120//3120 3124//3124
f 3127//3127 3124//3124 3121//3121
f 3127//3127 3125//3125 2417//2417
f 3127//3127 3121//3121 3125//3125
f 3128//3128 2414//2414 3123//3123
f 3128//3128 2415//2415 2414//2414
f 3128//3128 3123//3123 3126//3126
f 3128//3128 2416//2416 2415//2415
f 3129//3129 3127//3127 2417//2417
f 3129//3129 3124//3124 3127//3127
f 3129//3129 3126//3126 3124//3124
f 3130//3130 2417//2417 2416//2416
f 3130//3130 3129//3129 2417//2417
f 3130//3130 3128//3128 3126//3126
f 3130//3130 2416//2416 3128//3128
f 3130//3130 3126//3126 3129//3129
f 3277//3277 3162//3162 3161//3161
f 3278//3278 3163//3163 3162//3162
f 3278//3278 3162//3162 3277//3277
f 3276//3276 3161//3161 3160//3160
f 3276//3276 3277//3277 3161//3161
f 3279//3279 3164//3164 3163//3163
f 3279//3279 3163//3163 3278//3278
f 3275//3275 3160//3160 3159//3159
f 3275//3275 3276//3276 3160//3160
f 3280//3280 3165//3165 3164//3164
f 3280//3280 3164//3164 3279//3279
f 3274//3274 3159//3159 3158//3158
f 3274//3274 3275//3275 3159//3159
f 3281//3281 3166//3166 3165//3165
f 3281//3281 3165//3165 3280//3280
f 3273//3273 3158//3158 3157//3157
f 3273//3273 3274//3274 3158//3158
f 3282//3282 3167//3167 3166//3166
f 3282//3282 3166//3166 3281//3281
f 3272//3272 3157//3157 3156//3156
f 3272//3272 3273//3273 3157//3157
f 3283//3283 3168//3168 3167//3167
f 3283//3283 3167//3167 3282//3282
f 3271//3271 3272//3272 3156//3156
f 3271//3271 3156//3156 3155//3155
f 3284//3284 3169//3169 3168//3168
f 3284//3284 3168//3168 3283//3283
f 3270//3270 3155//3155 3154//3154
f 3270//3270 3271//3271 3155//3155
f 3285//3285 3169//3169 3284//3284
f 3285//3285 3170//3170 3169//3169
f 3269//3269 3154//3154 3153//3153
f 3269//3269 3270//3270 3154//3154
f 3286//3286 3170//3170 3285//3285
f 3286//3286 3171//3171 3170//3170
f 3211//3211 3171//3171 3286//3286
f 3211//3211 3131//3131 3171//3171
f 3268//3268 3153//3153 3152//3152
f 3268//3268 3269//3269 3153//3153
f 3191//3191 3268//3268 3152//3152
f 3132//3132 3131//3131 3211//3211
f 3212//3212 3132//3132 3211//3211
f 3267//3267 3268//3268 3191//3191
f 3190//3190 3267//3267 3191//3191
f 3133//3133 3132//3132 3212//3212
f 3213//3213 3133//3133 3212//3212
f 3266//3266 3267//3267 3190//3190
f 3189//3189 3266//3266 3190//3190
f 3134//3134 3133//3133 3213//3213
f 3214//3214 3134//3134 3213//3213
f 3265//3265 3266//3266 3189//3189
f 3188//3188 3265//3265 3189//3189
f 3135//3135 3134//3134 3214//3214
f 3215//3215 3135//3135 3214//3214
f 3264//3264 3265//3265 3188//3188
f 3187//3187 3264//3264 3188//3188
f 3136//3136 3135//3135 3215//3215
f 3216//3216 3136//3136 3215//3215
f 3263//3263 3264//3264 3187//3187
f 3186//3186 3263//3263 3187//3187
f 3137//3137 3136//3136 3216//3216
f 3217//3217 3137//3137 3216//3216
f 3262//3262 3263//3263 3186//3186
f 3185//3185 3262//3262 3186//3186
f 3138//3138 3137//3137 3217//3217
f 3218//3218 3138//3138 3217//3217
f 3261//3261 3262//3262 3185//3185
f 3139//3139 3138//3138 3218//3218
f 3184//3184 3261//3261 3185//3185
f 3219//3219 3139//3139 3218//3218
f 3260//3260 3261//3261 3184//3184
f 3140//3140 3139//3139 3219//3219
f 3183//3183 3260//3260 3184//3184
f 3220//3220 3140//3140 3219//3219
f 3259//3259 3260//3260 3183//3183
f 3141//3141 3140//3140 3220//3220
f 3182//3182 3259//3259 3183//3183
f 3221//3221 3141//3141 3220//3220
f 3258//3258 3259//3259 3182//3182
f 3142//3142 3141//3141 3221//3221
f 3181//3181 3258//3258 3182//3182
f 3222//3222 3142//3142 3221//3221
f 3257//3257 3258//3258 3181//3181
f 3143//3143 3142//3142 3222//3222
f 3180//3180 3257//3257 3181//3181
f 3223//3223 3143//3143 3222//3222
f 3256//3256 3257//3257 3180//3180
f 3144//3144 3143//3143 3223//3223
f 3179//3179 3256//3256 3180//3180
f 3224//3224 3144//3144 3223//3223
f 3255//3255 3256//3256 3179//3179
f 3145//3145 3144//3144 3224//3224
f 3178//3178 3255//3255 3179//3179
f 3225//3225 3145//3145 3224//3224
f 3254//3254 3255//3255 3178//3178
f 3146//3146 3145//3145 3225//3225
f 3177//3177 3254//3254 3178//3178
f 3226//3226 3146//3146 3225//3225
f 3253//3253 3254//3254 3177//3177
f 3147//3147 3146//3146 3226//3226
f 3176//3176 3253//3253 3177//3177
f 3227//3227 3147//3147 3226//3226
f 3252//3252 3253//3253 3176//3176
f 3148//3148 3147//3147 3227//3227
f 3175//3175 3252//3252 3176//3176
f 3228//3228 3148//3148 3227//3227
f 3251//3251 3252//3252 3175//3175
f 3149//3149 3148//3148 3228//3228
f 3174//3174 3251//3251 3175//3175
f 3229//3229 3149//3149 3228//3228
f 3250//3250 3251//3251 3174//3174
f 3150//3150 3149//3149 3229//3229
f 3173//3173 3250//3250 3174//3174
f 3249//3249 3250//3250 3173//3173
f 3230//3230 3150//3150 3229//3229
f 3151//3151 3150//3150 3230//3230
f 3172//3172 3249//3249 3173//3173
f 3192//3192 3151//3151 3230//3230
f 3192//3192 3230//3230 3231//3231
f 3210//3210 3249//3249 3172//3172
f 3210//3210 3248//3248 3249//3249
f 3193//3193 3231//3231 3232//3232
f 3193//3193 3192//3192 3231//3231
f 3209//3209 3247//3247 3248//3248
f 3209//3209 3248//3248 3210//3210
f 3194//3194 3232//3232 3233//3233
f 3194//3194 3193//3193 3232//3232
f 3208//3208 3247//3247 3209//3209
f 3208//3208 3246//3246 3247//3247
f 3195//3195 3233//3233 3234//3234
f 3195//3195 3194//3194 3233//3233
f 3207//3207 3245//3245 3246//3246
f 3207//3207 3246//3246 3208//3208
f 3206//3206 3244//3244 3245//3245
f 3206//3206 3245//3245 3207//3207
f 3196//3196 3234//3234 3235//3235
f 3196//3196 3195//3195 3234//3234
f 3205//3205 3243//3243 3244//3244
f 3205//3205 3244//3244 3206//3206
f 3197//3197 3235//3235 3236//3236
f 3197//3197 3196//3196 3235//3235
f 3198//3198 3236//3236 3237//3237
f 3198//3198 3197//3197 3236//3236
f 3204//3204 3242//3242 3243//3243
f 3204//3204 3243//3243 3205//3205
f 3199//3199 3237//3237 3238//3238
f 3199//3199 3198//3198 3237//3237
f 3203//3203 3241//3241 3242//3242
f 3203//3203 3242//3242 3204//3204
f 3200//3200 3238//3238 3239//3239
f 3200//3200 3199//3199 3238//3238
f 3202//3202 3240//3240 3241//3241
f 3202//3202 3241//3241 3203//3203
f 3201//3201 3239//3239 3240//3240
f 3201//3201 3240//3240 3202//3202
f 3201//3201 3200//3200 3239//3239
